path,dataset,speaker_id,emotion,original_label,file_id,file_name,split
C:\Users\34722\OneDrive\Escritorio\TFG\Reconocimiento emociones audio\RavdessTessSavee\datos_crudos\ravdess\Audio_Speech_Actors_01-24\Actor_01\03-01-03-01-01-01-01.wav,RAVDESS,01,happy,03,03-01-03-01-01-01-01,03-01-03-01-01-01-01.wav,train
C:\Users\34722\OneDrive\Escritorio\TFG\Reconocimiento emociones audio\RavdessTessSavee\datos_crudos\ravdess\Audio_Speech_Actors_01-24\Actor_01\03-01-03-01-01-02-01.wav,RAVDESS,01,happy,03,03-01-03-01-01-02-01,03-01-03-01-01-02-01.wav,train
C:\Users\34722\OneDrive\Escritorio\TFG\Reconocimiento emociones audio\RavdessTessSavee\datos_crudos\ravdess\Audio_Speech_Actors_01-24\Actor_01\03-01-03-01-02-01-01.wav,RAVDESS,01,happy,03,03-01-03-01-02-01-01,03-01-03-01-02-01-01.wav,test
C:\Users\34722\OneDrive\Escritorio\TFG\Reconocimiento emociones audio\RavdessTessSavee\datos_crudos\ravdess\Audio_Speech_Actors_01-24\Actor_01\03-01-03-01-02-02-01.wav,RAVDESS,01,happy,03,03-01-03-01-02-02-01,03-01-03-01-02-02-01.wav,train
C:\Users\34722\OneDrive\Escritorio\TFG\Reconocimiento emociones audio\RavdessTessSavee\datos_crudos\ravdess\Audio_Speech_Actors_01-24\Actor_01\03-01-03-02-01-01-01.wav,RAVDESS,01,happy,03,03-01-03-02-01-01-01,03-01-03-02-01-01-01.wav,train
C:\Users\34722\OneDrive\Escritorio\TFG\Reconocimiento emociones audio\RavdessTessSavee\datos_crudos\ravdess\Audio_Speech_Actors_01-24\Actor_01\03-01-03-02-01-02-01.wav,RAVDESS,01,happy,03,03-01-03-02-01-02-01,03-01-03-02-01-02-01.wav,test
C:\Users\34722\OneDrive\Escritorio\TFG\Reconocimiento emociones audio\RavdessTessSavee\datos_crudos\ravdess\Audio_Speech_Actors_01-24\Actor_01\03-01-03-02-02-01-01.wav,RAVDESS,01,happy,03,03-01-03-02-02-01-01,03-01-03-02-02-01-01.wav,train
C:\Users\34722\OneDrive\Escritorio\TFG\Reconocimiento emociones audio\RavdessTessSavee\datos_crudos\ravdess\Audio_Speech_Actors_01-24\Actor_01\03-01-03-02-02-02-01.wav,RAVDESS,01,happy,03,03-01-03-02-02-02-01,03-01-03-02-02-02-01.wav,train
C:\Users\34722\OneDrive\Escritorio\TFG\Reconocimiento emociones audio\RavdessTessSavee\datos_crudos\ravdess\Audio_Speech_Actors_01-24\Actor_01\03-01-04-01-01-01-01.wav,RAVDESS,01,sad,04,03-01-04-01-01-01-01,03-01-04-01-01-01-01.wav,train
C:\Users\34722\OneDrive\Escritorio\TFG\Reconocimiento emociones audio\RavdessTessSavee\datos_crudos\ravdess\Audio_Speech_Actors_01-24\Actor_01\03-01-04-01-01-02-01.wav,RAVDESS,01,sad,04,03-01-04-01-01-02-01,03-01-04-01-01-02-01.wav,valid
C:\Users\34722\OneDrive\Escritorio\TFG\Reconocimiento emociones audio\RavdessTessSavee\datos_crudos\ravdess\Audio_Speech_Actors_01-24\Actor_01\03-01-04-01-02-01-01.wav,RAVDESS,01,sad,04,03-01-04-01-02-01-01,03-01-04-01-02-01-01.wav,train
C:\Users\34722\OneDrive\Escritorio\TFG\Reconocimiento emociones audio\RavdessTessSavee\datos_crudos\ravdess\Audio_Speech_Actors_01-24\Actor_01\03-01-04-01-02-02-01.wav,RAVDESS,01,sad,04,03-01-04-01-02-02-01,03-01-04-01-02-02-01.wav,test
C:\Users\34722\OneDrive\Escritorio\TFG\Reconocimiento emociones audio\RavdessTessSavee\datos_crudos\ravdess\Audio_Speech_Actors_01-24\Actor_01\03-01-04-02-01-01-01.wav,RAVDESS,01,sad,04,03-01-04-02-01-01-01,03-01-04-02-01-01-01.wav,train
C:\Users\34722\OneDrive\Escritorio\TFG\Reconocimiento emociones audio\RavdessTessSavee\datos_crudos\ravdess\Audio_Speech_Actors_01-24\Actor_01\03-01-04-02-01-02-01.wav,RAVDESS,01,sad,04,03-01-04-02-01-02-01,03-01-04-02-01-02-01.wav,train
C:\Users\34722\OneDrive\Escritorio\TFG\Reconocimiento emociones audio\RavdessTessSavee\datos_crudos\ravdess\Audio_Speech_Actors_01-24\Actor_01\03-01-04-02-02-01-01.wav,RAVDESS,01,sad,04,03-01-04-02-02-01-01,03-01-04-02-02-01-01.wav,train
C:\Users\34722\OneDrive\Escritorio\TFG\Reconocimiento emociones audio\RavdessTessSavee\datos_crudos\ravdess\Audio_Speech_Actors_01-24\Actor_01\03-01-04-02-02-02-01.wav,RAVDESS,01,sad,04,03-01-04-02-02-02-01,03-01-04-02-02-02-01.wav,train
C:\Users\34722\OneDrive\Escritorio\TFG\Reconocimiento emociones audio\RavdessTessSavee\datos_crudos\ravdess\Audio_Speech_Actors_01-24\Actor_01\03-01-05-01-01-01-01.wav,RAVDESS,01,angry,05,03-01-05-01-01-01-01,03-01-05-01-01-01-01.wav,valid
C:\Users\34722\OneDrive\Escritorio\TFG\Reconocimiento emociones audio\RavdessTessSavee\datos_crudos\ravdess\Audio_Speech_Actors_01-24\Actor_01\03-01-05-01-01-02-01.wav,RAVDESS,01,angry,05,03-01-05-01-01-02-01,03-01-05-01-01-02-01.wav,train
C:\Users\34722\OneDrive\Escritorio\TFG\Reconocimiento emociones audio\RavdessTessSavee\datos_crudos\ravdess\Audio_Speech_Actors_01-24\Actor_01\03-01-05-01-02-01-01.wav,RAVDESS,01,angry,05,03-01-05-01-02-01-01,03-01-05-01-02-01-01.wav,train
C:\Users\34722\OneDrive\Escritorio\TFG\Reconocimiento emociones audio\RavdessTessSavee\datos_crudos\ravdess\Audio_Speech_Actors_01-24\Actor_01\03-01-05-01-02-02-01.wav,RAVDESS,01,angry,05,03-01-05-01-02-02-01,03-01-05-01-02-02-01.wav,train
C:\Users\34722\OneDrive\Escritorio\TFG\Reconocimiento emociones audio\RavdessTessSavee\datos_crudos\ravdess\Audio_Speech_Actors_01-24\Actor_01\03-01-05-02-01-01-01.wav,RAVDESS,01,angry,05,03-01-05-02-01-01-01,03-01-05-02-01-01-01.wav,train
C:\Users\34722\OneDrive\Escritorio\TFG\Reconocimiento emociones audio\RavdessTessSavee\datos_crudos\ravdess\Audio_Speech_Actors_01-24\Actor_01\03-01-05-02-01-02-01.wav,RAVDESS,01,angry,05,03-01-05-02-01-02-01,03-01-05-02-01-02-01.wav,train
C:\Users\34722\OneDrive\Escritorio\TFG\Reconocimiento emociones audio\RavdessTessSavee\datos_crudos\ravdess\Audio_Speech_Actors_01-24\Actor_01\03-01-05-02-02-01-01.wav,RAVDESS,01,angry,05,03-01-05-02-02-01-01,03-01-05-02-02-01-01.wav,test
C:\Users\34722\OneDrive\Escritorio\TFG\Reconocimiento emociones audio\RavdessTessSavee\datos_crudos\ravdess\Audio_Speech_Actors_01-24\Actor_01\03-01-05-02-02-02-01.wav,RAVDESS,01,angry,05,03-01-05-02-02-02-01,03-01-05-02-02-02-01.wav,train
C:\Users\34722\OneDrive\Escritorio\TFG\Reconocimiento emociones audio\RavdessTessSavee\datos_crudos\ravdess\Audio_Speech_Actors_01-24\Actor_01\03-01-06-01-01-01-01.wav,RAVDESS,01,fearful,06,03-01-06-01-01-01-01,03-01-06-01-01-01-01.wav,valid
C:\Users\34722\OneDrive\Escritorio\TFG\Reconocimiento emociones audio\RavdessTessSavee\datos_crudos\ravdess\Audio_Speech_Actors_01-24\Actor_01\03-01-06-01-01-02-01.wav,RAVDESS,01,fearful,06,03-01-06-01-01-02-01,03-01-06-01-01-02-01.wav,train
C:\Users\34722\OneDrive\Escritorio\TFG\Reconocimiento emociones audio\RavdessTessSavee\datos_crudos\ravdess\Audio_Speech_Actors_01-24\Actor_01\03-01-06-01-02-01-01.wav,RAVDESS,01,fearful,06,03-01-06-01-02-01-01,03-01-06-01-02-01-01.wav,train
C:\Users\34722\OneDrive\Escritorio\TFG\Reconocimiento emociones audio\RavdessTessSavee\datos_crudos\ravdess\Audio_Speech_Actors_01-24\Actor_01\03-01-06-01-02-02-01.wav,RAVDESS,01,fearful,06,03-01-06-01-02-02-01,03-01-06-01-02-02-01.wav,train
C:\Users\34722\OneDrive\Escritorio\TFG\Reconocimiento emociones audio\RavdessTessSavee\datos_crudos\ravdess\Audio_Speech_Actors_01-24\Actor_01\03-01-06-02-01-01-01.wav,RAVDESS,01,fearful,06,03-01-06-02-01-01-01,03-01-06-02-01-01-01.wav,train
C:\Users\34722\OneDrive\Escritorio\TFG\Reconocimiento emociones audio\RavdessTessSavee\datos_crudos\ravdess\Audio_Speech_Actors_01-24\Actor_01\03-01-06-02-01-02-01.wav,RAVDESS,01,fearful,06,03-01-06-02-01-02-01,03-01-06-02-01-02-01.wav,train
C:\Users\34722\OneDrive\Escritorio\TFG\Reconocimiento emociones audio\RavdessTessSavee\datos_crudos\ravdess\Audio_Speech_Actors_01-24\Actor_01\03-01-06-02-02-01-01.wav,RAVDESS,01,fearful,06,03-01-06-02-02-01-01,03-01-06-02-02-01-01.wav,train
C:\Users\34722\OneDrive\Escritorio\TFG\Reconocimiento emociones audio\RavdessTessSavee\datos_crudos\ravdess\Audio_Speech_Actors_01-24\Actor_01\03-01-06-02-02-02-01.wav,RAVDESS,01,fearful,06,03-01-06-02-02-02-01,03-01-06-02-02-02-01.wav,train
C:\Users\34722\OneDrive\Escritorio\TFG\Reconocimiento emociones audio\RavdessTessSavee\datos_crudos\ravdess\Audio_Speech_Actors_01-24\Actor_02\03-01-03-01-01-01-02.wav,RAVDESS,02,happy,03,03-01-03-01-01-01-02,03-01-03-01-01-01-02.wav,train
C:\Users\34722\OneDrive\Escritorio\TFG\Reconocimiento emociones audio\RavdessTessSavee\datos_crudos\ravdess\Audio_Speech_Actors_01-24\Actor_02\03-01-03-01-01-02-02.wav,RAVDESS,02,happy,03,03-01-03-01-01-02-02,03-01-03-01-01-02-02.wav,train
C:\Users\34722\OneDrive\Escritorio\TFG\Reconocimiento emociones audio\RavdessTessSavee\datos_crudos\ravdess\Audio_Speech_Actors_01-24\Actor_02\03-01-03-01-02-01-02.wav,RAVDESS,02,happy,03,03-01-03-01-02-01-02,03-01-03-01-02-01-02.wav,train
C:\Users\34722\OneDrive\Escritorio\TFG\Reconocimiento emociones audio\RavdessTessSavee\datos_crudos\ravdess\Audio_Speech_Actors_01-24\Actor_02\03-01-03-01-02-02-02.wav,RAVDESS,02,happy,03,03-01-03-01-02-02-02,03-01-03-01-02-02-02.wav,train
C:\Users\34722\OneDrive\Escritorio\TFG\Reconocimiento emociones audio\RavdessTessSavee\datos_crudos\ravdess\Audio_Speech_Actors_01-24\Actor_02\03-01-03-02-01-01-02.wav,RAVDESS,02,happy,03,03-01-03-02-01-01-02,03-01-03-02-01-01-02.wav,train
C:\Users\34722\OneDrive\Escritorio\TFG\Reconocimiento emociones audio\RavdessTessSavee\datos_crudos\ravdess\Audio_Speech_Actors_01-24\Actor_02\03-01-03-02-01-02-02.wav,RAVDESS,02,happy,03,03-01-03-02-01-02-02,03-01-03-02-01-02-02.wav,valid
C:\Users\34722\OneDrive\Escritorio\TFG\Reconocimiento emociones audio\RavdessTessSavee\datos_crudos\ravdess\Audio_Speech_Actors_01-24\Actor_02\03-01-03-02-02-01-02.wav,RAVDESS,02,happy,03,03-01-03-02-02-01-02,03-01-03-02-02-01-02.wav,train
C:\Users\34722\OneDrive\Escritorio\TFG\Reconocimiento emociones audio\RavdessTessSavee\datos_crudos\ravdess\Audio_Speech_Actors_01-24\Actor_02\03-01-03-02-02-02-02.wav,RAVDESS,02,happy,03,03-01-03-02-02-02-02,03-01-03-02-02-02-02.wav,train
C:\Users\34722\OneDrive\Escritorio\TFG\Reconocimiento emociones audio\RavdessTessSavee\datos_crudos\ravdess\Audio_Speech_Actors_01-24\Actor_02\03-01-04-01-01-01-02.wav,RAVDESS,02,sad,04,03-01-04-01-01-01-02,03-01-04-01-01-01-02.wav,valid
C:\Users\34722\OneDrive\Escritorio\TFG\Reconocimiento emociones audio\RavdessTessSavee\datos_crudos\ravdess\Audio_Speech_Actors_01-24\Actor_02\03-01-04-01-01-02-02.wav,RAVDESS,02,sad,04,03-01-04-01-01-02-02,03-01-04-01-01-02-02.wav,train
C:\Users\34722\OneDrive\Escritorio\TFG\Reconocimiento emociones audio\RavdessTessSavee\datos_crudos\ravdess\Audio_Speech_Actors_01-24\Actor_02\03-01-04-01-02-01-02.wav,RAVDESS,02,sad,04,03-01-04-01-02-01-02,03-01-04-01-02-01-02.wav,train
C:\Users\34722\OneDrive\Escritorio\TFG\Reconocimiento emociones audio\RavdessTessSavee\datos_crudos\ravdess\Audio_Speech_Actors_01-24\Actor_02\03-01-04-01-02-02-02.wav,RAVDESS,02,sad,04,03-01-04-01-02-02-02,03-01-04-01-02-02-02.wav,valid
C:\Users\34722\OneDrive\Escritorio\TFG\Reconocimiento emociones audio\RavdessTessSavee\datos_crudos\ravdess\Audio_Speech_Actors_01-24\Actor_02\03-01-04-02-01-01-02.wav,RAVDESS,02,sad,04,03-01-04-02-01-01-02,03-01-04-02-01-01-02.wav,train
C:\Users\34722\OneDrive\Escritorio\TFG\Reconocimiento emociones audio\RavdessTessSavee\datos_crudos\ravdess\Audio_Speech_Actors_01-24\Actor_02\03-01-04-02-01-02-02.wav,RAVDESS,02,sad,04,03-01-04-02-01-02-02,03-01-04-02-01-02-02.wav,valid
C:\Users\34722\OneDrive\Escritorio\TFG\Reconocimiento emociones audio\RavdessTessSavee\datos_crudos\ravdess\Audio_Speech_Actors_01-24\Actor_02\03-01-04-02-02-01-02.wav,RAVDESS,02,sad,04,03-01-04-02-02-01-02,03-01-04-02-02-01-02.wav,train
C:\Users\34722\OneDrive\Escritorio\TFG\Reconocimiento emociones audio\RavdessTessSavee\datos_crudos\ravdess\Audio_Speech_Actors_01-24\Actor_02\03-01-04-02-02-02-02.wav,RAVDESS,02,sad,04,03-01-04-02-02-02-02,03-01-04-02-02-02-02.wav,train
C:\Users\34722\OneDrive\Escritorio\TFG\Reconocimiento emociones audio\RavdessTessSavee\datos_crudos\ravdess\Audio_Speech_Actors_01-24\Actor_02\03-01-05-01-01-01-02.wav,RAVDESS,02,angry,05,03-01-05-01-01-01-02,03-01-05-01-01-01-02.wav,train
C:\Users\34722\OneDrive\Escritorio\TFG\Reconocimiento emociones audio\RavdessTessSavee\datos_crudos\ravdess\Audio_Speech_Actors_01-24\Actor_02\03-01-05-01-01-02-02.wav,RAVDESS,02,angry,05,03-01-05-01-01-02-02,03-01-05-01-01-02-02.wav,train
C:\Users\34722\OneDrive\Escritorio\TFG\Reconocimiento emociones audio\RavdessTessSavee\datos_crudos\ravdess\Audio_Speech_Actors_01-24\Actor_02\03-01-05-01-02-01-02.wav,RAVDESS,02,angry,05,03-01-05-01-02-01-02,03-01-05-01-02-01-02.wav,train
C:\Users\34722\OneDrive\Escritorio\TFG\Reconocimiento emociones audio\RavdessTessSavee\datos_crudos\ravdess\Audio_Speech_Actors_01-24\Actor_02\03-01-05-01-02-02-02.wav,RAVDESS,02,angry,05,03-01-05-01-02-02-02,03-01-05-01-02-02-02.wav,train
C:\Users\34722\OneDrive\Escritorio\TFG\Reconocimiento emociones audio\RavdessTessSavee\datos_crudos\ravdess\Audio_Speech_Actors_01-24\Actor_02\03-01-05-02-01-01-02.wav,RAVDESS,02,angry,05,03-01-05-02-01-01-02,03-01-05-02-01-01-02.wav,train
C:\Users\34722\OneDrive\Escritorio\TFG\Reconocimiento emociones audio\RavdessTessSavee\datos_crudos\ravdess\Audio_Speech_Actors_01-24\Actor_02\03-01-05-02-01-02-02.wav,RAVDESS,02,angry,05,03-01-05-02-01-02-02,03-01-05-02-01-02-02.wav,train
C:\Users\34722\OneDrive\Escritorio\TFG\Reconocimiento emociones audio\RavdessTessSavee\datos_crudos\ravdess\Audio_Speech_Actors_01-24\Actor_02\03-01-05-02-02-01-02.wav,RAVDESS,02,angry,05,03-01-05-02-02-01-02,03-01-05-02-02-01-02.wav,test
C:\Users\34722\OneDrive\Escritorio\TFG\Reconocimiento emociones audio\RavdessTessSavee\datos_crudos\ravdess\Audio_Speech_Actors_01-24\Actor_02\03-01-05-02-02-02-02.wav,RAVDESS,02,angry,05,03-01-05-02-02-02-02,03-01-05-02-02-02-02.wav,train
C:\Users\34722\OneDrive\Escritorio\TFG\Reconocimiento emociones audio\RavdessTessSavee\datos_crudos\ravdess\Audio_Speech_Actors_01-24\Actor_02\03-01-06-01-01-01-02.wav,RAVDESS,02,fearful,06,03-01-06-01-01-01-02,03-01-06-01-01-01-02.wav,valid
C:\Users\34722\OneDrive\Escritorio\TFG\Reconocimiento emociones audio\RavdessTessSavee\datos_crudos\ravdess\Audio_Speech_Actors_01-24\Actor_02\03-01-06-01-01-02-02.wav,RAVDESS,02,fearful,06,03-01-06-01-01-02-02,03-01-06-01-01-02-02.wav,train
C:\Users\34722\OneDrive\Escritorio\TFG\Reconocimiento emociones audio\RavdessTessSavee\datos_crudos\ravdess\Audio_Speech_Actors_01-24\Actor_02\03-01-06-01-02-01-02.wav,RAVDESS,02,fearful,06,03-01-06-01-02-01-02,03-01-06-01-02-01-02.wav,valid
C:\Users\34722\OneDrive\Escritorio\TFG\Reconocimiento emociones audio\RavdessTessSavee\datos_crudos\ravdess\Audio_Speech_Actors_01-24\Actor_02\03-01-06-01-02-02-02.wav,RAVDESS,02,fearful,06,03-01-06-01-02-02-02,03-01-06-01-02-02-02.wav,train
C:\Users\34722\OneDrive\Escritorio\TFG\Reconocimiento emociones audio\RavdessTessSavee\datos_crudos\ravdess\Audio_Speech_Actors_01-24\Actor_02\03-01-06-02-01-01-02.wav,RAVDESS,02,fearful,06,03-01-06-02-01-01-02,03-01-06-02-01-01-02.wav,train
C:\Users\34722\OneDrive\Escritorio\TFG\Reconocimiento emociones audio\RavdessTessSavee\datos_crudos\ravdess\Audio_Speech_Actors_01-24\Actor_02\03-01-06-02-01-02-02.wav,RAVDESS,02,fearful,06,03-01-06-02-01-02-02,03-01-06-02-01-02-02.wav,train
C:\Users\34722\OneDrive\Escritorio\TFG\Reconocimiento emociones audio\RavdessTessSavee\datos_crudos\ravdess\Audio_Speech_Actors_01-24\Actor_02\03-01-06-02-02-01-02.wav,RAVDESS,02,fearful,06,03-01-06-02-02-01-02,03-01-06-02-02-01-02.wav,valid
C:\Users\34722\OneDrive\Escritorio\TFG\Reconocimiento emociones audio\RavdessTessSavee\datos_crudos\ravdess\Audio_Speech_Actors_01-24\Actor_02\03-01-06-02-02-02-02.wav,RAVDESS,02,fearful,06,03-01-06-02-02-02-02,03-01-06-02-02-02-02.wav,train
C:\Users\34722\OneDrive\Escritorio\TFG\Reconocimiento emociones audio\RavdessTessSavee\datos_crudos\ravdess\Audio_Speech_Actors_01-24\Actor_03\03-01-03-01-01-01-03.wav,RAVDESS,03,happy,03,03-01-03-01-01-01-03,03-01-03-01-01-01-03.wav,valid
C:\Users\34722\OneDrive\Escritorio\TFG\Reconocimiento emociones audio\RavdessTessSavee\datos_crudos\ravdess\Audio_Speech_Actors_01-24\Actor_03\03-01-03-01-01-02-03.wav,RAVDESS,03,happy,03,03-01-03-01-01-02-03,03-01-03-01-01-02-03.wav,train
C:\Users\34722\OneDrive\Escritorio\TFG\Reconocimiento emociones audio\RavdessTessSavee\datos_crudos\ravdess\Audio_Speech_Actors_01-24\Actor_03\03-01-03-01-02-01-03.wav,RAVDESS,03,happy,03,03-01-03-01-02-01-03,03-01-03-01-02-01-03.wav,train
C:\Users\34722\OneDrive\Escritorio\TFG\Reconocimiento emociones audio\RavdessTessSavee\datos_crudos\ravdess\Audio_Speech_Actors_01-24\Actor_03\03-01-03-01-02-02-03.wav,RAVDESS,03,happy,03,03-01-03-01-02-02-03,03-01-03-01-02-02-03.wav,train
C:\Users\34722\OneDrive\Escritorio\TFG\Reconocimiento emociones audio\RavdessTessSavee\datos_crudos\ravdess\Audio_Speech_Actors_01-24\Actor_03\03-01-03-02-01-01-03.wav,RAVDESS,03,happy,03,03-01-03-02-01-01-03,03-01-03-02-01-01-03.wav,train
C:\Users\34722\OneDrive\Escritorio\TFG\Reconocimiento emociones audio\RavdessTessSavee\datos_crudos\ravdess\Audio_Speech_Actors_01-24\Actor_03\03-01-03-02-01-02-03.wav,RAVDESS,03,happy,03,03-01-03-02-01-02-03,03-01-03-02-01-02-03.wav,train
C:\Users\34722\OneDrive\Escritorio\TFG\Reconocimiento emociones audio\RavdessTessSavee\datos_crudos\ravdess\Audio_Speech_Actors_01-24\Actor_03\03-01-03-02-02-01-03.wav,RAVDESS,03,happy,03,03-01-03-02-02-01-03,03-01-03-02-02-01-03.wav,valid
C:\Users\34722\OneDrive\Escritorio\TFG\Reconocimiento emociones audio\RavdessTessSavee\datos_crudos\ravdess\Audio_Speech_Actors_01-24\Actor_03\03-01-03-02-02-02-03.wav,RAVDESS,03,happy,03,03-01-03-02-02-02-03,03-01-03-02-02-02-03.wav,train
C:\Users\34722\OneDrive\Escritorio\TFG\Reconocimiento emociones audio\RavdessTessSavee\datos_crudos\ravdess\Audio_Speech_Actors_01-24\Actor_03\03-01-04-01-01-01-03.wav,RAVDESS,03,sad,04,03-01-04-01-01-01-03,03-01-04-01-01-01-03.wav,train
C:\Users\34722\OneDrive\Escritorio\TFG\Reconocimiento emociones audio\RavdessTessSavee\datos_crudos\ravdess\Audio_Speech_Actors_01-24\Actor_03\03-01-04-01-01-02-03.wav,RAVDESS,03,sad,04,03-01-04-01-01-02-03,03-01-04-01-01-02-03.wav,train
C:\Users\34722\OneDrive\Escritorio\TFG\Reconocimiento emociones audio\RavdessTessSavee\datos_crudos\ravdess\Audio_Speech_Actors_01-24\Actor_03\03-01-04-01-02-01-03.wav,RAVDESS,03,sad,04,03-01-04-01-02-01-03,03-01-04-01-02-01-03.wav,train
C:\Users\34722\OneDrive\Escritorio\TFG\Reconocimiento emociones audio\RavdessTessSavee\datos_crudos\ravdess\Audio_Speech_Actors_01-24\Actor_03\03-01-04-01-02-02-03.wav,RAVDESS,03,sad,04,03-01-04-01-02-02-03,03-01-04-01-02-02-03.wav,train
C:\Users\34722\OneDrive\Escritorio\TFG\Reconocimiento emociones audio\RavdessTessSavee\datos_crudos\ravdess\Audio_Speech_Actors_01-24\Actor_03\03-01-04-02-01-01-03.wav,RAVDESS,03,sad,04,03-01-04-02-01-01-03,03-01-04-02-01-01-03.wav,train
C:\Users\34722\OneDrive\Escritorio\TFG\Reconocimiento emociones audio\RavdessTessSavee\datos_crudos\ravdess\Audio_Speech_Actors_01-24\Actor_03\03-01-04-02-01-02-03.wav,RAVDESS,03,sad,04,03-01-04-02-01-02-03,03-01-04-02-01-02-03.wav,train
C:\Users\34722\OneDrive\Escritorio\TFG\Reconocimiento emociones audio\RavdessTessSavee\datos_crudos\ravdess\Audio_Speech_Actors_01-24\Actor_03\03-01-04-02-02-01-03.wav,RAVDESS,03,sad,04,03-01-04-02-02-01-03,03-01-04-02-02-01-03.wav,train
C:\Users\34722\OneDrive\Escritorio\TFG\Reconocimiento emociones audio\RavdessTessSavee\datos_crudos\ravdess\Audio_Speech_Actors_01-24\Actor_03\03-01-04-02-02-02-03.wav,RAVDESS,03,sad,04,03-01-04-02-02-02-03,03-01-04-02-02-02-03.wav,train
C:\Users\34722\OneDrive\Escritorio\TFG\Reconocimiento emociones audio\RavdessTessSavee\datos_crudos\ravdess\Audio_Speech_Actors_01-24\Actor_03\03-01-05-01-01-01-03.wav,RAVDESS,03,angry,05,03-01-05-01-01-01-03,03-01-05-01-01-01-03.wav,train
C:\Users\34722\OneDrive\Escritorio\TFG\Reconocimiento emociones audio\RavdessTessSavee\datos_crudos\ravdess\Audio_Speech_Actors_01-24\Actor_03\03-01-05-01-01-02-03.wav,RAVDESS,03,angry,05,03-01-05-01-01-02-03,03-01-05-01-01-02-03.wav,train
C:\Users\34722\OneDrive\Escritorio\TFG\Reconocimiento emociones audio\RavdessTessSavee\datos_crudos\ravdess\Audio_Speech_Actors_01-24\Actor_03\03-01-05-01-02-01-03.wav,RAVDESS,03,angry,05,03-01-05-01-02-01-03,03-01-05-01-02-01-03.wav,train
C:\Users\34722\OneDrive\Escritorio\TFG\Reconocimiento emociones audio\RavdessTessSavee\datos_crudos\ravdess\Audio_Speech_Actors_01-24\Actor_03\03-01-05-01-02-02-03.wav,RAVDESS,03,angry,05,03-01-05-01-02-02-03,03-01-05-01-02-02-03.wav,train
C:\Users\34722\OneDrive\Escritorio\TFG\Reconocimiento emociones audio\RavdessTessSavee\datos_crudos\ravdess\Audio_Speech_Actors_01-24\Actor_03\03-01-05-02-01-01-03.wav,RAVDESS,03,angry,05,03-01-05-02-01-01-03,03-01-05-02-01-01-03.wav,valid
C:\Users\34722\OneDrive\Escritorio\TFG\Reconocimiento emociones audio\RavdessTessSavee\datos_crudos\ravdess\Audio_Speech_Actors_01-24\Actor_03\03-01-05-02-01-02-03.wav,RAVDESS,03,angry,05,03-01-05-02-01-02-03,03-01-05-02-01-02-03.wav,train
C:\Users\34722\OneDrive\Escritorio\TFG\Reconocimiento emociones audio\RavdessTessSavee\datos_crudos\ravdess\Audio_Speech_Actors_01-24\Actor_03\03-01-05-02-02-01-03.wav,RAVDESS,03,angry,05,03-01-05-02-02-01-03,03-01-05-02-02-01-03.wav,train
C:\Users\34722\OneDrive\Escritorio\TFG\Reconocimiento emociones audio\RavdessTessSavee\datos_crudos\ravdess\Audio_Speech_Actors_01-24\Actor_03\03-01-05-02-02-02-03.wav,RAVDESS,03,angry,05,03-01-05-02-02-02-03,03-01-05-02-02-02-03.wav,train
C:\Users\34722\OneDrive\Escritorio\TFG\Reconocimiento emociones audio\RavdessTessSavee\datos_crudos\ravdess\Audio_Speech_Actors_01-24\Actor_03\03-01-06-01-01-01-03.wav,RAVDESS,03,fearful,06,03-01-06-01-01-01-03,03-01-06-01-01-01-03.wav,valid
C:\Users\34722\OneDrive\Escritorio\TFG\Reconocimiento emociones audio\RavdessTessSavee\datos_crudos\ravdess\Audio_Speech_Actors_01-24\Actor_03\03-01-06-01-01-02-03.wav,RAVDESS,03,fearful,06,03-01-06-01-01-02-03,03-01-06-01-01-02-03.wav,train
C:\Users\34722\OneDrive\Escritorio\TFG\Reconocimiento emociones audio\RavdessTessSavee\datos_crudos\ravdess\Audio_Speech_Actors_01-24\Actor_03\03-01-06-01-02-01-03.wav,RAVDESS,03,fearful,06,03-01-06-01-02-01-03,03-01-06-01-02-01-03.wav,train
C:\Users\34722\OneDrive\Escritorio\TFG\Reconocimiento emociones audio\RavdessTessSavee\datos_crudos\ravdess\Audio_Speech_Actors_01-24\Actor_03\03-01-06-01-02-02-03.wav,RAVDESS,03,fearful,06,03-01-06-01-02-02-03,03-01-06-01-02-02-03.wav,valid
C:\Users\34722\OneDrive\Escritorio\TFG\Reconocimiento emociones audio\RavdessTessSavee\datos_crudos\ravdess\Audio_Speech_Actors_01-24\Actor_03\03-01-06-02-01-01-03.wav,RAVDESS,03,fearful,06,03-01-06-02-01-01-03,03-01-06-02-01-01-03.wav,test
C:\Users\34722\OneDrive\Escritorio\TFG\Reconocimiento emociones audio\RavdessTessSavee\datos_crudos\ravdess\Audio_Speech_Actors_01-24\Actor_03\03-01-06-02-01-02-03.wav,RAVDESS,03,fearful,06,03-01-06-02-01-02-03,03-01-06-02-01-02-03.wav,valid
C:\Users\34722\OneDrive\Escritorio\TFG\Reconocimiento emociones audio\RavdessTessSavee\datos_crudos\ravdess\Audio_Speech_Actors_01-24\Actor_03\03-01-06-02-02-01-03.wav,RAVDESS,03,fearful,06,03-01-06-02-02-01-03,03-01-06-02-02-01-03.wav,train
C:\Users\34722\OneDrive\Escritorio\TFG\Reconocimiento emociones audio\RavdessTessSavee\datos_crudos\ravdess\Audio_Speech_Actors_01-24\Actor_03\03-01-06-02-02-02-03.wav,RAVDESS,03,fearful,06,03-01-06-02-02-02-03,03-01-06-02-02-02-03.wav,test
C:\Users\34722\OneDrive\Escritorio\TFG\Reconocimiento emociones audio\RavdessTessSavee\datos_crudos\ravdess\Audio_Speech_Actors_01-24\Actor_04\03-01-03-01-01-01-04.wav,RAVDESS,04,happy,03,03-01-03-01-01-01-04,03-01-03-01-01-01-04.wav,train
C:\Users\34722\OneDrive\Escritorio\TFG\Reconocimiento emociones audio\RavdessTessSavee\datos_crudos\ravdess\Audio_Speech_Actors_01-24\Actor_04\03-01-03-01-01-02-04.wav,RAVDESS,04,happy,03,03-01-03-01-01-02-04,03-01-03-01-01-02-04.wav,train
C:\Users\34722\OneDrive\Escritorio\TFG\Reconocimiento emociones audio\RavdessTessSavee\datos_crudos\ravdess\Audio_Speech_Actors_01-24\Actor_04\03-01-03-01-02-01-04.wav,RAVDESS,04,happy,03,03-01-03-01-02-01-04,03-01-03-01-02-01-04.wav,train
C:\Users\34722\OneDrive\Escritorio\TFG\Reconocimiento emociones audio\RavdessTessSavee\datos_crudos\ravdess\Audio_Speech_Actors_01-24\Actor_04\03-01-03-01-02-02-04.wav,RAVDESS,04,happy,03,03-01-03-01-02-02-04,03-01-03-01-02-02-04.wav,train
C:\Users\34722\OneDrive\Escritorio\TFG\Reconocimiento emociones audio\RavdessTessSavee\datos_crudos\ravdess\Audio_Speech_Actors_01-24\Actor_04\03-01-03-02-01-01-04.wav,RAVDESS,04,happy,03,03-01-03-02-01-01-04,03-01-03-02-01-01-04.wav,test
C:\Users\34722\OneDrive\Escritorio\TFG\Reconocimiento emociones audio\RavdessTessSavee\datos_crudos\ravdess\Audio_Speech_Actors_01-24\Actor_04\03-01-03-02-01-02-04.wav,RAVDESS,04,happy,03,03-01-03-02-01-02-04,03-01-03-02-01-02-04.wav,test
C:\Users\34722\OneDrive\Escritorio\TFG\Reconocimiento emociones audio\RavdessTessSavee\datos_crudos\ravdess\Audio_Speech_Actors_01-24\Actor_04\03-01-03-02-02-01-04.wav,RAVDESS,04,happy,03,03-01-03-02-02-01-04,03-01-03-02-02-01-04.wav,train
C:\Users\34722\OneDrive\Escritorio\TFG\Reconocimiento emociones audio\RavdessTessSavee\datos_crudos\ravdess\Audio_Speech_Actors_01-24\Actor_04\03-01-03-02-02-02-04.wav,RAVDESS,04,happy,03,03-01-03-02-02-02-04,03-01-03-02-02-02-04.wav,train
C:\Users\34722\OneDrive\Escritorio\TFG\Reconocimiento emociones audio\RavdessTessSavee\datos_crudos\ravdess\Audio_Speech_Actors_01-24\Actor_04\03-01-04-01-01-01-04.wav,RAVDESS,04,sad,04,03-01-04-01-01-01-04,03-01-04-01-01-01-04.wav,valid
C:\Users\34722\OneDrive\Escritorio\TFG\Reconocimiento emociones audio\RavdessTessSavee\datos_crudos\ravdess\Audio_Speech_Actors_01-24\Actor_04\03-01-04-01-01-02-04.wav,RAVDESS,04,sad,04,03-01-04-01-01-02-04,03-01-04-01-01-02-04.wav,train
C:\Users\34722\OneDrive\Escritorio\TFG\Reconocimiento emociones audio\RavdessTessSavee\datos_crudos\ravdess\Audio_Speech_Actors_01-24\Actor_04\03-01-04-01-02-01-04.wav,RAVDESS,04,sad,04,03-01-04-01-02-01-04,03-01-04-01-02-01-04.wav,train
C:\Users\34722\OneDrive\Escritorio\TFG\Reconocimiento emociones audio\RavdessTessSavee\datos_crudos\ravdess\Audio_Speech_Actors_01-24\Actor_04\03-01-04-01-02-02-04.wav,RAVDESS,04,sad,04,03-01-04-01-02-02-04,03-01-04-01-02-02-04.wav,test
C:\Users\34722\OneDrive\Escritorio\TFG\Reconocimiento emociones audio\RavdessTessSavee\datos_crudos\ravdess\Audio_Speech_Actors_01-24\Actor_04\03-01-04-02-01-01-04.wav,RAVDESS,04,sad,04,03-01-04-02-01-01-04,03-01-04-02-01-01-04.wav,train
C:\Users\34722\OneDrive\Escritorio\TFG\Reconocimiento emociones audio\RavdessTessSavee\datos_crudos\ravdess\Audio_Speech_Actors_01-24\Actor_04\03-01-04-02-01-02-04.wav,RAVDESS,04,sad,04,03-01-04-02-01-02-04,03-01-04-02-01-02-04.wav,valid
C:\Users\34722\OneDrive\Escritorio\TFG\Reconocimiento emociones audio\RavdessTessSavee\datos_crudos\ravdess\Audio_Speech_Actors_01-24\Actor_04\03-01-04-02-02-01-04.wav,RAVDESS,04,sad,04,03-01-04-02-02-01-04,03-01-04-02-02-01-04.wav,train
C:\Users\34722\OneDrive\Escritorio\TFG\Reconocimiento emociones audio\RavdessTessSavee\datos_crudos\ravdess\Audio_Speech_Actors_01-24\Actor_04\03-01-04-02-02-02-04.wav,RAVDESS,04,sad,04,03-01-04-02-02-02-04,03-01-04-02-02-02-04.wav,valid
C:\Users\34722\OneDrive\Escritorio\TFG\Reconocimiento emociones audio\RavdessTessSavee\datos_crudos\ravdess\Audio_Speech_Actors_01-24\Actor_04\03-01-05-01-01-01-04.wav,RAVDESS,04,angry,05,03-01-05-01-01-01-04,03-01-05-01-01-01-04.wav,train
C:\Users\34722\OneDrive\Escritorio\TFG\Reconocimiento emociones audio\RavdessTessSavee\datos_crudos\ravdess\Audio_Speech_Actors_01-24\Actor_04\03-01-05-01-01-02-04.wav,RAVDESS,04,angry,05,03-01-05-01-01-02-04,03-01-05-01-01-02-04.wav,train
C:\Users\34722\OneDrive\Escritorio\TFG\Reconocimiento emociones audio\RavdessTessSavee\datos_crudos\ravdess\Audio_Speech_Actors_01-24\Actor_04\03-01-05-01-02-01-04.wav,RAVDESS,04,angry,05,03-01-05-01-02-01-04,03-01-05-01-02-01-04.wav,train
C:\Users\34722\OneDrive\Escritorio\TFG\Reconocimiento emociones audio\RavdessTessSavee\datos_crudos\ravdess\Audio_Speech_Actors_01-24\Actor_04\03-01-05-01-02-02-04.wav,RAVDESS,04,angry,05,03-01-05-01-02-02-04,03-01-05-01-02-02-04.wav,train
C:\Users\34722\OneDrive\Escritorio\TFG\Reconocimiento emociones audio\RavdessTessSavee\datos_crudos\ravdess\Audio_Speech_Actors_01-24\Actor_04\03-01-05-02-01-01-04.wav,RAVDESS,04,angry,05,03-01-05-02-01-01-04,03-01-05-02-01-01-04.wav,test
C:\Users\34722\OneDrive\Escritorio\TFG\Reconocimiento emociones audio\RavdessTessSavee\datos_crudos\ravdess\Audio_Speech_Actors_01-24\Actor_04\03-01-05-02-01-02-04.wav,RAVDESS,04,angry,05,03-01-05-02-01-02-04,03-01-05-02-01-02-04.wav,test
C:\Users\34722\OneDrive\Escritorio\TFG\Reconocimiento emociones audio\RavdessTessSavee\datos_crudos\ravdess\Audio_Speech_Actors_01-24\Actor_04\03-01-05-02-02-01-04.wav,RAVDESS,04,angry,05,03-01-05-02-02-01-04,03-01-05-02-02-01-04.wav,test
C:\Users\34722\OneDrive\Escritorio\TFG\Reconocimiento emociones audio\RavdessTessSavee\datos_crudos\ravdess\Audio_Speech_Actors_01-24\Actor_04\03-01-05-02-02-02-04.wav,RAVDESS,04,angry,05,03-01-05-02-02-02-04,03-01-05-02-02-02-04.wav,train
C:\Users\34722\OneDrive\Escritorio\TFG\Reconocimiento emociones audio\RavdessTessSavee\datos_crudos\ravdess\Audio_Speech_Actors_01-24\Actor_04\03-01-06-01-01-01-04.wav,RAVDESS,04,fearful,06,03-01-06-01-01-01-04,03-01-06-01-01-01-04.wav,train
C:\Users\34722\OneDrive\Escritorio\TFG\Reconocimiento emociones audio\RavdessTessSavee\datos_crudos\ravdess\Audio_Speech_Actors_01-24\Actor_04\03-01-06-01-01-02-04.wav,RAVDESS,04,fearful,06,03-01-06-01-01-02-04,03-01-06-01-01-02-04.wav,valid
C:\Users\34722\OneDrive\Escritorio\TFG\Reconocimiento emociones audio\RavdessTessSavee\datos_crudos\ravdess\Audio_Speech_Actors_01-24\Actor_04\03-01-06-01-02-01-04.wav,RAVDESS,04,fearful,06,03-01-06-01-02-01-04,03-01-06-01-02-01-04.wav,train
C:\Users\34722\OneDrive\Escritorio\TFG\Reconocimiento emociones audio\RavdessTessSavee\datos_crudos\ravdess\Audio_Speech_Actors_01-24\Actor_04\03-01-06-01-02-02-04.wav,RAVDESS,04,fearful,06,03-01-06-01-02-02-04,03-01-06-01-02-02-04.wav,train
C:\Users\34722\OneDrive\Escritorio\TFG\Reconocimiento emociones audio\RavdessTessSavee\datos_crudos\ravdess\Audio_Speech_Actors_01-24\Actor_04\03-01-06-02-01-01-04.wav,RAVDESS,04,fearful,06,03-01-06-02-01-01-04,03-01-06-02-01-01-04.wav,train
C:\Users\34722\OneDrive\Escritorio\TFG\Reconocimiento emociones audio\RavdessTessSavee\datos_crudos\ravdess\Audio_Speech_Actors_01-24\Actor_04\03-01-06-02-01-02-04.wav,RAVDESS,04,fearful,06,03-01-06-02-01-02-04,03-01-06-02-01-02-04.wav,train
C:\Users\34722\OneDrive\Escritorio\TFG\Reconocimiento emociones audio\RavdessTessSavee\datos_crudos\ravdess\Audio_Speech_Actors_01-24\Actor_04\03-01-06-02-02-01-04.wav,RAVDESS,04,fearful,06,03-01-06-02-02-01-04,03-01-06-02-02-01-04.wav,test
C:\Users\34722\OneDrive\Escritorio\TFG\Reconocimiento emociones audio\RavdessTessSavee\datos_crudos\ravdess\Audio_Speech_Actors_01-24\Actor_04\03-01-06-02-02-02-04.wav,RAVDESS,04,fearful,06,03-01-06-02-02-02-04,03-01-06-02-02-02-04.wav,train
C:\Users\34722\OneDrive\Escritorio\TFG\Reconocimiento emociones audio\RavdessTessSavee\datos_crudos\ravdess\Audio_Speech_Actors_01-24\Actor_05\03-01-03-01-01-01-05.wav,RAVDESS,05,happy,03,03-01-03-01-01-01-05,03-01-03-01-01-01-05.wav,train
C:\Users\34722\OneDrive\Escritorio\TFG\Reconocimiento emociones audio\RavdessTessSavee\datos_crudos\ravdess\Audio_Speech_Actors_01-24\Actor_05\03-01-03-01-01-02-05.wav,RAVDESS,05,happy,03,03-01-03-01-01-02-05,03-01-03-01-01-02-05.wav,valid
C:\Users\34722\OneDrive\Escritorio\TFG\Reconocimiento emociones audio\RavdessTessSavee\datos_crudos\ravdess\Audio_Speech_Actors_01-24\Actor_05\03-01-03-01-02-01-05.wav,RAVDESS,05,happy,03,03-01-03-01-02-01-05,03-01-03-01-02-01-05.wav,test
C:\Users\34722\OneDrive\Escritorio\TFG\Reconocimiento emociones audio\RavdessTessSavee\datos_crudos\ravdess\Audio_Speech_Actors_01-24\Actor_05\03-01-03-01-02-02-05.wav,RAVDESS,05,happy,03,03-01-03-01-02-02-05,03-01-03-01-02-02-05.wav,train
C:\Users\34722\OneDrive\Escritorio\TFG\Reconocimiento emociones audio\RavdessTessSavee\datos_crudos\ravdess\Audio_Speech_Actors_01-24\Actor_05\03-01-03-02-01-01-05.wav,RAVDESS,05,happy,03,03-01-03-02-01-01-05,03-01-03-02-01-01-05.wav,train
C:\Users\34722\OneDrive\Escritorio\TFG\Reconocimiento emociones audio\RavdessTessSavee\datos_crudos\ravdess\Audio_Speech_Actors_01-24\Actor_05\03-01-03-02-01-02-05.wav,RAVDESS,05,happy,03,03-01-03-02-01-02-05,03-01-03-02-01-02-05.wav,train
C:\Users\34722\OneDrive\Escritorio\TFG\Reconocimiento emociones audio\RavdessTessSavee\datos_crudos\ravdess\Audio_Speech_Actors_01-24\Actor_05\03-01-03-02-02-01-05.wav,RAVDESS,05,happy,03,03-01-03-02-02-01-05,03-01-03-02-02-01-05.wav,train
C:\Users\34722\OneDrive\Escritorio\TFG\Reconocimiento emociones audio\RavdessTessSavee\datos_crudos\ravdess\Audio_Speech_Actors_01-24\Actor_05\03-01-03-02-02-02-05.wav,RAVDESS,05,happy,03,03-01-03-02-02-02-05,03-01-03-02-02-02-05.wav,train
C:\Users\34722\OneDrive\Escritorio\TFG\Reconocimiento emociones audio\RavdessTessSavee\datos_crudos\ravdess\Audio_Speech_Actors_01-24\Actor_05\03-01-04-01-01-01-05.wav,RAVDESS,05,sad,04,03-01-04-01-01-01-05,03-01-04-01-01-01-05.wav,train
C:\Users\34722\OneDrive\Escritorio\TFG\Reconocimiento emociones audio\RavdessTessSavee\datos_crudos\ravdess\Audio_Speech_Actors_01-24\Actor_05\03-01-04-01-01-02-05.wav,RAVDESS,05,sad,04,03-01-04-01-01-02-05,03-01-04-01-01-02-05.wav,train
C:\Users\34722\OneDrive\Escritorio\TFG\Reconocimiento emociones audio\RavdessTessSavee\datos_crudos\ravdess\Audio_Speech_Actors_01-24\Actor_05\03-01-04-01-02-01-05.wav,RAVDESS,05,sad,04,03-01-04-01-02-01-05,03-01-04-01-02-01-05.wav,train
C:\Users\34722\OneDrive\Escritorio\TFG\Reconocimiento emociones audio\RavdessTessSavee\datos_crudos\ravdess\Audio_Speech_Actors_01-24\Actor_05\03-01-04-01-02-02-05.wav,RAVDESS,05,sad,04,03-01-04-01-02-02-05,03-01-04-01-02-02-05.wav,train
C:\Users\34722\OneDrive\Escritorio\TFG\Reconocimiento emociones audio\RavdessTessSavee\datos_crudos\ravdess\Audio_Speech_Actors_01-24\Actor_05\03-01-04-02-01-01-05.wav,RAVDESS,05,sad,04,03-01-04-02-01-01-05,03-01-04-02-01-01-05.wav,train
C:\Users\34722\OneDrive\Escritorio\TFG\Reconocimiento emociones audio\RavdessTessSavee\datos_crudos\ravdess\Audio_Speech_Actors_01-24\Actor_05\03-01-04-02-01-02-05.wav,RAVDESS,05,sad,04,03-01-04-02-01-02-05,03-01-04-02-01-02-05.wav,test
C:\Users\34722\OneDrive\Escritorio\TFG\Reconocimiento emociones audio\RavdessTessSavee\datos_crudos\ravdess\Audio_Speech_Actors_01-24\Actor_05\03-01-04-02-02-01-05.wav,RAVDESS,05,sad,04,03-01-04-02-02-01-05,03-01-04-02-02-01-05.wav,train
C:\Users\34722\OneDrive\Escritorio\TFG\Reconocimiento emociones audio\RavdessTessSavee\datos_crudos\ravdess\Audio_Speech_Actors_01-24\Actor_05\03-01-04-02-02-02-05.wav,RAVDESS,05,sad,04,03-01-04-02-02-02-05,03-01-04-02-02-02-05.wav,train
C:\Users\34722\OneDrive\Escritorio\TFG\Reconocimiento emociones audio\RavdessTessSavee\datos_crudos\ravdess\Audio_Speech_Actors_01-24\Actor_05\03-01-05-01-01-01-05.wav,RAVDESS,05,angry,05,03-01-05-01-01-01-05,03-01-05-01-01-01-05.wav,train
C:\Users\34722\OneDrive\Escritorio\TFG\Reconocimiento emociones audio\RavdessTessSavee\datos_crudos\ravdess\Audio_Speech_Actors_01-24\Actor_05\03-01-05-01-01-02-05.wav,RAVDESS,05,angry,05,03-01-05-01-01-02-05,03-01-05-01-01-02-05.wav,valid
C:\Users\34722\OneDrive\Escritorio\TFG\Reconocimiento emociones audio\RavdessTessSavee\datos_crudos\ravdess\Audio_Speech_Actors_01-24\Actor_05\03-01-05-01-02-01-05.wav,RAVDESS,05,angry,05,03-01-05-01-02-01-05,03-01-05-01-02-01-05.wav,train
C:\Users\34722\OneDrive\Escritorio\TFG\Reconocimiento emociones audio\RavdessTessSavee\datos_crudos\ravdess\Audio_Speech_Actors_01-24\Actor_05\03-01-05-01-02-02-05.wav,RAVDESS,05,angry,05,03-01-05-01-02-02-05,03-01-05-01-02-02-05.wav,valid
C:\Users\34722\OneDrive\Escritorio\TFG\Reconocimiento emociones audio\RavdessTessSavee\datos_crudos\ravdess\Audio_Speech_Actors_01-24\Actor_05\03-01-05-02-01-01-05.wav,RAVDESS,05,angry,05,03-01-05-02-01-01-05,03-01-05-02-01-01-05.wav,test
C:\Users\34722\OneDrive\Escritorio\TFG\Reconocimiento emociones audio\RavdessTessSavee\datos_crudos\ravdess\Audio_Speech_Actors_01-24\Actor_05\03-01-05-02-01-02-05.wav,RAVDESS,05,angry,05,03-01-05-02-01-02-05,03-01-05-02-01-02-05.wav,train
C:\Users\34722\OneDrive\Escritorio\TFG\Reconocimiento emociones audio\RavdessTessSavee\datos_crudos\ravdess\Audio_Speech_Actors_01-24\Actor_05\03-01-05-02-02-01-05.wav,RAVDESS,05,angry,05,03-01-05-02-02-01-05,03-01-05-02-02-01-05.wav,valid
C:\Users\34722\OneDrive\Escritorio\TFG\Reconocimiento emociones audio\RavdessTessSavee\datos_crudos\ravdess\Audio_Speech_Actors_01-24\Actor_05\03-01-05-02-02-02-05.wav,RAVDESS,05,angry,05,03-01-05-02-02-02-05,03-01-05-02-02-02-05.wav,train
C:\Users\34722\OneDrive\Escritorio\TFG\Reconocimiento emociones audio\RavdessTessSavee\datos_crudos\ravdess\Audio_Speech_Actors_01-24\Actor_05\03-01-06-01-01-01-05.wav,RAVDESS,05,fearful,06,03-01-06-01-01-01-05,03-01-06-01-01-01-05.wav,train
C:\Users\34722\OneDrive\Escritorio\TFG\Reconocimiento emociones audio\RavdessTessSavee\datos_crudos\ravdess\Audio_Speech_Actors_01-24\Actor_05\03-01-06-01-01-02-05.wav,RAVDESS,05,fearful,06,03-01-06-01-01-02-05,03-01-06-01-01-02-05.wav,train
C:\Users\34722\OneDrive\Escritorio\TFG\Reconocimiento emociones audio\RavdessTessSavee\datos_crudos\ravdess\Audio_Speech_Actors_01-24\Actor_05\03-01-06-01-02-01-05.wav,RAVDESS,05,fearful,06,03-01-06-01-02-01-05,03-01-06-01-02-01-05.wav,train
C:\Users\34722\OneDrive\Escritorio\TFG\Reconocimiento emociones audio\RavdessTessSavee\datos_crudos\ravdess\Audio_Speech_Actors_01-24\Actor_05\03-01-06-01-02-02-05.wav,RAVDESS,05,fearful,06,03-01-06-01-02-02-05,03-01-06-01-02-02-05.wav,train
C:\Users\34722\OneDrive\Escritorio\TFG\Reconocimiento emociones audio\RavdessTessSavee\datos_crudos\ravdess\Audio_Speech_Actors_01-24\Actor_05\03-01-06-02-01-01-05.wav,RAVDESS,05,fearful,06,03-01-06-02-01-01-05,03-01-06-02-01-01-05.wav,valid
C:\Users\34722\OneDrive\Escritorio\TFG\Reconocimiento emociones audio\RavdessTessSavee\datos_crudos\ravdess\Audio_Speech_Actors_01-24\Actor_05\03-01-06-02-01-02-05.wav,RAVDESS,05,fearful,06,03-01-06-02-01-02-05,03-01-06-02-01-02-05.wav,test
C:\Users\34722\OneDrive\Escritorio\TFG\Reconocimiento emociones audio\RavdessTessSavee\datos_crudos\ravdess\Audio_Speech_Actors_01-24\Actor_05\03-01-06-02-02-01-05.wav,RAVDESS,05,fearful,06,03-01-06-02-02-01-05,03-01-06-02-02-01-05.wav,train
C:\Users\34722\OneDrive\Escritorio\TFG\Reconocimiento emociones audio\RavdessTessSavee\datos_crudos\ravdess\Audio_Speech_Actors_01-24\Actor_05\03-01-06-02-02-02-05.wav,RAVDESS,05,fearful,06,03-01-06-02-02-02-05,03-01-06-02-02-02-05.wav,train
C:\Users\34722\OneDrive\Escritorio\TFG\Reconocimiento emociones audio\RavdessTessSavee\datos_crudos\ravdess\Audio_Speech_Actors_01-24\Actor_06\03-01-03-01-01-01-06.wav,RAVDESS,06,happy,03,03-01-03-01-01-01-06,03-01-03-01-01-01-06.wav,train
C:\Users\34722\OneDrive\Escritorio\TFG\Reconocimiento emociones audio\RavdessTessSavee\datos_crudos\ravdess\Audio_Speech_Actors_01-24\Actor_06\03-01-03-01-01-02-06.wav,RAVDESS,06,happy,03,03-01-03-01-01-02-06,03-01-03-01-01-02-06.wav,train
C:\Users\34722\OneDrive\Escritorio\TFG\Reconocimiento emociones audio\RavdessTessSavee\datos_crudos\ravdess\Audio_Speech_Actors_01-24\Actor_06\03-01-03-01-02-01-06.wav,RAVDESS,06,happy,03,03-01-03-01-02-01-06,03-01-03-01-02-01-06.wav,train
C:\Users\34722\OneDrive\Escritorio\TFG\Reconocimiento emociones audio\RavdessTessSavee\datos_crudos\ravdess\Audio_Speech_Actors_01-24\Actor_06\03-01-03-01-02-02-06.wav,RAVDESS,06,happy,03,03-01-03-01-02-02-06,03-01-03-01-02-02-06.wav,train
C:\Users\34722\OneDrive\Escritorio\TFG\Reconocimiento emociones audio\RavdessTessSavee\datos_crudos\ravdess\Audio_Speech_Actors_01-24\Actor_06\03-01-03-02-01-01-06.wav,RAVDESS,06,happy,03,03-01-03-02-01-01-06,03-01-03-02-01-01-06.wav,train
C:\Users\34722\OneDrive\Escritorio\TFG\Reconocimiento emociones audio\RavdessTessSavee\datos_crudos\ravdess\Audio_Speech_Actors_01-24\Actor_06\03-01-03-02-01-02-06.wav,RAVDESS,06,happy,03,03-01-03-02-01-02-06,03-01-03-02-01-02-06.wav,train
C:\Users\34722\OneDrive\Escritorio\TFG\Reconocimiento emociones audio\RavdessTessSavee\datos_crudos\ravdess\Audio_Speech_Actors_01-24\Actor_06\03-01-03-02-02-01-06.wav,RAVDESS,06,happy,03,03-01-03-02-02-01-06,03-01-03-02-02-01-06.wav,train
C:\Users\34722\OneDrive\Escritorio\TFG\Reconocimiento emociones audio\RavdessTessSavee\datos_crudos\ravdess\Audio_Speech_Actors_01-24\Actor_06\03-01-03-02-02-02-06.wav,RAVDESS,06,happy,03,03-01-03-02-02-02-06,03-01-03-02-02-02-06.wav,test
C:\Users\34722\OneDrive\Escritorio\TFG\Reconocimiento emociones audio\RavdessTessSavee\datos_crudos\ravdess\Audio_Speech_Actors_01-24\Actor_06\03-01-04-01-01-01-06.wav,RAVDESS,06,sad,04,03-01-04-01-01-01-06,03-01-04-01-01-01-06.wav,valid
C:\Users\34722\OneDrive\Escritorio\TFG\Reconocimiento emociones audio\RavdessTessSavee\datos_crudos\ravdess\Audio_Speech_Actors_01-24\Actor_06\03-01-04-01-01-02-06.wav,RAVDESS,06,sad,04,03-01-04-01-01-02-06,03-01-04-01-01-02-06.wav,train
C:\Users\34722\OneDrive\Escritorio\TFG\Reconocimiento emociones audio\RavdessTessSavee\datos_crudos\ravdess\Audio_Speech_Actors_01-24\Actor_06\03-01-04-01-02-01-06.wav,RAVDESS,06,sad,04,03-01-04-01-02-01-06,03-01-04-01-02-01-06.wav,valid
C:\Users\34722\OneDrive\Escritorio\TFG\Reconocimiento emociones audio\RavdessTessSavee\datos_crudos\ravdess\Audio_Speech_Actors_01-24\Actor_06\03-01-04-01-02-02-06.wav,RAVDESS,06,sad,04,03-01-04-01-02-02-06,03-01-04-01-02-02-06.wav,train
C:\Users\34722\OneDrive\Escritorio\TFG\Reconocimiento emociones audio\RavdessTessSavee\datos_crudos\ravdess\Audio_Speech_Actors_01-24\Actor_06\03-01-04-02-01-01-06.wav,RAVDESS,06,sad,04,03-01-04-02-01-01-06,03-01-04-02-01-01-06.wav,valid
C:\Users\34722\OneDrive\Escritorio\TFG\Reconocimiento emociones audio\RavdessTessSavee\datos_crudos\ravdess\Audio_Speech_Actors_01-24\Actor_06\03-01-04-02-01-02-06.wav,RAVDESS,06,sad,04,03-01-04-02-01-02-06,03-01-04-02-01-02-06.wav,test
C:\Users\34722\OneDrive\Escritorio\TFG\Reconocimiento emociones audio\RavdessTessSavee\datos_crudos\ravdess\Audio_Speech_Actors_01-24\Actor_06\03-01-04-02-02-01-06.wav,RAVDESS,06,sad,04,03-01-04-02-02-01-06,03-01-04-02-02-01-06.wav,train
C:\Users\34722\OneDrive\Escritorio\TFG\Reconocimiento emociones audio\RavdessTessSavee\datos_crudos\ravdess\Audio_Speech_Actors_01-24\Actor_06\03-01-04-02-02-02-06.wav,RAVDESS,06,sad,04,03-01-04-02-02-02-06,03-01-04-02-02-02-06.wav,test
C:\Users\34722\OneDrive\Escritorio\TFG\Reconocimiento emociones audio\RavdessTessSavee\datos_crudos\ravdess\Audio_Speech_Actors_01-24\Actor_06\03-01-05-01-01-01-06.wav,RAVDESS,06,angry,05,03-01-05-01-01-01-06,03-01-05-01-01-01-06.wav,valid
C:\Users\34722\OneDrive\Escritorio\TFG\Reconocimiento emociones audio\RavdessTessSavee\datos_crudos\ravdess\Audio_Speech_Actors_01-24\Actor_06\03-01-05-01-01-02-06.wav,RAVDESS,06,angry,05,03-01-05-01-01-02-06,03-01-05-01-01-02-06.wav,train
C:\Users\34722\OneDrive\Escritorio\TFG\Reconocimiento emociones audio\RavdessTessSavee\datos_crudos\ravdess\Audio_Speech_Actors_01-24\Actor_06\03-01-05-01-02-01-06.wav,RAVDESS,06,angry,05,03-01-05-01-02-01-06,03-01-05-01-02-01-06.wav,train
C:\Users\34722\OneDrive\Escritorio\TFG\Reconocimiento emociones audio\RavdessTessSavee\datos_crudos\ravdess\Audio_Speech_Actors_01-24\Actor_06\03-01-05-01-02-02-06.wav,RAVDESS,06,angry,05,03-01-05-01-02-02-06,03-01-05-01-02-02-06.wav,train
C:\Users\34722\OneDrive\Escritorio\TFG\Reconocimiento emociones audio\RavdessTessSavee\datos_crudos\ravdess\Audio_Speech_Actors_01-24\Actor_06\03-01-05-02-01-01-06.wav,RAVDESS,06,angry,05,03-01-05-02-01-01-06,03-01-05-02-01-01-06.wav,train
C:\Users\34722\OneDrive\Escritorio\TFG\Reconocimiento emociones audio\RavdessTessSavee\datos_crudos\ravdess\Audio_Speech_Actors_01-24\Actor_06\03-01-05-02-01-02-06.wav,RAVDESS,06,angry,05,03-01-05-02-01-02-06,03-01-05-02-01-02-06.wav,valid
C:\Users\34722\OneDrive\Escritorio\TFG\Reconocimiento emociones audio\RavdessTessSavee\datos_crudos\ravdess\Audio_Speech_Actors_01-24\Actor_06\03-01-05-02-02-01-06.wav,RAVDESS,06,angry,05,03-01-05-02-02-01-06,03-01-05-02-02-01-06.wav,valid
C:\Users\34722\OneDrive\Escritorio\TFG\Reconocimiento emociones audio\RavdessTessSavee\datos_crudos\ravdess\Audio_Speech_Actors_01-24\Actor_06\03-01-05-02-02-02-06.wav,RAVDESS,06,angry,05,03-01-05-02-02-02-06,03-01-05-02-02-02-06.wav,train
C:\Users\34722\OneDrive\Escritorio\TFG\Reconocimiento emociones audio\RavdessTessSavee\datos_crudos\ravdess\Audio_Speech_Actors_01-24\Actor_06\03-01-06-01-01-01-06.wav,RAVDESS,06,fearful,06,03-01-06-01-01-01-06,03-01-06-01-01-01-06.wav,valid
C:\Users\34722\OneDrive\Escritorio\TFG\Reconocimiento emociones audio\RavdessTessSavee\datos_crudos\ravdess\Audio_Speech_Actors_01-24\Actor_06\03-01-06-01-01-02-06.wav,RAVDESS,06,fearful,06,03-01-06-01-01-02-06,03-01-06-01-01-02-06.wav,test
C:\Users\34722\OneDrive\Escritorio\TFG\Reconocimiento emociones audio\RavdessTessSavee\datos_crudos\ravdess\Audio_Speech_Actors_01-24\Actor_06\03-01-06-01-02-01-06.wav,RAVDESS,06,fearful,06,03-01-06-01-02-01-06,03-01-06-01-02-01-06.wav,train
C:\Users\34722\OneDrive\Escritorio\TFG\Reconocimiento emociones audio\RavdessTessSavee\datos_crudos\ravdess\Audio_Speech_Actors_01-24\Actor_06\03-01-06-01-02-02-06.wav,RAVDESS,06,fearful,06,03-01-06-01-02-02-06,03-01-06-01-02-02-06.wav,test
C:\Users\34722\OneDrive\Escritorio\TFG\Reconocimiento emociones audio\RavdessTessSavee\datos_crudos\ravdess\Audio_Speech_Actors_01-24\Actor_06\03-01-06-02-01-01-06.wav,RAVDESS,06,fearful,06,03-01-06-02-01-01-06,03-01-06-02-01-01-06.wav,train
C:\Users\34722\OneDrive\Escritorio\TFG\Reconocimiento emociones audio\RavdessTessSavee\datos_crudos\ravdess\Audio_Speech_Actors_01-24\Actor_06\03-01-06-02-01-02-06.wav,RAVDESS,06,fearful,06,03-01-06-02-01-02-06,03-01-06-02-01-02-06.wav,valid
C:\Users\34722\OneDrive\Escritorio\TFG\Reconocimiento emociones audio\RavdessTessSavee\datos_crudos\ravdess\Audio_Speech_Actors_01-24\Actor_06\03-01-06-02-02-01-06.wav,RAVDESS,06,fearful,06,03-01-06-02-02-01-06,03-01-06-02-02-01-06.wav,train
C:\Users\34722\OneDrive\Escritorio\TFG\Reconocimiento emociones audio\RavdessTessSavee\datos_crudos\ravdess\Audio_Speech_Actors_01-24\Actor_06\03-01-06-02-02-02-06.wav,RAVDESS,06,fearful,06,03-01-06-02-02-02-06,03-01-06-02-02-02-06.wav,train
C:\Users\34722\OneDrive\Escritorio\TFG\Reconocimiento emociones audio\RavdessTessSavee\datos_crudos\ravdess\Audio_Speech_Actors_01-24\Actor_07\03-01-03-01-01-01-07.wav,RAVDESS,07,happy,03,03-01-03-01-01-01-07,03-01-03-01-01-01-07.wav,test
C:\Users\34722\OneDrive\Escritorio\TFG\Reconocimiento emociones audio\RavdessTessSavee\datos_crudos\ravdess\Audio_Speech_Actors_01-24\Actor_07\03-01-03-01-01-02-07.wav,RAVDESS,07,happy,03,03-01-03-01-01-02-07,03-01-03-01-01-02-07.wav,train
C:\Users\34722\OneDrive\Escritorio\TFG\Reconocimiento emociones audio\RavdessTessSavee\datos_crudos\ravdess\Audio_Speech_Actors_01-24\Actor_07\03-01-03-01-02-01-07.wav,RAVDESS,07,happy,03,03-01-03-01-02-01-07,03-01-03-01-02-01-07.wav,train
C:\Users\34722\OneDrive\Escritorio\TFG\Reconocimiento emociones audio\RavdessTessSavee\datos_crudos\ravdess\Audio_Speech_Actors_01-24\Actor_07\03-01-03-01-02-02-07.wav,RAVDESS,07,happy,03,03-01-03-01-02-02-07,03-01-03-01-02-02-07.wav,train
C:\Users\34722\OneDrive\Escritorio\TFG\Reconocimiento emociones audio\RavdessTessSavee\datos_crudos\ravdess\Audio_Speech_Actors_01-24\Actor_07\03-01-03-02-01-01-07.wav,RAVDESS,07,happy,03,03-01-03-02-01-01-07,03-01-03-02-01-01-07.wav,train
C:\Users\34722\OneDrive\Escritorio\TFG\Reconocimiento emociones audio\RavdessTessSavee\datos_crudos\ravdess\Audio_Speech_Actors_01-24\Actor_07\03-01-03-02-01-02-07.wav,RAVDESS,07,happy,03,03-01-03-02-01-02-07,03-01-03-02-01-02-07.wav,train
C:\Users\34722\OneDrive\Escritorio\TFG\Reconocimiento emociones audio\RavdessTessSavee\datos_crudos\ravdess\Audio_Speech_Actors_01-24\Actor_07\03-01-03-02-02-01-07.wav,RAVDESS,07,happy,03,03-01-03-02-02-01-07,03-01-03-02-02-01-07.wav,train
C:\Users\34722\OneDrive\Escritorio\TFG\Reconocimiento emociones audio\RavdessTessSavee\datos_crudos\ravdess\Audio_Speech_Actors_01-24\Actor_07\03-01-03-02-02-02-07.wav,RAVDESS,07,happy,03,03-01-03-02-02-02-07,03-01-03-02-02-02-07.wav,train
C:\Users\34722\OneDrive\Escritorio\TFG\Reconocimiento emociones audio\RavdessTessSavee\datos_crudos\ravdess\Audio_Speech_Actors_01-24\Actor_07\03-01-04-01-01-01-07.wav,RAVDESS,07,sad,04,03-01-04-01-01-01-07,03-01-04-01-01-01-07.wav,train
C:\Users\34722\OneDrive\Escritorio\TFG\Reconocimiento emociones audio\RavdessTessSavee\datos_crudos\ravdess\Audio_Speech_Actors_01-24\Actor_07\03-01-04-01-01-02-07.wav,RAVDESS,07,sad,04,03-01-04-01-01-02-07,03-01-04-01-01-02-07.wav,train
C:\Users\34722\OneDrive\Escritorio\TFG\Reconocimiento emociones audio\RavdessTessSavee\datos_crudos\ravdess\Audio_Speech_Actors_01-24\Actor_07\03-01-04-01-02-01-07.wav,RAVDESS,07,sad,04,03-01-04-01-02-01-07,03-01-04-01-02-01-07.wav,train
C:\Users\34722\OneDrive\Escritorio\TFG\Reconocimiento emociones audio\RavdessTessSavee\datos_crudos\ravdess\Audio_Speech_Actors_01-24\Actor_07\03-01-04-01-02-02-07.wav,RAVDESS,07,sad,04,03-01-04-01-02-02-07,03-01-04-01-02-02-07.wav,train
C:\Users\34722\OneDrive\Escritorio\TFG\Reconocimiento emociones audio\RavdessTessSavee\datos_crudos\ravdess\Audio_Speech_Actors_01-24\Actor_07\03-01-04-02-01-01-07.wav,RAVDESS,07,sad,04,03-01-04-02-01-01-07,03-01-04-02-01-01-07.wav,train
C:\Users\34722\OneDrive\Escritorio\TFG\Reconocimiento emociones audio\RavdessTessSavee\datos_crudos\ravdess\Audio_Speech_Actors_01-24\Actor_07\03-01-04-02-01-02-07.wav,RAVDESS,07,sad,04,03-01-04-02-01-02-07,03-01-04-02-01-02-07.wav,train
C:\Users\34722\OneDrive\Escritorio\TFG\Reconocimiento emociones audio\RavdessTessSavee\datos_crudos\ravdess\Audio_Speech_Actors_01-24\Actor_07\03-01-04-02-02-01-07.wav,RAVDESS,07,sad,04,03-01-04-02-02-01-07,03-01-04-02-02-01-07.wav,train
C:\Users\34722\OneDrive\Escritorio\TFG\Reconocimiento emociones audio\RavdessTessSavee\datos_crudos\ravdess\Audio_Speech_Actors_01-24\Actor_07\03-01-04-02-02-02-07.wav,RAVDESS,07,sad,04,03-01-04-02-02-02-07,03-01-04-02-02-02-07.wav,train
C:\Users\34722\OneDrive\Escritorio\TFG\Reconocimiento emociones audio\RavdessTessSavee\datos_crudos\ravdess\Audio_Speech_Actors_01-24\Actor_07\03-01-05-01-01-01-07.wav,RAVDESS,07,angry,05,03-01-05-01-01-01-07,03-01-05-01-01-01-07.wav,test
C:\Users\34722\OneDrive\Escritorio\TFG\Reconocimiento emociones audio\RavdessTessSavee\datos_crudos\ravdess\Audio_Speech_Actors_01-24\Actor_07\03-01-05-01-01-02-07.wav,RAVDESS,07,angry,05,03-01-05-01-01-02-07,03-01-05-01-01-02-07.wav,train
C:\Users\34722\OneDrive\Escritorio\TFG\Reconocimiento emociones audio\RavdessTessSavee\datos_crudos\ravdess\Audio_Speech_Actors_01-24\Actor_07\03-01-05-01-02-01-07.wav,RAVDESS,07,angry,05,03-01-05-01-02-01-07,03-01-05-01-02-01-07.wav,valid
C:\Users\34722\OneDrive\Escritorio\TFG\Reconocimiento emociones audio\RavdessTessSavee\datos_crudos\ravdess\Audio_Speech_Actors_01-24\Actor_07\03-01-05-01-02-02-07.wav,RAVDESS,07,angry,05,03-01-05-01-02-02-07,03-01-05-01-02-02-07.wav,test
C:\Users\34722\OneDrive\Escritorio\TFG\Reconocimiento emociones audio\RavdessTessSavee\datos_crudos\ravdess\Audio_Speech_Actors_01-24\Actor_07\03-01-05-02-01-01-07.wav,RAVDESS,07,angry,05,03-01-05-02-01-01-07,03-01-05-02-01-01-07.wav,train
C:\Users\34722\OneDrive\Escritorio\TFG\Reconocimiento emociones audio\RavdessTessSavee\datos_crudos\ravdess\Audio_Speech_Actors_01-24\Actor_07\03-01-05-02-01-02-07.wav,RAVDESS,07,angry,05,03-01-05-02-01-02-07,03-01-05-02-01-02-07.wav,valid
C:\Users\34722\OneDrive\Escritorio\TFG\Reconocimiento emociones audio\RavdessTessSavee\datos_crudos\ravdess\Audio_Speech_Actors_01-24\Actor_07\03-01-05-02-02-01-07.wav,RAVDESS,07,angry,05,03-01-05-02-02-01-07,03-01-05-02-02-01-07.wav,train
C:\Users\34722\OneDrive\Escritorio\TFG\Reconocimiento emociones audio\RavdessTessSavee\datos_crudos\ravdess\Audio_Speech_Actors_01-24\Actor_07\03-01-05-02-02-02-07.wav,RAVDESS,07,angry,05,03-01-05-02-02-02-07,03-01-05-02-02-02-07.wav,test
C:\Users\34722\OneDrive\Escritorio\TFG\Reconocimiento emociones audio\RavdessTessSavee\datos_crudos\ravdess\Audio_Speech_Actors_01-24\Actor_07\03-01-06-01-01-01-07.wav,RAVDESS,07,fearful,06,03-01-06-01-01-01-07,03-01-06-01-01-01-07.wav,train
C:\Users\34722\OneDrive\Escritorio\TFG\Reconocimiento emociones audio\RavdessTessSavee\datos_crudos\ravdess\Audio_Speech_Actors_01-24\Actor_07\03-01-06-01-01-02-07.wav,RAVDESS,07,fearful,06,03-01-06-01-01-02-07,03-01-06-01-01-02-07.wav,train
C:\Users\34722\OneDrive\Escritorio\TFG\Reconocimiento emociones audio\RavdessTessSavee\datos_crudos\ravdess\Audio_Speech_Actors_01-24\Actor_07\03-01-06-01-02-01-07.wav,RAVDESS,07,fearful,06,03-01-06-01-02-01-07,03-01-06-01-02-01-07.wav,train
C:\Users\34722\OneDrive\Escritorio\TFG\Reconocimiento emociones audio\RavdessTessSavee\datos_crudos\ravdess\Audio_Speech_Actors_01-24\Actor_07\03-01-06-01-02-02-07.wav,RAVDESS,07,fearful,06,03-01-06-01-02-02-07,03-01-06-01-02-02-07.wav,valid
C:\Users\34722\OneDrive\Escritorio\TFG\Reconocimiento emociones audio\RavdessTessSavee\datos_crudos\ravdess\Audio_Speech_Actors_01-24\Actor_07\03-01-06-02-01-01-07.wav,RAVDESS,07,fearful,06,03-01-06-02-01-01-07,03-01-06-02-01-01-07.wav,train
C:\Users\34722\OneDrive\Escritorio\TFG\Reconocimiento emociones audio\RavdessTessSavee\datos_crudos\ravdess\Audio_Speech_Actors_01-24\Actor_07\03-01-06-02-01-02-07.wav,RAVDESS,07,fearful,06,03-01-06-02-01-02-07,03-01-06-02-01-02-07.wav,train
C:\Users\34722\OneDrive\Escritorio\TFG\Reconocimiento emociones audio\RavdessTessSavee\datos_crudos\ravdess\Audio_Speech_Actors_01-24\Actor_07\03-01-06-02-02-01-07.wav,RAVDESS,07,fearful,06,03-01-06-02-02-01-07,03-01-06-02-02-01-07.wav,train
C:\Users\34722\OneDrive\Escritorio\TFG\Reconocimiento emociones audio\RavdessTessSavee\datos_crudos\ravdess\Audio_Speech_Actors_01-24\Actor_07\03-01-06-02-02-02-07.wav,RAVDESS,07,fearful,06,03-01-06-02-02-02-07,03-01-06-02-02-02-07.wav,train
C:\Users\34722\OneDrive\Escritorio\TFG\Reconocimiento emociones audio\RavdessTessSavee\datos_crudos\ravdess\Audio_Speech_Actors_01-24\Actor_08\03-01-03-01-01-01-08.wav,RAVDESS,08,happy,03,03-01-03-01-01-01-08,03-01-03-01-01-01-08.wav,train
C:\Users\34722\OneDrive\Escritorio\TFG\Reconocimiento emociones audio\RavdessTessSavee\datos_crudos\ravdess\Audio_Speech_Actors_01-24\Actor_08\03-01-03-01-01-02-08.wav,RAVDESS,08,happy,03,03-01-03-01-01-02-08,03-01-03-01-01-02-08.wav,train
C:\Users\34722\OneDrive\Escritorio\TFG\Reconocimiento emociones audio\RavdessTessSavee\datos_crudos\ravdess\Audio_Speech_Actors_01-24\Actor_08\03-01-03-01-02-01-08.wav,RAVDESS,08,happy,03,03-01-03-01-02-01-08,03-01-03-01-02-01-08.wav,test
C:\Users\34722\OneDrive\Escritorio\TFG\Reconocimiento emociones audio\RavdessTessSavee\datos_crudos\ravdess\Audio_Speech_Actors_01-24\Actor_08\03-01-03-01-02-02-08.wav,RAVDESS,08,happy,03,03-01-03-01-02-02-08,03-01-03-01-02-02-08.wav,train
C:\Users\34722\OneDrive\Escritorio\TFG\Reconocimiento emociones audio\RavdessTessSavee\datos_crudos\ravdess\Audio_Speech_Actors_01-24\Actor_08\03-01-03-02-01-01-08.wav,RAVDESS,08,happy,03,03-01-03-02-01-01-08,03-01-03-02-01-01-08.wav,train
C:\Users\34722\OneDrive\Escritorio\TFG\Reconocimiento emociones audio\RavdessTessSavee\datos_crudos\ravdess\Audio_Speech_Actors_01-24\Actor_08\03-01-03-02-01-02-08.wav,RAVDESS,08,happy,03,03-01-03-02-01-02-08,03-01-03-02-01-02-08.wav,train
C:\Users\34722\OneDrive\Escritorio\TFG\Reconocimiento emociones audio\RavdessTessSavee\datos_crudos\ravdess\Audio_Speech_Actors_01-24\Actor_08\03-01-03-02-02-01-08.wav,RAVDESS,08,happy,03,03-01-03-02-02-01-08,03-01-03-02-02-01-08.wav,valid
C:\Users\34722\OneDrive\Escritorio\TFG\Reconocimiento emociones audio\RavdessTessSavee\datos_crudos\ravdess\Audio_Speech_Actors_01-24\Actor_08\03-01-03-02-02-02-08.wav,RAVDESS,08,happy,03,03-01-03-02-02-02-08,03-01-03-02-02-02-08.wav,train
C:\Users\34722\OneDrive\Escritorio\TFG\Reconocimiento emociones audio\RavdessTessSavee\datos_crudos\ravdess\Audio_Speech_Actors_01-24\Actor_08\03-01-04-01-01-01-08.wav,RAVDESS,08,sad,04,03-01-04-01-01-01-08,03-01-04-01-01-01-08.wav,train
C:\Users\34722\OneDrive\Escritorio\TFG\Reconocimiento emociones audio\RavdessTessSavee\datos_crudos\ravdess\Audio_Speech_Actors_01-24\Actor_08\03-01-04-01-01-02-08.wav,RAVDESS,08,sad,04,03-01-04-01-01-02-08,03-01-04-01-01-02-08.wav,train
C:\Users\34722\OneDrive\Escritorio\TFG\Reconocimiento emociones audio\RavdessTessSavee\datos_crudos\ravdess\Audio_Speech_Actors_01-24\Actor_08\03-01-04-01-02-01-08.wav,RAVDESS,08,sad,04,03-01-04-01-02-01-08,03-01-04-01-02-01-08.wav,train
C:\Users\34722\OneDrive\Escritorio\TFG\Reconocimiento emociones audio\RavdessTessSavee\datos_crudos\ravdess\Audio_Speech_Actors_01-24\Actor_08\03-01-04-01-02-02-08.wav,RAVDESS,08,sad,04,03-01-04-01-02-02-08,03-01-04-01-02-02-08.wav,train
C:\Users\34722\OneDrive\Escritorio\TFG\Reconocimiento emociones audio\RavdessTessSavee\datos_crudos\ravdess\Audio_Speech_Actors_01-24\Actor_08\03-01-04-02-01-01-08.wav,RAVDESS,08,sad,04,03-01-04-02-01-01-08,03-01-04-02-01-01-08.wav,train
C:\Users\34722\OneDrive\Escritorio\TFG\Reconocimiento emociones audio\RavdessTessSavee\datos_crudos\ravdess\Audio_Speech_Actors_01-24\Actor_08\03-01-04-02-01-02-08.wav,RAVDESS,08,sad,04,03-01-04-02-01-02-08,03-01-04-02-01-02-08.wav,train
C:\Users\34722\OneDrive\Escritorio\TFG\Reconocimiento emociones audio\RavdessTessSavee\datos_crudos\ravdess\Audio_Speech_Actors_01-24\Actor_08\03-01-04-02-02-01-08.wav,RAVDESS,08,sad,04,03-01-04-02-02-01-08,03-01-04-02-02-01-08.wav,train
C:\Users\34722\OneDrive\Escritorio\TFG\Reconocimiento emociones audio\RavdessTessSavee\datos_crudos\ravdess\Audio_Speech_Actors_01-24\Actor_08\03-01-04-02-02-02-08.wav,RAVDESS,08,sad,04,03-01-04-02-02-02-08,03-01-04-02-02-02-08.wav,train
C:\Users\34722\OneDrive\Escritorio\TFG\Reconocimiento emociones audio\RavdessTessSavee\datos_crudos\ravdess\Audio_Speech_Actors_01-24\Actor_08\03-01-05-01-01-01-08.wav,RAVDESS,08,angry,05,03-01-05-01-01-01-08,03-01-05-01-01-01-08.wav,train
C:\Users\34722\OneDrive\Escritorio\TFG\Reconocimiento emociones audio\RavdessTessSavee\datos_crudos\ravdess\Audio_Speech_Actors_01-24\Actor_08\03-01-05-01-01-02-08.wav,RAVDESS,08,angry,05,03-01-05-01-01-02-08,03-01-05-01-01-02-08.wav,train
C:\Users\34722\OneDrive\Escritorio\TFG\Reconocimiento emociones audio\RavdessTessSavee\datos_crudos\ravdess\Audio_Speech_Actors_01-24\Actor_08\03-01-05-01-02-01-08.wav,RAVDESS,08,angry,05,03-01-05-01-02-01-08,03-01-05-01-02-01-08.wav,train
C:\Users\34722\OneDrive\Escritorio\TFG\Reconocimiento emociones audio\RavdessTessSavee\datos_crudos\ravdess\Audio_Speech_Actors_01-24\Actor_08\03-01-05-01-02-02-08.wav,RAVDESS,08,angry,05,03-01-05-01-02-02-08,03-01-05-01-02-02-08.wav,train
C:\Users\34722\OneDrive\Escritorio\TFG\Reconocimiento emociones audio\RavdessTessSavee\datos_crudos\ravdess\Audio_Speech_Actors_01-24\Actor_08\03-01-05-02-01-01-08.wav,RAVDESS,08,angry,05,03-01-05-02-01-01-08,03-01-05-02-01-01-08.wav,test
C:\Users\34722\OneDrive\Escritorio\TFG\Reconocimiento emociones audio\RavdessTessSavee\datos_crudos\ravdess\Audio_Speech_Actors_01-24\Actor_08\03-01-05-02-01-02-08.wav,RAVDESS,08,angry,05,03-01-05-02-01-02-08,03-01-05-02-01-02-08.wav,test
C:\Users\34722\OneDrive\Escritorio\TFG\Reconocimiento emociones audio\RavdessTessSavee\datos_crudos\ravdess\Audio_Speech_Actors_01-24\Actor_08\03-01-05-02-02-01-08.wav,RAVDESS,08,angry,05,03-01-05-02-02-01-08,03-01-05-02-02-01-08.wav,train
C:\Users\34722\OneDrive\Escritorio\TFG\Reconocimiento emociones audio\RavdessTessSavee\datos_crudos\ravdess\Audio_Speech_Actors_01-24\Actor_08\03-01-05-02-02-02-08.wav,RAVDESS,08,angry,05,03-01-05-02-02-02-08,03-01-05-02-02-02-08.wav,train
C:\Users\34722\OneDrive\Escritorio\TFG\Reconocimiento emociones audio\RavdessTessSavee\datos_crudos\ravdess\Audio_Speech_Actors_01-24\Actor_08\03-01-06-01-01-01-08.wav,RAVDESS,08,fearful,06,03-01-06-01-01-01-08,03-01-06-01-01-01-08.wav,valid
C:\Users\34722\OneDrive\Escritorio\TFG\Reconocimiento emociones audio\RavdessTessSavee\datos_crudos\ravdess\Audio_Speech_Actors_01-24\Actor_08\03-01-06-01-01-02-08.wav,RAVDESS,08,fearful,06,03-01-06-01-01-02-08,03-01-06-01-01-02-08.wav,test
C:\Users\34722\OneDrive\Escritorio\TFG\Reconocimiento emociones audio\RavdessTessSavee\datos_crudos\ravdess\Audio_Speech_Actors_01-24\Actor_08\03-01-06-01-02-01-08.wav,RAVDESS,08,fearful,06,03-01-06-01-02-01-08,03-01-06-01-02-01-08.wav,train
C:\Users\34722\OneDrive\Escritorio\TFG\Reconocimiento emociones audio\RavdessTessSavee\datos_crudos\ravdess\Audio_Speech_Actors_01-24\Actor_08\03-01-06-01-02-02-08.wav,RAVDESS,08,fearful,06,03-01-06-01-02-02-08,03-01-06-01-02-02-08.wav,train
C:\Users\34722\OneDrive\Escritorio\TFG\Reconocimiento emociones audio\RavdessTessSavee\datos_crudos\ravdess\Audio_Speech_Actors_01-24\Actor_08\03-01-06-02-01-01-08.wav,RAVDESS,08,fearful,06,03-01-06-02-01-01-08,03-01-06-02-01-01-08.wav,test
C:\Users\34722\OneDrive\Escritorio\TFG\Reconocimiento emociones audio\RavdessTessSavee\datos_crudos\ravdess\Audio_Speech_Actors_01-24\Actor_08\03-01-06-02-01-02-08.wav,RAVDESS,08,fearful,06,03-01-06-02-01-02-08,03-01-06-02-01-02-08.wav,train
C:\Users\34722\OneDrive\Escritorio\TFG\Reconocimiento emociones audio\RavdessTessSavee\datos_crudos\ravdess\Audio_Speech_Actors_01-24\Actor_08\03-01-06-02-02-01-08.wav,RAVDESS,08,fearful,06,03-01-06-02-02-01-08,03-01-06-02-02-01-08.wav,train
C:\Users\34722\OneDrive\Escritorio\TFG\Reconocimiento emociones audio\RavdessTessSavee\datos_crudos\ravdess\Audio_Speech_Actors_01-24\Actor_08\03-01-06-02-02-02-08.wav,RAVDESS,08,fearful,06,03-01-06-02-02-02-08,03-01-06-02-02-02-08.wav,train
C:\Users\34722\OneDrive\Escritorio\TFG\Reconocimiento emociones audio\RavdessTessSavee\datos_crudos\ravdess\Audio_Speech_Actors_01-24\Actor_09\03-01-03-01-01-01-09.wav,RAVDESS,09,happy,03,03-01-03-01-01-01-09,03-01-03-01-01-01-09.wav,test
C:\Users\34722\OneDrive\Escritorio\TFG\Reconocimiento emociones audio\RavdessTessSavee\datos_crudos\ravdess\Audio_Speech_Actors_01-24\Actor_09\03-01-03-01-01-02-09.wav,RAVDESS,09,happy,03,03-01-03-01-01-02-09,03-01-03-01-01-02-09.wav,valid
C:\Users\34722\OneDrive\Escritorio\TFG\Reconocimiento emociones audio\RavdessTessSavee\datos_crudos\ravdess\Audio_Speech_Actors_01-24\Actor_09\03-01-03-01-02-01-09.wav,RAVDESS,09,happy,03,03-01-03-01-02-01-09,03-01-03-01-02-01-09.wav,train
C:\Users\34722\OneDrive\Escritorio\TFG\Reconocimiento emociones audio\RavdessTessSavee\datos_crudos\ravdess\Audio_Speech_Actors_01-24\Actor_09\03-01-03-01-02-02-09.wav,RAVDESS,09,happy,03,03-01-03-01-02-02-09,03-01-03-01-02-02-09.wav,train
C:\Users\34722\OneDrive\Escritorio\TFG\Reconocimiento emociones audio\RavdessTessSavee\datos_crudos\ravdess\Audio_Speech_Actors_01-24\Actor_09\03-01-03-02-01-01-09.wav,RAVDESS,09,happy,03,03-01-03-02-01-01-09,03-01-03-02-01-01-09.wav,train
C:\Users\34722\OneDrive\Escritorio\TFG\Reconocimiento emociones audio\RavdessTessSavee\datos_crudos\ravdess\Audio_Speech_Actors_01-24\Actor_09\03-01-03-02-01-02-09.wav,RAVDESS,09,happy,03,03-01-03-02-01-02-09,03-01-03-02-01-02-09.wav,train
C:\Users\34722\OneDrive\Escritorio\TFG\Reconocimiento emociones audio\RavdessTessSavee\datos_crudos\ravdess\Audio_Speech_Actors_01-24\Actor_09\03-01-03-02-02-01-09.wav,RAVDESS,09,happy,03,03-01-03-02-02-01-09,03-01-03-02-02-01-09.wav,test
C:\Users\34722\OneDrive\Escritorio\TFG\Reconocimiento emociones audio\RavdessTessSavee\datos_crudos\ravdess\Audio_Speech_Actors_01-24\Actor_09\03-01-03-02-02-02-09.wav,RAVDESS,09,happy,03,03-01-03-02-02-02-09,03-01-03-02-02-02-09.wav,train
C:\Users\34722\OneDrive\Escritorio\TFG\Reconocimiento emociones audio\RavdessTessSavee\datos_crudos\ravdess\Audio_Speech_Actors_01-24\Actor_09\03-01-04-01-01-01-09.wav,RAVDESS,09,sad,04,03-01-04-01-01-01-09,03-01-04-01-01-01-09.wav,train
C:\Users\34722\OneDrive\Escritorio\TFG\Reconocimiento emociones audio\RavdessTessSavee\datos_crudos\ravdess\Audio_Speech_Actors_01-24\Actor_09\03-01-04-01-01-02-09.wav,RAVDESS,09,sad,04,03-01-04-01-01-02-09,03-01-04-01-01-02-09.wav,train
C:\Users\34722\OneDrive\Escritorio\TFG\Reconocimiento emociones audio\RavdessTessSavee\datos_crudos\ravdess\Audio_Speech_Actors_01-24\Actor_09\03-01-04-01-02-01-09.wav,RAVDESS,09,sad,04,03-01-04-01-02-01-09,03-01-04-01-02-01-09.wav,train
C:\Users\34722\OneDrive\Escritorio\TFG\Reconocimiento emociones audio\RavdessTessSavee\datos_crudos\ravdess\Audio_Speech_Actors_01-24\Actor_09\03-01-04-01-02-02-09.wav,RAVDESS,09,sad,04,03-01-04-01-02-02-09,03-01-04-01-02-02-09.wav,train
C:\Users\34722\OneDrive\Escritorio\TFG\Reconocimiento emociones audio\RavdessTessSavee\datos_crudos\ravdess\Audio_Speech_Actors_01-24\Actor_09\03-01-04-02-01-01-09.wav,RAVDESS,09,sad,04,03-01-04-02-01-01-09,03-01-04-02-01-01-09.wav,test
C:\Users\34722\OneDrive\Escritorio\TFG\Reconocimiento emociones audio\RavdessTessSavee\datos_crudos\ravdess\Audio_Speech_Actors_01-24\Actor_09\03-01-04-02-01-02-09.wav,RAVDESS,09,sad,04,03-01-04-02-01-02-09,03-01-04-02-01-02-09.wav,train
C:\Users\34722\OneDrive\Escritorio\TFG\Reconocimiento emociones audio\RavdessTessSavee\datos_crudos\ravdess\Audio_Speech_Actors_01-24\Actor_09\03-01-04-02-02-01-09.wav,RAVDESS,09,sad,04,03-01-04-02-02-01-09,03-01-04-02-02-01-09.wav,train
C:\Users\34722\OneDrive\Escritorio\TFG\Reconocimiento emociones audio\RavdessTessSavee\datos_crudos\ravdess\Audio_Speech_Actors_01-24\Actor_09\03-01-04-02-02-02-09.wav,RAVDESS,09,sad,04,03-01-04-02-02-02-09,03-01-04-02-02-02-09.wav,train
C:\Users\34722\OneDrive\Escritorio\TFG\Reconocimiento emociones audio\RavdessTessSavee\datos_crudos\ravdess\Audio_Speech_Actors_01-24\Actor_09\03-01-05-01-01-01-09.wav,RAVDESS,09,angry,05,03-01-05-01-01-01-09,03-01-05-01-01-01-09.wav,valid
C:\Users\34722\OneDrive\Escritorio\TFG\Reconocimiento emociones audio\RavdessTessSavee\datos_crudos\ravdess\Audio_Speech_Actors_01-24\Actor_09\03-01-05-01-01-02-09.wav,RAVDESS,09,angry,05,03-01-05-01-01-02-09,03-01-05-01-01-02-09.wav,train
C:\Users\34722\OneDrive\Escritorio\TFG\Reconocimiento emociones audio\RavdessTessSavee\datos_crudos\ravdess\Audio_Speech_Actors_01-24\Actor_09\03-01-05-01-02-01-09.wav,RAVDESS,09,angry,05,03-01-05-01-02-01-09,03-01-05-01-02-01-09.wav,train
C:\Users\34722\OneDrive\Escritorio\TFG\Reconocimiento emociones audio\RavdessTessSavee\datos_crudos\ravdess\Audio_Speech_Actors_01-24\Actor_09\03-01-05-01-02-02-09.wav,RAVDESS,09,angry,05,03-01-05-01-02-02-09,03-01-05-01-02-02-09.wav,train
C:\Users\34722\OneDrive\Escritorio\TFG\Reconocimiento emociones audio\RavdessTessSavee\datos_crudos\ravdess\Audio_Speech_Actors_01-24\Actor_09\03-01-05-02-01-01-09.wav,RAVDESS,09,angry,05,03-01-05-02-01-01-09,03-01-05-02-01-01-09.wav,valid
C:\Users\34722\OneDrive\Escritorio\TFG\Reconocimiento emociones audio\RavdessTessSavee\datos_crudos\ravdess\Audio_Speech_Actors_01-24\Actor_09\03-01-05-02-01-02-09.wav,RAVDESS,09,angry,05,03-01-05-02-01-02-09,03-01-05-02-01-02-09.wav,train
C:\Users\34722\OneDrive\Escritorio\TFG\Reconocimiento emociones audio\RavdessTessSavee\datos_crudos\ravdess\Audio_Speech_Actors_01-24\Actor_09\03-01-05-02-02-01-09.wav,RAVDESS,09,angry,05,03-01-05-02-02-01-09,03-01-05-02-02-01-09.wav,train
C:\Users\34722\OneDrive\Escritorio\TFG\Reconocimiento emociones audio\RavdessTessSavee\datos_crudos\ravdess\Audio_Speech_Actors_01-24\Actor_09\03-01-05-02-02-02-09.wav,RAVDESS,09,angry,05,03-01-05-02-02-02-09,03-01-05-02-02-02-09.wav,test
C:\Users\34722\OneDrive\Escritorio\TFG\Reconocimiento emociones audio\RavdessTessSavee\datos_crudos\ravdess\Audio_Speech_Actors_01-24\Actor_09\03-01-06-01-01-01-09.wav,RAVDESS,09,fearful,06,03-01-06-01-01-01-09,03-01-06-01-01-01-09.wav,train
C:\Users\34722\OneDrive\Escritorio\TFG\Reconocimiento emociones audio\RavdessTessSavee\datos_crudos\ravdess\Audio_Speech_Actors_01-24\Actor_09\03-01-06-01-01-02-09.wav,RAVDESS,09,fearful,06,03-01-06-01-01-02-09,03-01-06-01-01-02-09.wav,valid
C:\Users\34722\OneDrive\Escritorio\TFG\Reconocimiento emociones audio\RavdessTessSavee\datos_crudos\ravdess\Audio_Speech_Actors_01-24\Actor_09\03-01-06-01-02-01-09.wav,RAVDESS,09,fearful,06,03-01-06-01-02-01-09,03-01-06-01-02-01-09.wav,valid
C:\Users\34722\OneDrive\Escritorio\TFG\Reconocimiento emociones audio\RavdessTessSavee\datos_crudos\ravdess\Audio_Speech_Actors_01-24\Actor_09\03-01-06-01-02-02-09.wav,RAVDESS,09,fearful,06,03-01-06-01-02-02-09,03-01-06-01-02-02-09.wav,test
C:\Users\34722\OneDrive\Escritorio\TFG\Reconocimiento emociones audio\RavdessTessSavee\datos_crudos\ravdess\Audio_Speech_Actors_01-24\Actor_09\03-01-06-02-01-01-09.wav,RAVDESS,09,fearful,06,03-01-06-02-01-01-09,03-01-06-02-01-01-09.wav,train
C:\Users\34722\OneDrive\Escritorio\TFG\Reconocimiento emociones audio\RavdessTessSavee\datos_crudos\ravdess\Audio_Speech_Actors_01-24\Actor_09\03-01-06-02-01-02-09.wav,RAVDESS,09,fearful,06,03-01-06-02-01-02-09,03-01-06-02-01-02-09.wav,test
C:\Users\34722\OneDrive\Escritorio\TFG\Reconocimiento emociones audio\RavdessTessSavee\datos_crudos\ravdess\Audio_Speech_Actors_01-24\Actor_09\03-01-06-02-02-01-09.wav,RAVDESS,09,fearful,06,03-01-06-02-02-01-09,03-01-06-02-02-01-09.wav,train
C:\Users\34722\OneDrive\Escritorio\TFG\Reconocimiento emociones audio\RavdessTessSavee\datos_crudos\ravdess\Audio_Speech_Actors_01-24\Actor_09\03-01-06-02-02-02-09.wav,RAVDESS,09,fearful,06,03-01-06-02-02-02-09,03-01-06-02-02-02-09.wav,train
C:\Users\34722\OneDrive\Escritorio\TFG\Reconocimiento emociones audio\RavdessTessSavee\datos_crudos\ravdess\Audio_Speech_Actors_01-24\Actor_10\03-01-03-01-01-01-10.wav,RAVDESS,10,happy,03,03-01-03-01-01-01-10,03-01-03-01-01-01-10.wav,train
C:\Users\34722\OneDrive\Escritorio\TFG\Reconocimiento emociones audio\RavdessTessSavee\datos_crudos\ravdess\Audio_Speech_Actors_01-24\Actor_10\03-01-03-01-01-02-10.wav,RAVDESS,10,happy,03,03-01-03-01-01-02-10,03-01-03-01-01-02-10.wav,test
C:\Users\34722\OneDrive\Escritorio\TFG\Reconocimiento emociones audio\RavdessTessSavee\datos_crudos\ravdess\Audio_Speech_Actors_01-24\Actor_10\03-01-03-01-02-01-10.wav,RAVDESS,10,happy,03,03-01-03-01-02-01-10,03-01-03-01-02-01-10.wav,train
C:\Users\34722\OneDrive\Escritorio\TFG\Reconocimiento emociones audio\RavdessTessSavee\datos_crudos\ravdess\Audio_Speech_Actors_01-24\Actor_10\03-01-03-01-02-02-10.wav,RAVDESS,10,happy,03,03-01-03-01-02-02-10,03-01-03-01-02-02-10.wav,valid
C:\Users\34722\OneDrive\Escritorio\TFG\Reconocimiento emociones audio\RavdessTessSavee\datos_crudos\ravdess\Audio_Speech_Actors_01-24\Actor_10\03-01-03-02-01-01-10.wav,RAVDESS,10,happy,03,03-01-03-02-01-01-10,03-01-03-02-01-01-10.wav,train
C:\Users\34722\OneDrive\Escritorio\TFG\Reconocimiento emociones audio\RavdessTessSavee\datos_crudos\ravdess\Audio_Speech_Actors_01-24\Actor_10\03-01-03-02-01-02-10.wav,RAVDESS,10,happy,03,03-01-03-02-01-02-10,03-01-03-02-01-02-10.wav,train
C:\Users\34722\OneDrive\Escritorio\TFG\Reconocimiento emociones audio\RavdessTessSavee\datos_crudos\ravdess\Audio_Speech_Actors_01-24\Actor_10\03-01-03-02-02-01-10.wav,RAVDESS,10,happy,03,03-01-03-02-02-01-10,03-01-03-02-02-01-10.wav,train
C:\Users\34722\OneDrive\Escritorio\TFG\Reconocimiento emociones audio\RavdessTessSavee\datos_crudos\ravdess\Audio_Speech_Actors_01-24\Actor_10\03-01-03-02-02-02-10.wav,RAVDESS,10,happy,03,03-01-03-02-02-02-10,03-01-03-02-02-02-10.wav,train
C:\Users\34722\OneDrive\Escritorio\TFG\Reconocimiento emociones audio\RavdessTessSavee\datos_crudos\ravdess\Audio_Speech_Actors_01-24\Actor_10\03-01-04-01-01-01-10.wav,RAVDESS,10,sad,04,03-01-04-01-01-01-10,03-01-04-01-01-01-10.wav,test
C:\Users\34722\OneDrive\Escritorio\TFG\Reconocimiento emociones audio\RavdessTessSavee\datos_crudos\ravdess\Audio_Speech_Actors_01-24\Actor_10\03-01-04-01-01-02-10.wav,RAVDESS,10,sad,04,03-01-04-01-01-02-10,03-01-04-01-01-02-10.wav,train
C:\Users\34722\OneDrive\Escritorio\TFG\Reconocimiento emociones audio\RavdessTessSavee\datos_crudos\ravdess\Audio_Speech_Actors_01-24\Actor_10\03-01-04-01-02-01-10.wav,RAVDESS,10,sad,04,03-01-04-01-02-01-10,03-01-04-01-02-01-10.wav,train
C:\Users\34722\OneDrive\Escritorio\TFG\Reconocimiento emociones audio\RavdessTessSavee\datos_crudos\ravdess\Audio_Speech_Actors_01-24\Actor_10\03-01-04-01-02-02-10.wav,RAVDESS,10,sad,04,03-01-04-01-02-02-10,03-01-04-01-02-02-10.wav,train
C:\Users\34722\OneDrive\Escritorio\TFG\Reconocimiento emociones audio\RavdessTessSavee\datos_crudos\ravdess\Audio_Speech_Actors_01-24\Actor_10\03-01-04-02-01-01-10.wav,RAVDESS,10,sad,04,03-01-04-02-01-01-10,03-01-04-02-01-01-10.wav,train
C:\Users\34722\OneDrive\Escritorio\TFG\Reconocimiento emociones audio\RavdessTessSavee\datos_crudos\ravdess\Audio_Speech_Actors_01-24\Actor_10\03-01-04-02-01-02-10.wav,RAVDESS,10,sad,04,03-01-04-02-01-02-10,03-01-04-02-01-02-10.wav,train
C:\Users\34722\OneDrive\Escritorio\TFG\Reconocimiento emociones audio\RavdessTessSavee\datos_crudos\ravdess\Audio_Speech_Actors_01-24\Actor_10\03-01-04-02-02-01-10.wav,RAVDESS,10,sad,04,03-01-04-02-02-01-10,03-01-04-02-02-01-10.wav,valid
C:\Users\34722\OneDrive\Escritorio\TFG\Reconocimiento emociones audio\RavdessTessSavee\datos_crudos\ravdess\Audio_Speech_Actors_01-24\Actor_10\03-01-04-02-02-02-10.wav,RAVDESS,10,sad,04,03-01-04-02-02-02-10,03-01-04-02-02-02-10.wav,test
C:\Users\34722\OneDrive\Escritorio\TFG\Reconocimiento emociones audio\RavdessTessSavee\datos_crudos\ravdess\Audio_Speech_Actors_01-24\Actor_10\03-01-05-01-01-01-10.wav,RAVDESS,10,angry,05,03-01-05-01-01-01-10,03-01-05-01-01-01-10.wav,valid
C:\Users\34722\OneDrive\Escritorio\TFG\Reconocimiento emociones audio\RavdessTessSavee\datos_crudos\ravdess\Audio_Speech_Actors_01-24\Actor_10\03-01-05-01-01-02-10.wav,RAVDESS,10,angry,05,03-01-05-01-01-02-10,03-01-05-01-01-02-10.wav,train
C:\Users\34722\OneDrive\Escritorio\TFG\Reconocimiento emociones audio\RavdessTessSavee\datos_crudos\ravdess\Audio_Speech_Actors_01-24\Actor_10\03-01-05-01-02-01-10.wav,RAVDESS,10,angry,05,03-01-05-01-02-01-10,03-01-05-01-02-01-10.wav,train
C:\Users\34722\OneDrive\Escritorio\TFG\Reconocimiento emociones audio\RavdessTessSavee\datos_crudos\ravdess\Audio_Speech_Actors_01-24\Actor_10\03-01-05-01-02-02-10.wav,RAVDESS,10,angry,05,03-01-05-01-02-02-10,03-01-05-01-02-02-10.wav,train
C:\Users\34722\OneDrive\Escritorio\TFG\Reconocimiento emociones audio\RavdessTessSavee\datos_crudos\ravdess\Audio_Speech_Actors_01-24\Actor_10\03-01-05-02-01-01-10.wav,RAVDESS,10,angry,05,03-01-05-02-01-01-10,03-01-05-02-01-01-10.wav,train
C:\Users\34722\OneDrive\Escritorio\TFG\Reconocimiento emociones audio\RavdessTessSavee\datos_crudos\ravdess\Audio_Speech_Actors_01-24\Actor_10\03-01-05-02-01-02-10.wav,RAVDESS,10,angry,05,03-01-05-02-01-02-10,03-01-05-02-01-02-10.wav,test
C:\Users\34722\OneDrive\Escritorio\TFG\Reconocimiento emociones audio\RavdessTessSavee\datos_crudos\ravdess\Audio_Speech_Actors_01-24\Actor_10\03-01-05-02-02-01-10.wav,RAVDESS,10,angry,05,03-01-05-02-02-01-10,03-01-05-02-02-01-10.wav,train
C:\Users\34722\OneDrive\Escritorio\TFG\Reconocimiento emociones audio\RavdessTessSavee\datos_crudos\ravdess\Audio_Speech_Actors_01-24\Actor_10\03-01-05-02-02-02-10.wav,RAVDESS,10,angry,05,03-01-05-02-02-02-10,03-01-05-02-02-02-10.wav,train
C:\Users\34722\OneDrive\Escritorio\TFG\Reconocimiento emociones audio\RavdessTessSavee\datos_crudos\ravdess\Audio_Speech_Actors_01-24\Actor_10\03-01-06-01-01-01-10.wav,RAVDESS,10,fearful,06,03-01-06-01-01-01-10,03-01-06-01-01-01-10.wav,train
C:\Users\34722\OneDrive\Escritorio\TFG\Reconocimiento emociones audio\RavdessTessSavee\datos_crudos\ravdess\Audio_Speech_Actors_01-24\Actor_10\03-01-06-01-01-02-10.wav,RAVDESS,10,fearful,06,03-01-06-01-01-02-10,03-01-06-01-01-02-10.wav,train
C:\Users\34722\OneDrive\Escritorio\TFG\Reconocimiento emociones audio\RavdessTessSavee\datos_crudos\ravdess\Audio_Speech_Actors_01-24\Actor_10\03-01-06-01-02-01-10.wav,RAVDESS,10,fearful,06,03-01-06-01-02-01-10,03-01-06-01-02-01-10.wav,train
C:\Users\34722\OneDrive\Escritorio\TFG\Reconocimiento emociones audio\RavdessTessSavee\datos_crudos\ravdess\Audio_Speech_Actors_01-24\Actor_10\03-01-06-01-02-02-10.wav,RAVDESS,10,fearful,06,03-01-06-01-02-02-10,03-01-06-01-02-02-10.wav,train
C:\Users\34722\OneDrive\Escritorio\TFG\Reconocimiento emociones audio\RavdessTessSavee\datos_crudos\ravdess\Audio_Speech_Actors_01-24\Actor_10\03-01-06-02-01-01-10.wav,RAVDESS,10,fearful,06,03-01-06-02-01-01-10,03-01-06-02-01-01-10.wav,train
C:\Users\34722\OneDrive\Escritorio\TFG\Reconocimiento emociones audio\RavdessTessSavee\datos_crudos\ravdess\Audio_Speech_Actors_01-24\Actor_10\03-01-06-02-01-02-10.wav,RAVDESS,10,fearful,06,03-01-06-02-01-02-10,03-01-06-02-01-02-10.wav,test
C:\Users\34722\OneDrive\Escritorio\TFG\Reconocimiento emociones audio\RavdessTessSavee\datos_crudos\ravdess\Audio_Speech_Actors_01-24\Actor_10\03-01-06-02-02-01-10.wav,RAVDESS,10,fearful,06,03-01-06-02-02-01-10,03-01-06-02-02-01-10.wav,train
C:\Users\34722\OneDrive\Escritorio\TFG\Reconocimiento emociones audio\RavdessTessSavee\datos_crudos\ravdess\Audio_Speech_Actors_01-24\Actor_10\03-01-06-02-02-02-10.wav,RAVDESS,10,fearful,06,03-01-06-02-02-02-10,03-01-06-02-02-02-10.wav,train
C:\Users\34722\OneDrive\Escritorio\TFG\Reconocimiento emociones audio\RavdessTessSavee\datos_crudos\ravdess\Audio_Speech_Actors_01-24\Actor_11\03-01-03-01-01-01-11.wav,RAVDESS,11,happy,03,03-01-03-01-01-01-11,03-01-03-01-01-01-11.wav,test
C:\Users\34722\OneDrive\Escritorio\TFG\Reconocimiento emociones audio\RavdessTessSavee\datos_crudos\ravdess\Audio_Speech_Actors_01-24\Actor_11\03-01-03-01-01-02-11.wav,RAVDESS,11,happy,03,03-01-03-01-01-02-11,03-01-03-01-01-02-11.wav,train
C:\Users\34722\OneDrive\Escritorio\TFG\Reconocimiento emociones audio\RavdessTessSavee\datos_crudos\ravdess\Audio_Speech_Actors_01-24\Actor_11\03-01-03-01-02-01-11.wav,RAVDESS,11,happy,03,03-01-03-01-02-01-11,03-01-03-01-02-01-11.wav,train
C:\Users\34722\OneDrive\Escritorio\TFG\Reconocimiento emociones audio\RavdessTessSavee\datos_crudos\ravdess\Audio_Speech_Actors_01-24\Actor_11\03-01-03-01-02-02-11.wav,RAVDESS,11,happy,03,03-01-03-01-02-02-11,03-01-03-01-02-02-11.wav,train
C:\Users\34722\OneDrive\Escritorio\TFG\Reconocimiento emociones audio\RavdessTessSavee\datos_crudos\ravdess\Audio_Speech_Actors_01-24\Actor_11\03-01-03-02-01-01-11.wav,RAVDESS,11,happy,03,03-01-03-02-01-01-11,03-01-03-02-01-01-11.wav,train
C:\Users\34722\OneDrive\Escritorio\TFG\Reconocimiento emociones audio\RavdessTessSavee\datos_crudos\ravdess\Audio_Speech_Actors_01-24\Actor_11\03-01-03-02-01-02-11.wav,RAVDESS,11,happy,03,03-01-03-02-01-02-11,03-01-03-02-01-02-11.wav,train
C:\Users\34722\OneDrive\Escritorio\TFG\Reconocimiento emociones audio\RavdessTessSavee\datos_crudos\ravdess\Audio_Speech_Actors_01-24\Actor_11\03-01-03-02-02-01-11.wav,RAVDESS,11,happy,03,03-01-03-02-02-01-11,03-01-03-02-02-01-11.wav,train
C:\Users\34722\OneDrive\Escritorio\TFG\Reconocimiento emociones audio\RavdessTessSavee\datos_crudos\ravdess\Audio_Speech_Actors_01-24\Actor_11\03-01-03-02-02-02-11.wav,RAVDESS,11,happy,03,03-01-03-02-02-02-11,03-01-03-02-02-02-11.wav,valid
C:\Users\34722\OneDrive\Escritorio\TFG\Reconocimiento emociones audio\RavdessTessSavee\datos_crudos\ravdess\Audio_Speech_Actors_01-24\Actor_11\03-01-04-01-01-01-11.wav,RAVDESS,11,sad,04,03-01-04-01-01-01-11,03-01-04-01-01-01-11.wav,valid
C:\Users\34722\OneDrive\Escritorio\TFG\Reconocimiento emociones audio\RavdessTessSavee\datos_crudos\ravdess\Audio_Speech_Actors_01-24\Actor_11\03-01-04-01-01-02-11.wav,RAVDESS,11,sad,04,03-01-04-01-01-02-11,03-01-04-01-01-02-11.wav,valid
C:\Users\34722\OneDrive\Escritorio\TFG\Reconocimiento emociones audio\RavdessTessSavee\datos_crudos\ravdess\Audio_Speech_Actors_01-24\Actor_11\03-01-04-01-02-01-11.wav,RAVDESS,11,sad,04,03-01-04-01-02-01-11,03-01-04-01-02-01-11.wav,valid
C:\Users\34722\OneDrive\Escritorio\TFG\Reconocimiento emociones audio\RavdessTessSavee\datos_crudos\ravdess\Audio_Speech_Actors_01-24\Actor_11\03-01-04-01-02-02-11.wav,RAVDESS,11,sad,04,03-01-04-01-02-02-11,03-01-04-01-02-02-11.wav,train
C:\Users\34722\OneDrive\Escritorio\TFG\Reconocimiento emociones audio\RavdessTessSavee\datos_crudos\ravdess\Audio_Speech_Actors_01-24\Actor_11\03-01-04-02-01-01-11.wav,RAVDESS,11,sad,04,03-01-04-02-01-01-11,03-01-04-02-01-01-11.wav,train
C:\Users\34722\OneDrive\Escritorio\TFG\Reconocimiento emociones audio\RavdessTessSavee\datos_crudos\ravdess\Audio_Speech_Actors_01-24\Actor_11\03-01-04-02-01-02-11.wav,RAVDESS,11,sad,04,03-01-04-02-01-02-11,03-01-04-02-01-02-11.wav,train
C:\Users\34722\OneDrive\Escritorio\TFG\Reconocimiento emociones audio\RavdessTessSavee\datos_crudos\ravdess\Audio_Speech_Actors_01-24\Actor_11\03-01-04-02-02-01-11.wav,RAVDESS,11,sad,04,03-01-04-02-02-01-11,03-01-04-02-02-01-11.wav,train
C:\Users\34722\OneDrive\Escritorio\TFG\Reconocimiento emociones audio\RavdessTessSavee\datos_crudos\ravdess\Audio_Speech_Actors_01-24\Actor_11\03-01-04-02-02-02-11.wav,RAVDESS,11,sad,04,03-01-04-02-02-02-11,03-01-04-02-02-02-11.wav,train
C:\Users\34722\OneDrive\Escritorio\TFG\Reconocimiento emociones audio\RavdessTessSavee\datos_crudos\ravdess\Audio_Speech_Actors_01-24\Actor_11\03-01-05-01-01-01-11.wav,RAVDESS,11,angry,05,03-01-05-01-01-01-11,03-01-05-01-01-01-11.wav,valid
C:\Users\34722\OneDrive\Escritorio\TFG\Reconocimiento emociones audio\RavdessTessSavee\datos_crudos\ravdess\Audio_Speech_Actors_01-24\Actor_11\03-01-05-01-01-02-11.wav,RAVDESS,11,angry,05,03-01-05-01-01-02-11,03-01-05-01-01-02-11.wav,train
C:\Users\34722\OneDrive\Escritorio\TFG\Reconocimiento emociones audio\RavdessTessSavee\datos_crudos\ravdess\Audio_Speech_Actors_01-24\Actor_11\03-01-05-01-02-01-11.wav,RAVDESS,11,angry,05,03-01-05-01-02-01-11,03-01-05-01-02-01-11.wav,train
C:\Users\34722\OneDrive\Escritorio\TFG\Reconocimiento emociones audio\RavdessTessSavee\datos_crudos\ravdess\Audio_Speech_Actors_01-24\Actor_11\03-01-05-01-02-02-11.wav,RAVDESS,11,angry,05,03-01-05-01-02-02-11,03-01-05-01-02-02-11.wav,test
C:\Users\34722\OneDrive\Escritorio\TFG\Reconocimiento emociones audio\RavdessTessSavee\datos_crudos\ravdess\Audio_Speech_Actors_01-24\Actor_11\03-01-05-02-01-01-11.wav,RAVDESS,11,angry,05,03-01-05-02-01-01-11,03-01-05-02-01-01-11.wav,train
C:\Users\34722\OneDrive\Escritorio\TFG\Reconocimiento emociones audio\RavdessTessSavee\datos_crudos\ravdess\Audio_Speech_Actors_01-24\Actor_11\03-01-05-02-01-02-11.wav,RAVDESS,11,angry,05,03-01-05-02-01-02-11,03-01-05-02-01-02-11.wav,train
C:\Users\34722\OneDrive\Escritorio\TFG\Reconocimiento emociones audio\RavdessTessSavee\datos_crudos\ravdess\Audio_Speech_Actors_01-24\Actor_11\03-01-05-02-02-01-11.wav,RAVDESS,11,angry,05,03-01-05-02-02-01-11,03-01-05-02-02-01-11.wav,test
C:\Users\34722\OneDrive\Escritorio\TFG\Reconocimiento emociones audio\RavdessTessSavee\datos_crudos\ravdess\Audio_Speech_Actors_01-24\Actor_11\03-01-05-02-02-02-11.wav,RAVDESS,11,angry,05,03-01-05-02-02-02-11,03-01-05-02-02-02-11.wav,train
C:\Users\34722\OneDrive\Escritorio\TFG\Reconocimiento emociones audio\RavdessTessSavee\datos_crudos\ravdess\Audio_Speech_Actors_01-24\Actor_11\03-01-06-01-01-01-11.wav,RAVDESS,11,fearful,06,03-01-06-01-01-01-11,03-01-06-01-01-01-11.wav,valid
C:\Users\34722\OneDrive\Escritorio\TFG\Reconocimiento emociones audio\RavdessTessSavee\datos_crudos\ravdess\Audio_Speech_Actors_01-24\Actor_11\03-01-06-01-01-02-11.wav,RAVDESS,11,fearful,06,03-01-06-01-01-02-11,03-01-06-01-01-02-11.wav,train
C:\Users\34722\OneDrive\Escritorio\TFG\Reconocimiento emociones audio\RavdessTessSavee\datos_crudos\ravdess\Audio_Speech_Actors_01-24\Actor_11\03-01-06-01-02-01-11.wav,RAVDESS,11,fearful,06,03-01-06-01-02-01-11,03-01-06-01-02-01-11.wav,test
C:\Users\34722\OneDrive\Escritorio\TFG\Reconocimiento emociones audio\RavdessTessSavee\datos_crudos\ravdess\Audio_Speech_Actors_01-24\Actor_11\03-01-06-01-02-02-11.wav,RAVDESS,11,fearful,06,03-01-06-01-02-02-11,03-01-06-01-02-02-11.wav,test
C:\Users\34722\OneDrive\Escritorio\TFG\Reconocimiento emociones audio\RavdessTessSavee\datos_crudos\ravdess\Audio_Speech_Actors_01-24\Actor_11\03-01-06-02-01-01-11.wav,RAVDESS,11,fearful,06,03-01-06-02-01-01-11,03-01-06-02-01-01-11.wav,valid
C:\Users\34722\OneDrive\Escritorio\TFG\Reconocimiento emociones audio\RavdessTessSavee\datos_crudos\ravdess\Audio_Speech_Actors_01-24\Actor_11\03-01-06-02-01-02-11.wav,RAVDESS,11,fearful,06,03-01-06-02-01-02-11,03-01-06-02-01-02-11.wav,valid
C:\Users\34722\OneDrive\Escritorio\TFG\Reconocimiento emociones audio\RavdessTessSavee\datos_crudos\ravdess\Audio_Speech_Actors_01-24\Actor_11\03-01-06-02-02-01-11.wav,RAVDESS,11,fearful,06,03-01-06-02-02-01-11,03-01-06-02-02-01-11.wav,train
C:\Users\34722\OneDrive\Escritorio\TFG\Reconocimiento emociones audio\RavdessTessSavee\datos_crudos\ravdess\Audio_Speech_Actors_01-24\Actor_11\03-01-06-02-02-02-11.wav,RAVDESS,11,fearful,06,03-01-06-02-02-02-11,03-01-06-02-02-02-11.wav,train
C:\Users\34722\OneDrive\Escritorio\TFG\Reconocimiento emociones audio\RavdessTessSavee\datos_crudos\ravdess\Audio_Speech_Actors_01-24\Actor_12\03-01-03-01-01-01-12.wav,RAVDESS,12,happy,03,03-01-03-01-01-01-12,03-01-03-01-01-01-12.wav,test
C:\Users\34722\OneDrive\Escritorio\TFG\Reconocimiento emociones audio\RavdessTessSavee\datos_crudos\ravdess\Audio_Speech_Actors_01-24\Actor_12\03-01-03-01-01-02-12.wav,RAVDESS,12,happy,03,03-01-03-01-01-02-12,03-01-03-01-01-02-12.wav,train
C:\Users\34722\OneDrive\Escritorio\TFG\Reconocimiento emociones audio\RavdessTessSavee\datos_crudos\ravdess\Audio_Speech_Actors_01-24\Actor_12\03-01-03-01-02-01-12.wav,RAVDESS,12,happy,03,03-01-03-01-02-01-12,03-01-03-01-02-01-12.wav,train
C:\Users\34722\OneDrive\Escritorio\TFG\Reconocimiento emociones audio\RavdessTessSavee\datos_crudos\ravdess\Audio_Speech_Actors_01-24\Actor_12\03-01-03-01-02-02-12.wav,RAVDESS,12,happy,03,03-01-03-01-02-02-12,03-01-03-01-02-02-12.wav,train
C:\Users\34722\OneDrive\Escritorio\TFG\Reconocimiento emociones audio\RavdessTessSavee\datos_crudos\ravdess\Audio_Speech_Actors_01-24\Actor_12\03-01-03-02-01-01-12.wav,RAVDESS,12,happy,03,03-01-03-02-01-01-12,03-01-03-02-01-01-12.wav,test
C:\Users\34722\OneDrive\Escritorio\TFG\Reconocimiento emociones audio\RavdessTessSavee\datos_crudos\ravdess\Audio_Speech_Actors_01-24\Actor_12\03-01-03-02-01-02-12.wav,RAVDESS,12,happy,03,03-01-03-02-01-02-12,03-01-03-02-01-02-12.wav,train
C:\Users\34722\OneDrive\Escritorio\TFG\Reconocimiento emociones audio\RavdessTessSavee\datos_crudos\ravdess\Audio_Speech_Actors_01-24\Actor_12\03-01-03-02-02-01-12.wav,RAVDESS,12,happy,03,03-01-03-02-02-01-12,03-01-03-02-02-01-12.wav,train
C:\Users\34722\OneDrive\Escritorio\TFG\Reconocimiento emociones audio\RavdessTessSavee\datos_crudos\ravdess\Audio_Speech_Actors_01-24\Actor_12\03-01-03-02-02-02-12.wav,RAVDESS,12,happy,03,03-01-03-02-02-02-12,03-01-03-02-02-02-12.wav,test
C:\Users\34722\OneDrive\Escritorio\TFG\Reconocimiento emociones audio\RavdessTessSavee\datos_crudos\ravdess\Audio_Speech_Actors_01-24\Actor_12\03-01-04-01-01-01-12.wav,RAVDESS,12,sad,04,03-01-04-01-01-01-12,03-01-04-01-01-01-12.wav,train
C:\Users\34722\OneDrive\Escritorio\TFG\Reconocimiento emociones audio\RavdessTessSavee\datos_crudos\ravdess\Audio_Speech_Actors_01-24\Actor_12\03-01-04-01-01-02-12.wav,RAVDESS,12,sad,04,03-01-04-01-01-02-12,03-01-04-01-01-02-12.wav,train
C:\Users\34722\OneDrive\Escritorio\TFG\Reconocimiento emociones audio\RavdessTessSavee\datos_crudos\ravdess\Audio_Speech_Actors_01-24\Actor_12\03-01-04-01-02-01-12.wav,RAVDESS,12,sad,04,03-01-04-01-02-01-12,03-01-04-01-02-01-12.wav,train
C:\Users\34722\OneDrive\Escritorio\TFG\Reconocimiento emociones audio\RavdessTessSavee\datos_crudos\ravdess\Audio_Speech_Actors_01-24\Actor_12\03-01-04-01-02-02-12.wav,RAVDESS,12,sad,04,03-01-04-01-02-02-12,03-01-04-01-02-02-12.wav,train
C:\Users\34722\OneDrive\Escritorio\TFG\Reconocimiento emociones audio\RavdessTessSavee\datos_crudos\ravdess\Audio_Speech_Actors_01-24\Actor_12\03-01-04-02-01-01-12.wav,RAVDESS,12,sad,04,03-01-04-02-01-01-12,03-01-04-02-01-01-12.wav,test
C:\Users\34722\OneDrive\Escritorio\TFG\Reconocimiento emociones audio\RavdessTessSavee\datos_crudos\ravdess\Audio_Speech_Actors_01-24\Actor_12\03-01-04-02-01-02-12.wav,RAVDESS,12,sad,04,03-01-04-02-01-02-12,03-01-04-02-01-02-12.wav,train
C:\Users\34722\OneDrive\Escritorio\TFG\Reconocimiento emociones audio\RavdessTessSavee\datos_crudos\ravdess\Audio_Speech_Actors_01-24\Actor_12\03-01-04-02-02-01-12.wav,RAVDESS,12,sad,04,03-01-04-02-02-01-12,03-01-04-02-02-01-12.wav,train
C:\Users\34722\OneDrive\Escritorio\TFG\Reconocimiento emociones audio\RavdessTessSavee\datos_crudos\ravdess\Audio_Speech_Actors_01-24\Actor_12\03-01-04-02-02-02-12.wav,RAVDESS,12,sad,04,03-01-04-02-02-02-12,03-01-04-02-02-02-12.wav,train
C:\Users\34722\OneDrive\Escritorio\TFG\Reconocimiento emociones audio\RavdessTessSavee\datos_crudos\ravdess\Audio_Speech_Actors_01-24\Actor_12\03-01-05-01-01-01-12.wav,RAVDESS,12,angry,05,03-01-05-01-01-01-12,03-01-05-01-01-01-12.wav,train
C:\Users\34722\OneDrive\Escritorio\TFG\Reconocimiento emociones audio\RavdessTessSavee\datos_crudos\ravdess\Audio_Speech_Actors_01-24\Actor_12\03-01-05-01-01-02-12.wav,RAVDESS,12,angry,05,03-01-05-01-01-02-12,03-01-05-01-01-02-12.wav,train
C:\Users\34722\OneDrive\Escritorio\TFG\Reconocimiento emociones audio\RavdessTessSavee\datos_crudos\ravdess\Audio_Speech_Actors_01-24\Actor_12\03-01-05-01-02-01-12.wav,RAVDESS,12,angry,05,03-01-05-01-02-01-12,03-01-05-01-02-01-12.wav,valid
C:\Users\34722\OneDrive\Escritorio\TFG\Reconocimiento emociones audio\RavdessTessSavee\datos_crudos\ravdess\Audio_Speech_Actors_01-24\Actor_12\03-01-05-01-02-02-12.wav,RAVDESS,12,angry,05,03-01-05-01-02-02-12,03-01-05-01-02-02-12.wav,test
C:\Users\34722\OneDrive\Escritorio\TFG\Reconocimiento emociones audio\RavdessTessSavee\datos_crudos\ravdess\Audio_Speech_Actors_01-24\Actor_12\03-01-05-02-01-01-12.wav,RAVDESS,12,angry,05,03-01-05-02-01-01-12,03-01-05-02-01-01-12.wav,train
C:\Users\34722\OneDrive\Escritorio\TFG\Reconocimiento emociones audio\RavdessTessSavee\datos_crudos\ravdess\Audio_Speech_Actors_01-24\Actor_12\03-01-05-02-01-02-12.wav,RAVDESS,12,angry,05,03-01-05-02-01-02-12,03-01-05-02-01-02-12.wav,train
C:\Users\34722\OneDrive\Escritorio\TFG\Reconocimiento emociones audio\RavdessTessSavee\datos_crudos\ravdess\Audio_Speech_Actors_01-24\Actor_12\03-01-05-02-02-01-12.wav,RAVDESS,12,angry,05,03-01-05-02-02-01-12,03-01-05-02-02-01-12.wav,train
C:\Users\34722\OneDrive\Escritorio\TFG\Reconocimiento emociones audio\RavdessTessSavee\datos_crudos\ravdess\Audio_Speech_Actors_01-24\Actor_12\03-01-05-02-02-02-12.wav,RAVDESS,12,angry,05,03-01-05-02-02-02-12,03-01-05-02-02-02-12.wav,train
C:\Users\34722\OneDrive\Escritorio\TFG\Reconocimiento emociones audio\RavdessTessSavee\datos_crudos\ravdess\Audio_Speech_Actors_01-24\Actor_12\03-01-06-01-01-01-12.wav,RAVDESS,12,fearful,06,03-01-06-01-01-01-12,03-01-06-01-01-01-12.wav,train
C:\Users\34722\OneDrive\Escritorio\TFG\Reconocimiento emociones audio\RavdessTessSavee\datos_crudos\ravdess\Audio_Speech_Actors_01-24\Actor_12\03-01-06-01-01-02-12.wav,RAVDESS,12,fearful,06,03-01-06-01-01-02-12,03-01-06-01-01-02-12.wav,train
C:\Users\34722\OneDrive\Escritorio\TFG\Reconocimiento emociones audio\RavdessTessSavee\datos_crudos\ravdess\Audio_Speech_Actors_01-24\Actor_12\03-01-06-01-02-01-12.wav,RAVDESS,12,fearful,06,03-01-06-01-02-01-12,03-01-06-01-02-01-12.wav,test
C:\Users\34722\OneDrive\Escritorio\TFG\Reconocimiento emociones audio\RavdessTessSavee\datos_crudos\ravdess\Audio_Speech_Actors_01-24\Actor_12\03-01-06-01-02-02-12.wav,RAVDESS,12,fearful,06,03-01-06-01-02-02-12,03-01-06-01-02-02-12.wav,train
C:\Users\34722\OneDrive\Escritorio\TFG\Reconocimiento emociones audio\RavdessTessSavee\datos_crudos\ravdess\Audio_Speech_Actors_01-24\Actor_12\03-01-06-02-01-01-12.wav,RAVDESS,12,fearful,06,03-01-06-02-01-01-12,03-01-06-02-01-01-12.wav,train
C:\Users\34722\OneDrive\Escritorio\TFG\Reconocimiento emociones audio\RavdessTessSavee\datos_crudos\ravdess\Audio_Speech_Actors_01-24\Actor_12\03-01-06-02-01-02-12.wav,RAVDESS,12,fearful,06,03-01-06-02-01-02-12,03-01-06-02-01-02-12.wav,train
C:\Users\34722\OneDrive\Escritorio\TFG\Reconocimiento emociones audio\RavdessTessSavee\datos_crudos\ravdess\Audio_Speech_Actors_01-24\Actor_12\03-01-06-02-02-01-12.wav,RAVDESS,12,fearful,06,03-01-06-02-02-01-12,03-01-06-02-02-01-12.wav,train
C:\Users\34722\OneDrive\Escritorio\TFG\Reconocimiento emociones audio\RavdessTessSavee\datos_crudos\ravdess\Audio_Speech_Actors_01-24\Actor_12\03-01-06-02-02-02-12.wav,RAVDESS,12,fearful,06,03-01-06-02-02-02-12,03-01-06-02-02-02-12.wav,train
C:\Users\34722\OneDrive\Escritorio\TFG\Reconocimiento emociones audio\RavdessTessSavee\datos_crudos\ravdess\Audio_Speech_Actors_01-24\Actor_13\03-01-03-01-01-01-13.wav,RAVDESS,13,happy,03,03-01-03-01-01-01-13,03-01-03-01-01-01-13.wav,train
C:\Users\34722\OneDrive\Escritorio\TFG\Reconocimiento emociones audio\RavdessTessSavee\datos_crudos\ravdess\Audio_Speech_Actors_01-24\Actor_13\03-01-03-01-01-02-13.wav,RAVDESS,13,happy,03,03-01-03-01-01-02-13,03-01-03-01-01-02-13.wav,train
C:\Users\34722\OneDrive\Escritorio\TFG\Reconocimiento emociones audio\RavdessTessSavee\datos_crudos\ravdess\Audio_Speech_Actors_01-24\Actor_13\03-01-03-01-02-01-13.wav,RAVDESS,13,happy,03,03-01-03-01-02-01-13,03-01-03-01-02-01-13.wav,train
C:\Users\34722\OneDrive\Escritorio\TFG\Reconocimiento emociones audio\RavdessTessSavee\datos_crudos\ravdess\Audio_Speech_Actors_01-24\Actor_13\03-01-03-01-02-02-13.wav,RAVDESS,13,happy,03,03-01-03-01-02-02-13,03-01-03-01-02-02-13.wav,train
C:\Users\34722\OneDrive\Escritorio\TFG\Reconocimiento emociones audio\RavdessTessSavee\datos_crudos\ravdess\Audio_Speech_Actors_01-24\Actor_13\03-01-03-02-01-01-13.wav,RAVDESS,13,happy,03,03-01-03-02-01-01-13,03-01-03-02-01-01-13.wav,train
C:\Users\34722\OneDrive\Escritorio\TFG\Reconocimiento emociones audio\RavdessTessSavee\datos_crudos\ravdess\Audio_Speech_Actors_01-24\Actor_13\03-01-03-02-01-02-13.wav,RAVDESS,13,happy,03,03-01-03-02-01-02-13,03-01-03-02-01-02-13.wav,train
C:\Users\34722\OneDrive\Escritorio\TFG\Reconocimiento emociones audio\RavdessTessSavee\datos_crudos\ravdess\Audio_Speech_Actors_01-24\Actor_13\03-01-03-02-02-01-13.wav,RAVDESS,13,happy,03,03-01-03-02-02-01-13,03-01-03-02-02-01-13.wav,valid
C:\Users\34722\OneDrive\Escritorio\TFG\Reconocimiento emociones audio\RavdessTessSavee\datos_crudos\ravdess\Audio_Speech_Actors_01-24\Actor_13\03-01-03-02-02-02-13.wav,RAVDESS,13,happy,03,03-01-03-02-02-02-13,03-01-03-02-02-02-13.wav,valid
C:\Users\34722\OneDrive\Escritorio\TFG\Reconocimiento emociones audio\RavdessTessSavee\datos_crudos\ravdess\Audio_Speech_Actors_01-24\Actor_13\03-01-04-01-01-01-13.wav,RAVDESS,13,sad,04,03-01-04-01-01-01-13,03-01-04-01-01-01-13.wav,train
C:\Users\34722\OneDrive\Escritorio\TFG\Reconocimiento emociones audio\RavdessTessSavee\datos_crudos\ravdess\Audio_Speech_Actors_01-24\Actor_13\03-01-04-01-01-02-13.wav,RAVDESS,13,sad,04,03-01-04-01-01-02-13,03-01-04-01-01-02-13.wav,train
C:\Users\34722\OneDrive\Escritorio\TFG\Reconocimiento emociones audio\RavdessTessSavee\datos_crudos\ravdess\Audio_Speech_Actors_01-24\Actor_13\03-01-04-01-02-01-13.wav,RAVDESS,13,sad,04,03-01-04-01-02-01-13,03-01-04-01-02-01-13.wav,train
C:\Users\34722\OneDrive\Escritorio\TFG\Reconocimiento emociones audio\RavdessTessSavee\datos_crudos\ravdess\Audio_Speech_Actors_01-24\Actor_13\03-01-04-01-02-02-13.wav,RAVDESS,13,sad,04,03-01-04-01-02-02-13,03-01-04-01-02-02-13.wav,test
C:\Users\34722\OneDrive\Escritorio\TFG\Reconocimiento emociones audio\RavdessTessSavee\datos_crudos\ravdess\Audio_Speech_Actors_01-24\Actor_13\03-01-04-02-01-01-13.wav,RAVDESS,13,sad,04,03-01-04-02-01-01-13,03-01-04-02-01-01-13.wav,train
C:\Users\34722\OneDrive\Escritorio\TFG\Reconocimiento emociones audio\RavdessTessSavee\datos_crudos\ravdess\Audio_Speech_Actors_01-24\Actor_13\03-01-04-02-01-02-13.wav,RAVDESS,13,sad,04,03-01-04-02-01-02-13,03-01-04-02-01-02-13.wav,train
C:\Users\34722\OneDrive\Escritorio\TFG\Reconocimiento emociones audio\RavdessTessSavee\datos_crudos\ravdess\Audio_Speech_Actors_01-24\Actor_13\03-01-04-02-02-01-13.wav,RAVDESS,13,sad,04,03-01-04-02-02-01-13,03-01-04-02-02-01-13.wav,train
C:\Users\34722\OneDrive\Escritorio\TFG\Reconocimiento emociones audio\RavdessTessSavee\datos_crudos\ravdess\Audio_Speech_Actors_01-24\Actor_13\03-01-04-02-02-02-13.wav,RAVDESS,13,sad,04,03-01-04-02-02-02-13,03-01-04-02-02-02-13.wav,train
C:\Users\34722\OneDrive\Escritorio\TFG\Reconocimiento emociones audio\RavdessTessSavee\datos_crudos\ravdess\Audio_Speech_Actors_01-24\Actor_13\03-01-05-01-01-01-13.wav,RAVDESS,13,angry,05,03-01-05-01-01-01-13,03-01-05-01-01-01-13.wav,valid
C:\Users\34722\OneDrive\Escritorio\TFG\Reconocimiento emociones audio\RavdessTessSavee\datos_crudos\ravdess\Audio_Speech_Actors_01-24\Actor_13\03-01-05-01-01-02-13.wav,RAVDESS,13,angry,05,03-01-05-01-01-02-13,03-01-05-01-01-02-13.wav,train
C:\Users\34722\OneDrive\Escritorio\TFG\Reconocimiento emociones audio\RavdessTessSavee\datos_crudos\ravdess\Audio_Speech_Actors_01-24\Actor_13\03-01-05-01-02-01-13.wav,RAVDESS,13,angry,05,03-01-05-01-02-01-13,03-01-05-01-02-01-13.wav,valid
C:\Users\34722\OneDrive\Escritorio\TFG\Reconocimiento emociones audio\RavdessTessSavee\datos_crudos\ravdess\Audio_Speech_Actors_01-24\Actor_13\03-01-05-01-02-02-13.wav,RAVDESS,13,angry,05,03-01-05-01-02-02-13,03-01-05-01-02-02-13.wav,train
C:\Users\34722\OneDrive\Escritorio\TFG\Reconocimiento emociones audio\RavdessTessSavee\datos_crudos\ravdess\Audio_Speech_Actors_01-24\Actor_13\03-01-05-02-01-01-13.wav,RAVDESS,13,angry,05,03-01-05-02-01-01-13,03-01-05-02-01-01-13.wav,test
C:\Users\34722\OneDrive\Escritorio\TFG\Reconocimiento emociones audio\RavdessTessSavee\datos_crudos\ravdess\Audio_Speech_Actors_01-24\Actor_13\03-01-05-02-01-02-13.wav,RAVDESS,13,angry,05,03-01-05-02-01-02-13,03-01-05-02-01-02-13.wav,train
C:\Users\34722\OneDrive\Escritorio\TFG\Reconocimiento emociones audio\RavdessTessSavee\datos_crudos\ravdess\Audio_Speech_Actors_01-24\Actor_13\03-01-05-02-02-01-13.wav,RAVDESS,13,angry,05,03-01-05-02-02-01-13,03-01-05-02-02-01-13.wav,train
C:\Users\34722\OneDrive\Escritorio\TFG\Reconocimiento emociones audio\RavdessTessSavee\datos_crudos\ravdess\Audio_Speech_Actors_01-24\Actor_13\03-01-05-02-02-02-13.wav,RAVDESS,13,angry,05,03-01-05-02-02-02-13,03-01-05-02-02-02-13.wav,train
C:\Users\34722\OneDrive\Escritorio\TFG\Reconocimiento emociones audio\RavdessTessSavee\datos_crudos\ravdess\Audio_Speech_Actors_01-24\Actor_13\03-01-06-01-01-01-13.wav,RAVDESS,13,fearful,06,03-01-06-01-01-01-13,03-01-06-01-01-01-13.wav,train
C:\Users\34722\OneDrive\Escritorio\TFG\Reconocimiento emociones audio\RavdessTessSavee\datos_crudos\ravdess\Audio_Speech_Actors_01-24\Actor_13\03-01-06-01-01-02-13.wav,RAVDESS,13,fearful,06,03-01-06-01-01-02-13,03-01-06-01-01-02-13.wav,train
C:\Users\34722\OneDrive\Escritorio\TFG\Reconocimiento emociones audio\RavdessTessSavee\datos_crudos\ravdess\Audio_Speech_Actors_01-24\Actor_13\03-01-06-01-02-01-13.wav,RAVDESS,13,fearful,06,03-01-06-01-02-01-13,03-01-06-01-02-01-13.wav,train
C:\Users\34722\OneDrive\Escritorio\TFG\Reconocimiento emociones audio\RavdessTessSavee\datos_crudos\ravdess\Audio_Speech_Actors_01-24\Actor_13\03-01-06-01-02-02-13.wav,RAVDESS,13,fearful,06,03-01-06-01-02-02-13,03-01-06-01-02-02-13.wav,train
C:\Users\34722\OneDrive\Escritorio\TFG\Reconocimiento emociones audio\RavdessTessSavee\datos_crudos\ravdess\Audio_Speech_Actors_01-24\Actor_13\03-01-06-02-01-01-13.wav,RAVDESS,13,fearful,06,03-01-06-02-01-01-13,03-01-06-02-01-01-13.wav,test
C:\Users\34722\OneDrive\Escritorio\TFG\Reconocimiento emociones audio\RavdessTessSavee\datos_crudos\ravdess\Audio_Speech_Actors_01-24\Actor_13\03-01-06-02-01-02-13.wav,RAVDESS,13,fearful,06,03-01-06-02-01-02-13,03-01-06-02-01-02-13.wav,train
C:\Users\34722\OneDrive\Escritorio\TFG\Reconocimiento emociones audio\RavdessTessSavee\datos_crudos\ravdess\Audio_Speech_Actors_01-24\Actor_13\03-01-06-02-02-01-13.wav,RAVDESS,13,fearful,06,03-01-06-02-02-01-13,03-01-06-02-02-01-13.wav,train
C:\Users\34722\OneDrive\Escritorio\TFG\Reconocimiento emociones audio\RavdessTessSavee\datos_crudos\ravdess\Audio_Speech_Actors_01-24\Actor_13\03-01-06-02-02-02-13.wav,RAVDESS,13,fearful,06,03-01-06-02-02-02-13,03-01-06-02-02-02-13.wav,valid
C:\Users\34722\OneDrive\Escritorio\TFG\Reconocimiento emociones audio\RavdessTessSavee\datos_crudos\ravdess\Audio_Speech_Actors_01-24\Actor_14\03-01-03-01-01-01-14.wav,RAVDESS,14,happy,03,03-01-03-01-01-01-14,03-01-03-01-01-01-14.wav,train
C:\Users\34722\OneDrive\Escritorio\TFG\Reconocimiento emociones audio\RavdessTessSavee\datos_crudos\ravdess\Audio_Speech_Actors_01-24\Actor_14\03-01-03-01-01-02-14.wav,RAVDESS,14,happy,03,03-01-03-01-01-02-14,03-01-03-01-01-02-14.wav,train
C:\Users\34722\OneDrive\Escritorio\TFG\Reconocimiento emociones audio\RavdessTessSavee\datos_crudos\ravdess\Audio_Speech_Actors_01-24\Actor_14\03-01-03-01-02-01-14.wav,RAVDESS,14,happy,03,03-01-03-01-02-01-14,03-01-03-01-02-01-14.wav,train
C:\Users\34722\OneDrive\Escritorio\TFG\Reconocimiento emociones audio\RavdessTessSavee\datos_crudos\ravdess\Audio_Speech_Actors_01-24\Actor_14\03-01-03-01-02-02-14.wav,RAVDESS,14,happy,03,03-01-03-01-02-02-14,03-01-03-01-02-02-14.wav,test
C:\Users\34722\OneDrive\Escritorio\TFG\Reconocimiento emociones audio\RavdessTessSavee\datos_crudos\ravdess\Audio_Speech_Actors_01-24\Actor_14\03-01-03-02-01-01-14.wav,RAVDESS,14,happy,03,03-01-03-02-01-01-14,03-01-03-02-01-01-14.wav,train
C:\Users\34722\OneDrive\Escritorio\TFG\Reconocimiento emociones audio\RavdessTessSavee\datos_crudos\ravdess\Audio_Speech_Actors_01-24\Actor_14\03-01-03-02-01-02-14.wav,RAVDESS,14,happy,03,03-01-03-02-01-02-14,03-01-03-02-01-02-14.wav,test
C:\Users\34722\OneDrive\Escritorio\TFG\Reconocimiento emociones audio\RavdessTessSavee\datos_crudos\ravdess\Audio_Speech_Actors_01-24\Actor_14\03-01-03-02-02-01-14.wav,RAVDESS,14,happy,03,03-01-03-02-02-01-14,03-01-03-02-02-01-14.wav,train
C:\Users\34722\OneDrive\Escritorio\TFG\Reconocimiento emociones audio\RavdessTessSavee\datos_crudos\ravdess\Audio_Speech_Actors_01-24\Actor_14\03-01-03-02-02-02-14.wav,RAVDESS,14,happy,03,03-01-03-02-02-02-14,03-01-03-02-02-02-14.wav,valid
C:\Users\34722\OneDrive\Escritorio\TFG\Reconocimiento emociones audio\RavdessTessSavee\datos_crudos\ravdess\Audio_Speech_Actors_01-24\Actor_14\03-01-04-01-01-01-14.wav,RAVDESS,14,sad,04,03-01-04-01-01-01-14,03-01-04-01-01-01-14.wav,valid
C:\Users\34722\OneDrive\Escritorio\TFG\Reconocimiento emociones audio\RavdessTessSavee\datos_crudos\ravdess\Audio_Speech_Actors_01-24\Actor_14\03-01-04-01-01-02-14.wav,RAVDESS,14,sad,04,03-01-04-01-01-02-14,03-01-04-01-01-02-14.wav,test
C:\Users\34722\OneDrive\Escritorio\TFG\Reconocimiento emociones audio\RavdessTessSavee\datos_crudos\ravdess\Audio_Speech_Actors_01-24\Actor_14\03-01-04-01-02-01-14.wav,RAVDESS,14,sad,04,03-01-04-01-02-01-14,03-01-04-01-02-01-14.wav,train
C:\Users\34722\OneDrive\Escritorio\TFG\Reconocimiento emociones audio\RavdessTessSavee\datos_crudos\ravdess\Audio_Speech_Actors_01-24\Actor_14\03-01-04-01-02-02-14.wav,RAVDESS,14,sad,04,03-01-04-01-02-02-14,03-01-04-01-02-02-14.wav,train
C:\Users\34722\OneDrive\Escritorio\TFG\Reconocimiento emociones audio\RavdessTessSavee\datos_crudos\ravdess\Audio_Speech_Actors_01-24\Actor_14\03-01-04-02-01-01-14.wav,RAVDESS,14,sad,04,03-01-04-02-01-01-14,03-01-04-02-01-01-14.wav,train
C:\Users\34722\OneDrive\Escritorio\TFG\Reconocimiento emociones audio\RavdessTessSavee\datos_crudos\ravdess\Audio_Speech_Actors_01-24\Actor_14\03-01-04-02-01-02-14.wav,RAVDESS,14,sad,04,03-01-04-02-01-02-14,03-01-04-02-01-02-14.wav,train
C:\Users\34722\OneDrive\Escritorio\TFG\Reconocimiento emociones audio\RavdessTessSavee\datos_crudos\ravdess\Audio_Speech_Actors_01-24\Actor_14\03-01-04-02-02-01-14.wav,RAVDESS,14,sad,04,03-01-04-02-02-01-14,03-01-04-02-02-01-14.wav,train
C:\Users\34722\OneDrive\Escritorio\TFG\Reconocimiento emociones audio\RavdessTessSavee\datos_crudos\ravdess\Audio_Speech_Actors_01-24\Actor_14\03-01-04-02-02-02-14.wav,RAVDESS,14,sad,04,03-01-04-02-02-02-14,03-01-04-02-02-02-14.wav,valid
C:\Users\34722\OneDrive\Escritorio\TFG\Reconocimiento emociones audio\RavdessTessSavee\datos_crudos\ravdess\Audio_Speech_Actors_01-24\Actor_14\03-01-05-01-01-01-14.wav,RAVDESS,14,angry,05,03-01-05-01-01-01-14,03-01-05-01-01-01-14.wav,train
C:\Users\34722\OneDrive\Escritorio\TFG\Reconocimiento emociones audio\RavdessTessSavee\datos_crudos\ravdess\Audio_Speech_Actors_01-24\Actor_14\03-01-05-01-01-02-14.wav,RAVDESS,14,angry,05,03-01-05-01-01-02-14,03-01-05-01-01-02-14.wav,train
C:\Users\34722\OneDrive\Escritorio\TFG\Reconocimiento emociones audio\RavdessTessSavee\datos_crudos\ravdess\Audio_Speech_Actors_01-24\Actor_14\03-01-05-01-02-01-14.wav,RAVDESS,14,angry,05,03-01-05-01-02-01-14,03-01-05-01-02-01-14.wav,train
C:\Users\34722\OneDrive\Escritorio\TFG\Reconocimiento emociones audio\RavdessTessSavee\datos_crudos\ravdess\Audio_Speech_Actors_01-24\Actor_14\03-01-05-01-02-02-14.wav,RAVDESS,14,angry,05,03-01-05-01-02-02-14,03-01-05-01-02-02-14.wav,test
C:\Users\34722\OneDrive\Escritorio\TFG\Reconocimiento emociones audio\RavdessTessSavee\datos_crudos\ravdess\Audio_Speech_Actors_01-24\Actor_14\03-01-05-02-01-01-14.wav,RAVDESS,14,angry,05,03-01-05-02-01-01-14,03-01-05-02-01-01-14.wav,valid
C:\Users\34722\OneDrive\Escritorio\TFG\Reconocimiento emociones audio\RavdessTessSavee\datos_crudos\ravdess\Audio_Speech_Actors_01-24\Actor_14\03-01-05-02-01-02-14.wav,RAVDESS,14,angry,05,03-01-05-02-01-02-14,03-01-05-02-01-02-14.wav,train
C:\Users\34722\OneDrive\Escritorio\TFG\Reconocimiento emociones audio\RavdessTessSavee\datos_crudos\ravdess\Audio_Speech_Actors_01-24\Actor_14\03-01-05-02-02-01-14.wav,RAVDESS,14,angry,05,03-01-05-02-02-01-14,03-01-05-02-02-01-14.wav,train
C:\Users\34722\OneDrive\Escritorio\TFG\Reconocimiento emociones audio\RavdessTessSavee\datos_crudos\ravdess\Audio_Speech_Actors_01-24\Actor_14\03-01-05-02-02-02-14.wav,RAVDESS,14,angry,05,03-01-05-02-02-02-14,03-01-05-02-02-02-14.wav,train
C:\Users\34722\OneDrive\Escritorio\TFG\Reconocimiento emociones audio\RavdessTessSavee\datos_crudos\ravdess\Audio_Speech_Actors_01-24\Actor_14\03-01-06-01-01-01-14.wav,RAVDESS,14,fearful,06,03-01-06-01-01-01-14,03-01-06-01-01-01-14.wav,train
C:\Users\34722\OneDrive\Escritorio\TFG\Reconocimiento emociones audio\RavdessTessSavee\datos_crudos\ravdess\Audio_Speech_Actors_01-24\Actor_14\03-01-06-01-01-02-14.wav,RAVDESS,14,fearful,06,03-01-06-01-01-02-14,03-01-06-01-01-02-14.wav,train
C:\Users\34722\OneDrive\Escritorio\TFG\Reconocimiento emociones audio\RavdessTessSavee\datos_crudos\ravdess\Audio_Speech_Actors_01-24\Actor_14\03-01-06-01-02-01-14.wav,RAVDESS,14,fearful,06,03-01-06-01-02-01-14,03-01-06-01-02-01-14.wav,train
C:\Users\34722\OneDrive\Escritorio\TFG\Reconocimiento emociones audio\RavdessTessSavee\datos_crudos\ravdess\Audio_Speech_Actors_01-24\Actor_14\03-01-06-01-02-02-14.wav,RAVDESS,14,fearful,06,03-01-06-01-02-02-14,03-01-06-01-02-02-14.wav,train
C:\Users\34722\OneDrive\Escritorio\TFG\Reconocimiento emociones audio\RavdessTessSavee\datos_crudos\ravdess\Audio_Speech_Actors_01-24\Actor_14\03-01-06-02-01-01-14.wav,RAVDESS,14,fearful,06,03-01-06-02-01-01-14,03-01-06-02-01-01-14.wav,valid
C:\Users\34722\OneDrive\Escritorio\TFG\Reconocimiento emociones audio\RavdessTessSavee\datos_crudos\ravdess\Audio_Speech_Actors_01-24\Actor_14\03-01-06-02-01-02-14.wav,RAVDESS,14,fearful,06,03-01-06-02-01-02-14,03-01-06-02-01-02-14.wav,test
C:\Users\34722\OneDrive\Escritorio\TFG\Reconocimiento emociones audio\RavdessTessSavee\datos_crudos\ravdess\Audio_Speech_Actors_01-24\Actor_14\03-01-06-02-02-01-14.wav,RAVDESS,14,fearful,06,03-01-06-02-02-01-14,03-01-06-02-02-01-14.wav,train
C:\Users\34722\OneDrive\Escritorio\TFG\Reconocimiento emociones audio\RavdessTessSavee\datos_crudos\ravdess\Audio_Speech_Actors_01-24\Actor_14\03-01-06-02-02-02-14.wav,RAVDESS,14,fearful,06,03-01-06-02-02-02-14,03-01-06-02-02-02-14.wav,test
C:\Users\34722\OneDrive\Escritorio\TFG\Reconocimiento emociones audio\RavdessTessSavee\datos_crudos\ravdess\Audio_Speech_Actors_01-24\Actor_15\03-01-03-01-01-01-15.wav,RAVDESS,15,happy,03,03-01-03-01-01-01-15,03-01-03-01-01-01-15.wav,train
C:\Users\34722\OneDrive\Escritorio\TFG\Reconocimiento emociones audio\RavdessTessSavee\datos_crudos\ravdess\Audio_Speech_Actors_01-24\Actor_15\03-01-03-01-01-02-15.wav,RAVDESS,15,happy,03,03-01-03-01-01-02-15,03-01-03-01-01-02-15.wav,train
C:\Users\34722\OneDrive\Escritorio\TFG\Reconocimiento emociones audio\RavdessTessSavee\datos_crudos\ravdess\Audio_Speech_Actors_01-24\Actor_15\03-01-03-01-02-01-15.wav,RAVDESS,15,happy,03,03-01-03-01-02-01-15,03-01-03-01-02-01-15.wav,test
C:\Users\34722\OneDrive\Escritorio\TFG\Reconocimiento emociones audio\RavdessTessSavee\datos_crudos\ravdess\Audio_Speech_Actors_01-24\Actor_15\03-01-03-01-02-02-15.wav,RAVDESS,15,happy,03,03-01-03-01-02-02-15,03-01-03-01-02-02-15.wav,train
C:\Users\34722\OneDrive\Escritorio\TFG\Reconocimiento emociones audio\RavdessTessSavee\datos_crudos\ravdess\Audio_Speech_Actors_01-24\Actor_15\03-01-03-02-01-01-15.wav,RAVDESS,15,happy,03,03-01-03-02-01-01-15,03-01-03-02-01-01-15.wav,train
C:\Users\34722\OneDrive\Escritorio\TFG\Reconocimiento emociones audio\RavdessTessSavee\datos_crudos\ravdess\Audio_Speech_Actors_01-24\Actor_15\03-01-03-02-01-02-15.wav,RAVDESS,15,happy,03,03-01-03-02-01-02-15,03-01-03-02-01-02-15.wav,train
C:\Users\34722\OneDrive\Escritorio\TFG\Reconocimiento emociones audio\RavdessTessSavee\datos_crudos\ravdess\Audio_Speech_Actors_01-24\Actor_15\03-01-03-02-02-01-15.wav,RAVDESS,15,happy,03,03-01-03-02-02-01-15,03-01-03-02-02-01-15.wav,train
C:\Users\34722\OneDrive\Escritorio\TFG\Reconocimiento emociones audio\RavdessTessSavee\datos_crudos\ravdess\Audio_Speech_Actors_01-24\Actor_15\03-01-03-02-02-02-15.wav,RAVDESS,15,happy,03,03-01-03-02-02-02-15,03-01-03-02-02-02-15.wav,train
C:\Users\34722\OneDrive\Escritorio\TFG\Reconocimiento emociones audio\RavdessTessSavee\datos_crudos\ravdess\Audio_Speech_Actors_01-24\Actor_15\03-01-04-01-01-01-15.wav,RAVDESS,15,sad,04,03-01-04-01-01-01-15,03-01-04-01-01-01-15.wav,test
C:\Users\34722\OneDrive\Escritorio\TFG\Reconocimiento emociones audio\RavdessTessSavee\datos_crudos\ravdess\Audio_Speech_Actors_01-24\Actor_15\03-01-04-01-01-02-15.wav,RAVDESS,15,sad,04,03-01-04-01-01-02-15,03-01-04-01-01-02-15.wav,train
C:\Users\34722\OneDrive\Escritorio\TFG\Reconocimiento emociones audio\RavdessTessSavee\datos_crudos\ravdess\Audio_Speech_Actors_01-24\Actor_15\03-01-04-01-02-01-15.wav,RAVDESS,15,sad,04,03-01-04-01-02-01-15,03-01-04-01-02-01-15.wav,train
C:\Users\34722\OneDrive\Escritorio\TFG\Reconocimiento emociones audio\RavdessTessSavee\datos_crudos\ravdess\Audio_Speech_Actors_01-24\Actor_15\03-01-04-01-02-02-15.wav,RAVDESS,15,sad,04,03-01-04-01-02-02-15,03-01-04-01-02-02-15.wav,train
C:\Users\34722\OneDrive\Escritorio\TFG\Reconocimiento emociones audio\RavdessTessSavee\datos_crudos\ravdess\Audio_Speech_Actors_01-24\Actor_15\03-01-04-02-01-01-15.wav,RAVDESS,15,sad,04,03-01-04-02-01-01-15,03-01-04-02-01-01-15.wav,train
C:\Users\34722\OneDrive\Escritorio\TFG\Reconocimiento emociones audio\RavdessTessSavee\datos_crudos\ravdess\Audio_Speech_Actors_01-24\Actor_15\03-01-04-02-01-02-15.wav,RAVDESS,15,sad,04,03-01-04-02-01-02-15,03-01-04-02-01-02-15.wav,test
C:\Users\34722\OneDrive\Escritorio\TFG\Reconocimiento emociones audio\RavdessTessSavee\datos_crudos\ravdess\Audio_Speech_Actors_01-24\Actor_15\03-01-04-02-02-01-15.wav,RAVDESS,15,sad,04,03-01-04-02-02-01-15,03-01-04-02-02-01-15.wav,valid
C:\Users\34722\OneDrive\Escritorio\TFG\Reconocimiento emociones audio\RavdessTessSavee\datos_crudos\ravdess\Audio_Speech_Actors_01-24\Actor_15\03-01-04-02-02-02-15.wav,RAVDESS,15,sad,04,03-01-04-02-02-02-15,03-01-04-02-02-02-15.wav,train
C:\Users\34722\OneDrive\Escritorio\TFG\Reconocimiento emociones audio\RavdessTessSavee\datos_crudos\ravdess\Audio_Speech_Actors_01-24\Actor_15\03-01-05-01-01-01-15.wav,RAVDESS,15,angry,05,03-01-05-01-01-01-15,03-01-05-01-01-01-15.wav,train
C:\Users\34722\OneDrive\Escritorio\TFG\Reconocimiento emociones audio\RavdessTessSavee\datos_crudos\ravdess\Audio_Speech_Actors_01-24\Actor_15\03-01-05-01-01-02-15.wav,RAVDESS,15,angry,05,03-01-05-01-01-02-15,03-01-05-01-01-02-15.wav,train
C:\Users\34722\OneDrive\Escritorio\TFG\Reconocimiento emociones audio\RavdessTessSavee\datos_crudos\ravdess\Audio_Speech_Actors_01-24\Actor_15\03-01-05-01-02-01-15.wav,RAVDESS,15,angry,05,03-01-05-01-02-01-15,03-01-05-01-02-01-15.wav,train
C:\Users\34722\OneDrive\Escritorio\TFG\Reconocimiento emociones audio\RavdessTessSavee\datos_crudos\ravdess\Audio_Speech_Actors_01-24\Actor_15\03-01-05-01-02-02-15.wav,RAVDESS,15,angry,05,03-01-05-01-02-02-15,03-01-05-01-02-02-15.wav,valid
C:\Users\34722\OneDrive\Escritorio\TFG\Reconocimiento emociones audio\RavdessTessSavee\datos_crudos\ravdess\Audio_Speech_Actors_01-24\Actor_15\03-01-05-02-01-01-15.wav,RAVDESS,15,angry,05,03-01-05-02-01-01-15,03-01-05-02-01-01-15.wav,test
C:\Users\34722\OneDrive\Escritorio\TFG\Reconocimiento emociones audio\RavdessTessSavee\datos_crudos\ravdess\Audio_Speech_Actors_01-24\Actor_15\03-01-05-02-01-02-15.wav,RAVDESS,15,angry,05,03-01-05-02-01-02-15,03-01-05-02-01-02-15.wav,train
C:\Users\34722\OneDrive\Escritorio\TFG\Reconocimiento emociones audio\RavdessTessSavee\datos_crudos\ravdess\Audio_Speech_Actors_01-24\Actor_15\03-01-05-02-02-01-15.wav,RAVDESS,15,angry,05,03-01-05-02-02-01-15,03-01-05-02-02-01-15.wav,train
C:\Users\34722\OneDrive\Escritorio\TFG\Reconocimiento emociones audio\RavdessTessSavee\datos_crudos\ravdess\Audio_Speech_Actors_01-24\Actor_15\03-01-05-02-02-02-15.wav,RAVDESS,15,angry,05,03-01-05-02-02-02-15,03-01-05-02-02-02-15.wav,valid
C:\Users\34722\OneDrive\Escritorio\TFG\Reconocimiento emociones audio\RavdessTessSavee\datos_crudos\ravdess\Audio_Speech_Actors_01-24\Actor_15\03-01-06-01-01-01-15.wav,RAVDESS,15,fearful,06,03-01-06-01-01-01-15,03-01-06-01-01-01-15.wav,train
C:\Users\34722\OneDrive\Escritorio\TFG\Reconocimiento emociones audio\RavdessTessSavee\datos_crudos\ravdess\Audio_Speech_Actors_01-24\Actor_15\03-01-06-01-01-02-15.wav,RAVDESS,15,fearful,06,03-01-06-01-01-02-15,03-01-06-01-01-02-15.wav,train
C:\Users\34722\OneDrive\Escritorio\TFG\Reconocimiento emociones audio\RavdessTessSavee\datos_crudos\ravdess\Audio_Speech_Actors_01-24\Actor_15\03-01-06-01-02-01-15.wav,RAVDESS,15,fearful,06,03-01-06-01-02-01-15,03-01-06-01-02-01-15.wav,train
C:\Users\34722\OneDrive\Escritorio\TFG\Reconocimiento emociones audio\RavdessTessSavee\datos_crudos\ravdess\Audio_Speech_Actors_01-24\Actor_15\03-01-06-01-02-02-15.wav,RAVDESS,15,fearful,06,03-01-06-01-02-02-15,03-01-06-01-02-02-15.wav,train
C:\Users\34722\OneDrive\Escritorio\TFG\Reconocimiento emociones audio\RavdessTessSavee\datos_crudos\ravdess\Audio_Speech_Actors_01-24\Actor_15\03-01-06-02-01-01-15.wav,RAVDESS,15,fearful,06,03-01-06-02-01-01-15,03-01-06-02-01-01-15.wav,test
C:\Users\34722\OneDrive\Escritorio\TFG\Reconocimiento emociones audio\RavdessTessSavee\datos_crudos\ravdess\Audio_Speech_Actors_01-24\Actor_15\03-01-06-02-01-02-15.wav,RAVDESS,15,fearful,06,03-01-06-02-01-02-15,03-01-06-02-01-02-15.wav,train
C:\Users\34722\OneDrive\Escritorio\TFG\Reconocimiento emociones audio\RavdessTessSavee\datos_crudos\ravdess\Audio_Speech_Actors_01-24\Actor_15\03-01-06-02-02-01-15.wav,RAVDESS,15,fearful,06,03-01-06-02-02-01-15,03-01-06-02-02-01-15.wav,train
C:\Users\34722\OneDrive\Escritorio\TFG\Reconocimiento emociones audio\RavdessTessSavee\datos_crudos\ravdess\Audio_Speech_Actors_01-24\Actor_15\03-01-06-02-02-02-15.wav,RAVDESS,15,fearful,06,03-01-06-02-02-02-15,03-01-06-02-02-02-15.wav,train
C:\Users\34722\OneDrive\Escritorio\TFG\Reconocimiento emociones audio\RavdessTessSavee\datos_crudos\ravdess\Audio_Speech_Actors_01-24\Actor_16\03-01-03-01-01-01-16.wav,RAVDESS,16,happy,03,03-01-03-01-01-01-16,03-01-03-01-01-01-16.wav,test
C:\Users\34722\OneDrive\Escritorio\TFG\Reconocimiento emociones audio\RavdessTessSavee\datos_crudos\ravdess\Audio_Speech_Actors_01-24\Actor_16\03-01-03-01-01-02-16.wav,RAVDESS,16,happy,03,03-01-03-01-01-02-16,03-01-03-01-01-02-16.wav,valid
C:\Users\34722\OneDrive\Escritorio\TFG\Reconocimiento emociones audio\RavdessTessSavee\datos_crudos\ravdess\Audio_Speech_Actors_01-24\Actor_16\03-01-03-01-02-01-16.wav,RAVDESS,16,happy,03,03-01-03-01-02-01-16,03-01-03-01-02-01-16.wav,train
C:\Users\34722\OneDrive\Escritorio\TFG\Reconocimiento emociones audio\RavdessTessSavee\datos_crudos\ravdess\Audio_Speech_Actors_01-24\Actor_16\03-01-03-01-02-02-16.wav,RAVDESS,16,happy,03,03-01-03-01-02-02-16,03-01-03-01-02-02-16.wav,train
C:\Users\34722\OneDrive\Escritorio\TFG\Reconocimiento emociones audio\RavdessTessSavee\datos_crudos\ravdess\Audio_Speech_Actors_01-24\Actor_16\03-01-03-02-01-01-16.wav,RAVDESS,16,happy,03,03-01-03-02-01-01-16,03-01-03-02-01-01-16.wav,test
C:\Users\34722\OneDrive\Escritorio\TFG\Reconocimiento emociones audio\RavdessTessSavee\datos_crudos\ravdess\Audio_Speech_Actors_01-24\Actor_16\03-01-03-02-01-02-16.wav,RAVDESS,16,happy,03,03-01-03-02-01-02-16,03-01-03-02-01-02-16.wav,valid
C:\Users\34722\OneDrive\Escritorio\TFG\Reconocimiento emociones audio\RavdessTessSavee\datos_crudos\ravdess\Audio_Speech_Actors_01-24\Actor_16\03-01-03-02-02-01-16.wav,RAVDESS,16,happy,03,03-01-03-02-02-01-16,03-01-03-02-02-01-16.wav,train
C:\Users\34722\OneDrive\Escritorio\TFG\Reconocimiento emociones audio\RavdessTessSavee\datos_crudos\ravdess\Audio_Speech_Actors_01-24\Actor_16\03-01-03-02-02-02-16.wav,RAVDESS,16,happy,03,03-01-03-02-02-02-16,03-01-03-02-02-02-16.wav,train
C:\Users\34722\OneDrive\Escritorio\TFG\Reconocimiento emociones audio\RavdessTessSavee\datos_crudos\ravdess\Audio_Speech_Actors_01-24\Actor_16\03-01-04-01-01-01-16.wav,RAVDESS,16,sad,04,03-01-04-01-01-01-16,03-01-04-01-01-01-16.wav,valid
C:\Users\34722\OneDrive\Escritorio\TFG\Reconocimiento emociones audio\RavdessTessSavee\datos_crudos\ravdess\Audio_Speech_Actors_01-24\Actor_16\03-01-04-01-01-02-16.wav,RAVDESS,16,sad,04,03-01-04-01-01-02-16,03-01-04-01-01-02-16.wav,train
C:\Users\34722\OneDrive\Escritorio\TFG\Reconocimiento emociones audio\RavdessTessSavee\datos_crudos\ravdess\Audio_Speech_Actors_01-24\Actor_16\03-01-04-01-02-01-16.wav,RAVDESS,16,sad,04,03-01-04-01-02-01-16,03-01-04-01-02-01-16.wav,train
C:\Users\34722\OneDrive\Escritorio\TFG\Reconocimiento emociones audio\RavdessTessSavee\datos_crudos\ravdess\Audio_Speech_Actors_01-24\Actor_16\03-01-04-01-02-02-16.wav,RAVDESS,16,sad,04,03-01-04-01-02-02-16,03-01-04-01-02-02-16.wav,train
C:\Users\34722\OneDrive\Escritorio\TFG\Reconocimiento emociones audio\RavdessTessSavee\datos_crudos\ravdess\Audio_Speech_Actors_01-24\Actor_16\03-01-04-02-01-01-16.wav,RAVDESS,16,sad,04,03-01-04-02-01-01-16,03-01-04-02-01-01-16.wav,train
C:\Users\34722\OneDrive\Escritorio\TFG\Reconocimiento emociones audio\RavdessTessSavee\datos_crudos\ravdess\Audio_Speech_Actors_01-24\Actor_16\03-01-04-02-01-02-16.wav,RAVDESS,16,sad,04,03-01-04-02-01-02-16,03-01-04-02-01-02-16.wav,train
C:\Users\34722\OneDrive\Escritorio\TFG\Reconocimiento emociones audio\RavdessTessSavee\datos_crudos\ravdess\Audio_Speech_Actors_01-24\Actor_16\03-01-04-02-02-01-16.wav,RAVDESS,16,sad,04,03-01-04-02-02-01-16,03-01-04-02-02-01-16.wav,train
C:\Users\34722\OneDrive\Escritorio\TFG\Reconocimiento emociones audio\RavdessTessSavee\datos_crudos\ravdess\Audio_Speech_Actors_01-24\Actor_16\03-01-04-02-02-02-16.wav,RAVDESS,16,sad,04,03-01-04-02-02-02-16,03-01-04-02-02-02-16.wav,train
C:\Users\34722\OneDrive\Escritorio\TFG\Reconocimiento emociones audio\RavdessTessSavee\datos_crudos\ravdess\Audio_Speech_Actors_01-24\Actor_16\03-01-05-01-01-01-16.wav,RAVDESS,16,angry,05,03-01-05-01-01-01-16,03-01-05-01-01-01-16.wav,valid
C:\Users\34722\OneDrive\Escritorio\TFG\Reconocimiento emociones audio\RavdessTessSavee\datos_crudos\ravdess\Audio_Speech_Actors_01-24\Actor_16\03-01-05-01-01-02-16.wav,RAVDESS,16,angry,05,03-01-05-01-01-02-16,03-01-05-01-01-02-16.wav,train
C:\Users\34722\OneDrive\Escritorio\TFG\Reconocimiento emociones audio\RavdessTessSavee\datos_crudos\ravdess\Audio_Speech_Actors_01-24\Actor_16\03-01-05-01-02-01-16.wav,RAVDESS,16,angry,05,03-01-05-01-02-01-16,03-01-05-01-02-01-16.wav,train
C:\Users\34722\OneDrive\Escritorio\TFG\Reconocimiento emociones audio\RavdessTessSavee\datos_crudos\ravdess\Audio_Speech_Actors_01-24\Actor_16\03-01-05-01-02-02-16.wav,RAVDESS,16,angry,05,03-01-05-01-02-02-16,03-01-05-01-02-02-16.wav,train
C:\Users\34722\OneDrive\Escritorio\TFG\Reconocimiento emociones audio\RavdessTessSavee\datos_crudos\ravdess\Audio_Speech_Actors_01-24\Actor_16\03-01-05-02-01-01-16.wav,RAVDESS,16,angry,05,03-01-05-02-01-01-16,03-01-05-02-01-01-16.wav,valid
C:\Users\34722\OneDrive\Escritorio\TFG\Reconocimiento emociones audio\RavdessTessSavee\datos_crudos\ravdess\Audio_Speech_Actors_01-24\Actor_16\03-01-05-02-01-02-16.wav,RAVDESS,16,angry,05,03-01-05-02-01-02-16,03-01-05-02-01-02-16.wav,train
C:\Users\34722\OneDrive\Escritorio\TFG\Reconocimiento emociones audio\RavdessTessSavee\datos_crudos\ravdess\Audio_Speech_Actors_01-24\Actor_16\03-01-05-02-02-01-16.wav,RAVDESS,16,angry,05,03-01-05-02-02-01-16,03-01-05-02-02-01-16.wav,train
C:\Users\34722\OneDrive\Escritorio\TFG\Reconocimiento emociones audio\RavdessTessSavee\datos_crudos\ravdess\Audio_Speech_Actors_01-24\Actor_16\03-01-05-02-02-02-16.wav,RAVDESS,16,angry,05,03-01-05-02-02-02-16,03-01-05-02-02-02-16.wav,train
C:\Users\34722\OneDrive\Escritorio\TFG\Reconocimiento emociones audio\RavdessTessSavee\datos_crudos\ravdess\Audio_Speech_Actors_01-24\Actor_16\03-01-06-01-01-01-16.wav,RAVDESS,16,fearful,06,03-01-06-01-01-01-16,03-01-06-01-01-01-16.wav,train
C:\Users\34722\OneDrive\Escritorio\TFG\Reconocimiento emociones audio\RavdessTessSavee\datos_crudos\ravdess\Audio_Speech_Actors_01-24\Actor_16\03-01-06-01-01-02-16.wav,RAVDESS,16,fearful,06,03-01-06-01-01-02-16,03-01-06-01-01-02-16.wav,train
C:\Users\34722\OneDrive\Escritorio\TFG\Reconocimiento emociones audio\RavdessTessSavee\datos_crudos\ravdess\Audio_Speech_Actors_01-24\Actor_16\03-01-06-01-02-01-16.wav,RAVDESS,16,fearful,06,03-01-06-01-02-01-16,03-01-06-01-02-01-16.wav,test
C:\Users\34722\OneDrive\Escritorio\TFG\Reconocimiento emociones audio\RavdessTessSavee\datos_crudos\ravdess\Audio_Speech_Actors_01-24\Actor_16\03-01-06-01-02-02-16.wav,RAVDESS,16,fearful,06,03-01-06-01-02-02-16,03-01-06-01-02-02-16.wav,test
C:\Users\34722\OneDrive\Escritorio\TFG\Reconocimiento emociones audio\RavdessTessSavee\datos_crudos\ravdess\Audio_Speech_Actors_01-24\Actor_16\03-01-06-02-01-01-16.wav,RAVDESS,16,fearful,06,03-01-06-02-01-01-16,03-01-06-02-01-01-16.wav,test
C:\Users\34722\OneDrive\Escritorio\TFG\Reconocimiento emociones audio\RavdessTessSavee\datos_crudos\ravdess\Audio_Speech_Actors_01-24\Actor_16\03-01-06-02-01-02-16.wav,RAVDESS,16,fearful,06,03-01-06-02-01-02-16,03-01-06-02-01-02-16.wav,train
C:\Users\34722\OneDrive\Escritorio\TFG\Reconocimiento emociones audio\RavdessTessSavee\datos_crudos\ravdess\Audio_Speech_Actors_01-24\Actor_16\03-01-06-02-02-01-16.wav,RAVDESS,16,fearful,06,03-01-06-02-02-01-16,03-01-06-02-02-01-16.wav,train
C:\Users\34722\OneDrive\Escritorio\TFG\Reconocimiento emociones audio\RavdessTessSavee\datos_crudos\ravdess\Audio_Speech_Actors_01-24\Actor_16\03-01-06-02-02-02-16.wav,RAVDESS,16,fearful,06,03-01-06-02-02-02-16,03-01-06-02-02-02-16.wav,test
C:\Users\34722\OneDrive\Escritorio\TFG\Reconocimiento emociones audio\RavdessTessSavee\datos_crudos\ravdess\Audio_Speech_Actors_01-24\Actor_17\03-01-03-01-01-01-17.wav,RAVDESS,17,happy,03,03-01-03-01-01-01-17,03-01-03-01-01-01-17.wav,valid
C:\Users\34722\OneDrive\Escritorio\TFG\Reconocimiento emociones audio\RavdessTessSavee\datos_crudos\ravdess\Audio_Speech_Actors_01-24\Actor_17\03-01-03-01-01-02-17.wav,RAVDESS,17,happy,03,03-01-03-01-01-02-17,03-01-03-01-01-02-17.wav,train
C:\Users\34722\OneDrive\Escritorio\TFG\Reconocimiento emociones audio\RavdessTessSavee\datos_crudos\ravdess\Audio_Speech_Actors_01-24\Actor_17\03-01-03-01-02-01-17.wav,RAVDESS,17,happy,03,03-01-03-01-02-01-17,03-01-03-01-02-01-17.wav,train
C:\Users\34722\OneDrive\Escritorio\TFG\Reconocimiento emociones audio\RavdessTessSavee\datos_crudos\ravdess\Audio_Speech_Actors_01-24\Actor_17\03-01-03-01-02-02-17.wav,RAVDESS,17,happy,03,03-01-03-01-02-02-17,03-01-03-01-02-02-17.wav,test
C:\Users\34722\OneDrive\Escritorio\TFG\Reconocimiento emociones audio\RavdessTessSavee\datos_crudos\ravdess\Audio_Speech_Actors_01-24\Actor_17\03-01-03-02-01-01-17.wav,RAVDESS,17,happy,03,03-01-03-02-01-01-17,03-01-03-02-01-01-17.wav,train
C:\Users\34722\OneDrive\Escritorio\TFG\Reconocimiento emociones audio\RavdessTessSavee\datos_crudos\ravdess\Audio_Speech_Actors_01-24\Actor_17\03-01-03-02-01-02-17.wav,RAVDESS,17,happy,03,03-01-03-02-01-02-17,03-01-03-02-01-02-17.wav,valid
C:\Users\34722\OneDrive\Escritorio\TFG\Reconocimiento emociones audio\RavdessTessSavee\datos_crudos\ravdess\Audio_Speech_Actors_01-24\Actor_17\03-01-03-02-02-01-17.wav,RAVDESS,17,happy,03,03-01-03-02-02-01-17,03-01-03-02-02-01-17.wav,train
C:\Users\34722\OneDrive\Escritorio\TFG\Reconocimiento emociones audio\RavdessTessSavee\datos_crudos\ravdess\Audio_Speech_Actors_01-24\Actor_17\03-01-03-02-02-02-17.wav,RAVDESS,17,happy,03,03-01-03-02-02-02-17,03-01-03-02-02-02-17.wav,train
C:\Users\34722\OneDrive\Escritorio\TFG\Reconocimiento emociones audio\RavdessTessSavee\datos_crudos\ravdess\Audio_Speech_Actors_01-24\Actor_17\03-01-04-01-01-01-17.wav,RAVDESS,17,sad,04,03-01-04-01-01-01-17,03-01-04-01-01-01-17.wav,train
C:\Users\34722\OneDrive\Escritorio\TFG\Reconocimiento emociones audio\RavdessTessSavee\datos_crudos\ravdess\Audio_Speech_Actors_01-24\Actor_17\03-01-04-01-01-02-17.wav,RAVDESS,17,sad,04,03-01-04-01-01-02-17,03-01-04-01-01-02-17.wav,train
C:\Users\34722\OneDrive\Escritorio\TFG\Reconocimiento emociones audio\RavdessTessSavee\datos_crudos\ravdess\Audio_Speech_Actors_01-24\Actor_17\03-01-04-01-02-01-17.wav,RAVDESS,17,sad,04,03-01-04-01-02-01-17,03-01-04-01-02-01-17.wav,valid
C:\Users\34722\OneDrive\Escritorio\TFG\Reconocimiento emociones audio\RavdessTessSavee\datos_crudos\ravdess\Audio_Speech_Actors_01-24\Actor_17\03-01-04-01-02-02-17.wav,RAVDESS,17,sad,04,03-01-04-01-02-02-17,03-01-04-01-02-02-17.wav,valid
C:\Users\34722\OneDrive\Escritorio\TFG\Reconocimiento emociones audio\RavdessTessSavee\datos_crudos\ravdess\Audio_Speech_Actors_01-24\Actor_17\03-01-04-02-01-01-17.wav,RAVDESS,17,sad,04,03-01-04-02-01-01-17,03-01-04-02-01-01-17.wav,valid
C:\Users\34722\OneDrive\Escritorio\TFG\Reconocimiento emociones audio\RavdessTessSavee\datos_crudos\ravdess\Audio_Speech_Actors_01-24\Actor_17\03-01-04-02-01-02-17.wav,RAVDESS,17,sad,04,03-01-04-02-01-02-17,03-01-04-02-01-02-17.wav,train
C:\Users\34722\OneDrive\Escritorio\TFG\Reconocimiento emociones audio\RavdessTessSavee\datos_crudos\ravdess\Audio_Speech_Actors_01-24\Actor_17\03-01-04-02-02-01-17.wav,RAVDESS,17,sad,04,03-01-04-02-02-01-17,03-01-04-02-02-01-17.wav,train
C:\Users\34722\OneDrive\Escritorio\TFG\Reconocimiento emociones audio\RavdessTessSavee\datos_crudos\ravdess\Audio_Speech_Actors_01-24\Actor_17\03-01-04-02-02-02-17.wav,RAVDESS,17,sad,04,03-01-04-02-02-02-17,03-01-04-02-02-02-17.wav,train
C:\Users\34722\OneDrive\Escritorio\TFG\Reconocimiento emociones audio\RavdessTessSavee\datos_crudos\ravdess\Audio_Speech_Actors_01-24\Actor_17\03-01-05-01-01-01-17.wav,RAVDESS,17,angry,05,03-01-05-01-01-01-17,03-01-05-01-01-01-17.wav,test
C:\Users\34722\OneDrive\Escritorio\TFG\Reconocimiento emociones audio\RavdessTessSavee\datos_crudos\ravdess\Audio_Speech_Actors_01-24\Actor_17\03-01-05-01-01-02-17.wav,RAVDESS,17,angry,05,03-01-05-01-01-02-17,03-01-05-01-01-02-17.wav,train
C:\Users\34722\OneDrive\Escritorio\TFG\Reconocimiento emociones audio\RavdessTessSavee\datos_crudos\ravdess\Audio_Speech_Actors_01-24\Actor_17\03-01-05-01-02-01-17.wav,RAVDESS,17,angry,05,03-01-05-01-02-01-17,03-01-05-01-02-01-17.wav,valid
C:\Users\34722\OneDrive\Escritorio\TFG\Reconocimiento emociones audio\RavdessTessSavee\datos_crudos\ravdess\Audio_Speech_Actors_01-24\Actor_17\03-01-05-01-02-02-17.wav,RAVDESS,17,angry,05,03-01-05-01-02-02-17,03-01-05-01-02-02-17.wav,test
C:\Users\34722\OneDrive\Escritorio\TFG\Reconocimiento emociones audio\RavdessTessSavee\datos_crudos\ravdess\Audio_Speech_Actors_01-24\Actor_17\03-01-05-02-01-01-17.wav,RAVDESS,17,angry,05,03-01-05-02-01-01-17,03-01-05-02-01-01-17.wav,test
C:\Users\34722\OneDrive\Escritorio\TFG\Reconocimiento emociones audio\RavdessTessSavee\datos_crudos\ravdess\Audio_Speech_Actors_01-24\Actor_17\03-01-05-02-01-02-17.wav,RAVDESS,17,angry,05,03-01-05-02-01-02-17,03-01-05-02-01-02-17.wav,train
C:\Users\34722\OneDrive\Escritorio\TFG\Reconocimiento emociones audio\RavdessTessSavee\datos_crudos\ravdess\Audio_Speech_Actors_01-24\Actor_17\03-01-05-02-02-01-17.wav,RAVDESS,17,angry,05,03-01-05-02-02-01-17,03-01-05-02-02-01-17.wav,train
C:\Users\34722\OneDrive\Escritorio\TFG\Reconocimiento emociones audio\RavdessTessSavee\datos_crudos\ravdess\Audio_Speech_Actors_01-24\Actor_17\03-01-05-02-02-02-17.wav,RAVDESS,17,angry,05,03-01-05-02-02-02-17,03-01-05-02-02-02-17.wav,test
C:\Users\34722\OneDrive\Escritorio\TFG\Reconocimiento emociones audio\RavdessTessSavee\datos_crudos\ravdess\Audio_Speech_Actors_01-24\Actor_17\03-01-06-01-01-01-17.wav,RAVDESS,17,fearful,06,03-01-06-01-01-01-17,03-01-06-01-01-01-17.wav,train
C:\Users\34722\OneDrive\Escritorio\TFG\Reconocimiento emociones audio\RavdessTessSavee\datos_crudos\ravdess\Audio_Speech_Actors_01-24\Actor_17\03-01-06-01-01-02-17.wav,RAVDESS,17,fearful,06,03-01-06-01-01-02-17,03-01-06-01-01-02-17.wav,test
C:\Users\34722\OneDrive\Escritorio\TFG\Reconocimiento emociones audio\RavdessTessSavee\datos_crudos\ravdess\Audio_Speech_Actors_01-24\Actor_17\03-01-06-01-02-01-17.wav,RAVDESS,17,fearful,06,03-01-06-01-02-01-17,03-01-06-01-02-01-17.wav,test
C:\Users\34722\OneDrive\Escritorio\TFG\Reconocimiento emociones audio\RavdessTessSavee\datos_crudos\ravdess\Audio_Speech_Actors_01-24\Actor_17\03-01-06-01-02-02-17.wav,RAVDESS,17,fearful,06,03-01-06-01-02-02-17,03-01-06-01-02-02-17.wav,train
C:\Users\34722\OneDrive\Escritorio\TFG\Reconocimiento emociones audio\RavdessTessSavee\datos_crudos\ravdess\Audio_Speech_Actors_01-24\Actor_17\03-01-06-02-01-01-17.wav,RAVDESS,17,fearful,06,03-01-06-02-01-01-17,03-01-06-02-01-01-17.wav,train
C:\Users\34722\OneDrive\Escritorio\TFG\Reconocimiento emociones audio\RavdessTessSavee\datos_crudos\ravdess\Audio_Speech_Actors_01-24\Actor_17\03-01-06-02-01-02-17.wav,RAVDESS,17,fearful,06,03-01-06-02-01-02-17,03-01-06-02-01-02-17.wav,train
C:\Users\34722\OneDrive\Escritorio\TFG\Reconocimiento emociones audio\RavdessTessSavee\datos_crudos\ravdess\Audio_Speech_Actors_01-24\Actor_17\03-01-06-02-02-01-17.wav,RAVDESS,17,fearful,06,03-01-06-02-02-01-17,03-01-06-02-02-01-17.wav,test
C:\Users\34722\OneDrive\Escritorio\TFG\Reconocimiento emociones audio\RavdessTessSavee\datos_crudos\ravdess\Audio_Speech_Actors_01-24\Actor_17\03-01-06-02-02-02-17.wav,RAVDESS,17,fearful,06,03-01-06-02-02-02-17,03-01-06-02-02-02-17.wav,test
C:\Users\34722\OneDrive\Escritorio\TFG\Reconocimiento emociones audio\RavdessTessSavee\datos_crudos\ravdess\Audio_Speech_Actors_01-24\Actor_18\03-01-03-01-01-01-18.wav,RAVDESS,18,happy,03,03-01-03-01-01-01-18,03-01-03-01-01-01-18.wav,train
C:\Users\34722\OneDrive\Escritorio\TFG\Reconocimiento emociones audio\RavdessTessSavee\datos_crudos\ravdess\Audio_Speech_Actors_01-24\Actor_18\03-01-03-01-01-02-18.wav,RAVDESS,18,happy,03,03-01-03-01-01-02-18,03-01-03-01-01-02-18.wav,train
C:\Users\34722\OneDrive\Escritorio\TFG\Reconocimiento emociones audio\RavdessTessSavee\datos_crudos\ravdess\Audio_Speech_Actors_01-24\Actor_18\03-01-03-01-02-01-18.wav,RAVDESS,18,happy,03,03-01-03-01-02-01-18,03-01-03-01-02-01-18.wav,train
C:\Users\34722\OneDrive\Escritorio\TFG\Reconocimiento emociones audio\RavdessTessSavee\datos_crudos\ravdess\Audio_Speech_Actors_01-24\Actor_18\03-01-03-01-02-02-18.wav,RAVDESS,18,happy,03,03-01-03-01-02-02-18,03-01-03-01-02-02-18.wav,valid
C:\Users\34722\OneDrive\Escritorio\TFG\Reconocimiento emociones audio\RavdessTessSavee\datos_crudos\ravdess\Audio_Speech_Actors_01-24\Actor_18\03-01-03-02-01-01-18.wav,RAVDESS,18,happy,03,03-01-03-02-01-01-18,03-01-03-02-01-01-18.wav,valid
C:\Users\34722\OneDrive\Escritorio\TFG\Reconocimiento emociones audio\RavdessTessSavee\datos_crudos\ravdess\Audio_Speech_Actors_01-24\Actor_18\03-01-03-02-01-02-18.wav,RAVDESS,18,happy,03,03-01-03-02-01-02-18,03-01-03-02-01-02-18.wav,train
C:\Users\34722\OneDrive\Escritorio\TFG\Reconocimiento emociones audio\RavdessTessSavee\datos_crudos\ravdess\Audio_Speech_Actors_01-24\Actor_18\03-01-03-02-02-01-18.wav,RAVDESS,18,happy,03,03-01-03-02-02-01-18,03-01-03-02-02-01-18.wav,train
C:\Users\34722\OneDrive\Escritorio\TFG\Reconocimiento emociones audio\RavdessTessSavee\datos_crudos\ravdess\Audio_Speech_Actors_01-24\Actor_18\03-01-03-02-02-02-18.wav,RAVDESS,18,happy,03,03-01-03-02-02-02-18,03-01-03-02-02-02-18.wav,train
C:\Users\34722\OneDrive\Escritorio\TFG\Reconocimiento emociones audio\RavdessTessSavee\datos_crudos\ravdess\Audio_Speech_Actors_01-24\Actor_18\03-01-04-01-01-01-18.wav,RAVDESS,18,sad,04,03-01-04-01-01-01-18,03-01-04-01-01-01-18.wav,test
C:\Users\34722\OneDrive\Escritorio\TFG\Reconocimiento emociones audio\RavdessTessSavee\datos_crudos\ravdess\Audio_Speech_Actors_01-24\Actor_18\03-01-04-01-01-02-18.wav,RAVDESS,18,sad,04,03-01-04-01-01-02-18,03-01-04-01-01-02-18.wav,test
C:\Users\34722\OneDrive\Escritorio\TFG\Reconocimiento emociones audio\RavdessTessSavee\datos_crudos\ravdess\Audio_Speech_Actors_01-24\Actor_18\03-01-04-01-02-01-18.wav,RAVDESS,18,sad,04,03-01-04-01-02-01-18,03-01-04-01-02-01-18.wav,train
C:\Users\34722\OneDrive\Escritorio\TFG\Reconocimiento emociones audio\RavdessTessSavee\datos_crudos\ravdess\Audio_Speech_Actors_01-24\Actor_18\03-01-04-01-02-02-18.wav,RAVDESS,18,sad,04,03-01-04-01-02-02-18,03-01-04-01-02-02-18.wav,train
C:\Users\34722\OneDrive\Escritorio\TFG\Reconocimiento emociones audio\RavdessTessSavee\datos_crudos\ravdess\Audio_Speech_Actors_01-24\Actor_18\03-01-04-02-01-01-18.wav,RAVDESS,18,sad,04,03-01-04-02-01-01-18,03-01-04-02-01-01-18.wav,valid
C:\Users\34722\OneDrive\Escritorio\TFG\Reconocimiento emociones audio\RavdessTessSavee\datos_crudos\ravdess\Audio_Speech_Actors_01-24\Actor_18\03-01-04-02-01-02-18.wav,RAVDESS,18,sad,04,03-01-04-02-01-02-18,03-01-04-02-01-02-18.wav,train
C:\Users\34722\OneDrive\Escritorio\TFG\Reconocimiento emociones audio\RavdessTessSavee\datos_crudos\ravdess\Audio_Speech_Actors_01-24\Actor_18\03-01-04-02-02-01-18.wav,RAVDESS,18,sad,04,03-01-04-02-02-01-18,03-01-04-02-02-01-18.wav,train
C:\Users\34722\OneDrive\Escritorio\TFG\Reconocimiento emociones audio\RavdessTessSavee\datos_crudos\ravdess\Audio_Speech_Actors_01-24\Actor_18\03-01-04-02-02-02-18.wav,RAVDESS,18,sad,04,03-01-04-02-02-02-18,03-01-04-02-02-02-18.wav,train
C:\Users\34722\OneDrive\Escritorio\TFG\Reconocimiento emociones audio\RavdessTessSavee\datos_crudos\ravdess\Audio_Speech_Actors_01-24\Actor_18\03-01-05-01-01-01-18.wav,RAVDESS,18,angry,05,03-01-05-01-01-01-18,03-01-05-01-01-01-18.wav,train
C:\Users\34722\OneDrive\Escritorio\TFG\Reconocimiento emociones audio\RavdessTessSavee\datos_crudos\ravdess\Audio_Speech_Actors_01-24\Actor_18\03-01-05-01-01-02-18.wav,RAVDESS,18,angry,05,03-01-05-01-01-02-18,03-01-05-01-01-02-18.wav,train
C:\Users\34722\OneDrive\Escritorio\TFG\Reconocimiento emociones audio\RavdessTessSavee\datos_crudos\ravdess\Audio_Speech_Actors_01-24\Actor_18\03-01-05-01-02-01-18.wav,RAVDESS,18,angry,05,03-01-05-01-02-01-18,03-01-05-01-02-01-18.wav,test
C:\Users\34722\OneDrive\Escritorio\TFG\Reconocimiento emociones audio\RavdessTessSavee\datos_crudos\ravdess\Audio_Speech_Actors_01-24\Actor_18\03-01-05-01-02-02-18.wav,RAVDESS,18,angry,05,03-01-05-01-02-02-18,03-01-05-01-02-02-18.wav,train
C:\Users\34722\OneDrive\Escritorio\TFG\Reconocimiento emociones audio\RavdessTessSavee\datos_crudos\ravdess\Audio_Speech_Actors_01-24\Actor_18\03-01-05-02-01-01-18.wav,RAVDESS,18,angry,05,03-01-05-02-01-01-18,03-01-05-02-01-01-18.wav,test
C:\Users\34722\OneDrive\Escritorio\TFG\Reconocimiento emociones audio\RavdessTessSavee\datos_crudos\ravdess\Audio_Speech_Actors_01-24\Actor_18\03-01-05-02-01-02-18.wav,RAVDESS,18,angry,05,03-01-05-02-01-02-18,03-01-05-02-01-02-18.wav,train
C:\Users\34722\OneDrive\Escritorio\TFG\Reconocimiento emociones audio\RavdessTessSavee\datos_crudos\ravdess\Audio_Speech_Actors_01-24\Actor_18\03-01-05-02-02-01-18.wav,RAVDESS,18,angry,05,03-01-05-02-02-01-18,03-01-05-02-02-01-18.wav,train
C:\Users\34722\OneDrive\Escritorio\TFG\Reconocimiento emociones audio\RavdessTessSavee\datos_crudos\ravdess\Audio_Speech_Actors_01-24\Actor_18\03-01-05-02-02-02-18.wav,RAVDESS,18,angry,05,03-01-05-02-02-02-18,03-01-05-02-02-02-18.wav,train
C:\Users\34722\OneDrive\Escritorio\TFG\Reconocimiento emociones audio\RavdessTessSavee\datos_crudos\ravdess\Audio_Speech_Actors_01-24\Actor_18\03-01-06-01-01-01-18.wav,RAVDESS,18,fearful,06,03-01-06-01-01-01-18,03-01-06-01-01-01-18.wav,train
C:\Users\34722\OneDrive\Escritorio\TFG\Reconocimiento emociones audio\RavdessTessSavee\datos_crudos\ravdess\Audio_Speech_Actors_01-24\Actor_18\03-01-06-01-01-02-18.wav,RAVDESS,18,fearful,06,03-01-06-01-01-02-18,03-01-06-01-01-02-18.wav,train
C:\Users\34722\OneDrive\Escritorio\TFG\Reconocimiento emociones audio\RavdessTessSavee\datos_crudos\ravdess\Audio_Speech_Actors_01-24\Actor_18\03-01-06-01-02-01-18.wav,RAVDESS,18,fearful,06,03-01-06-01-02-01-18,03-01-06-01-02-01-18.wav,train
C:\Users\34722\OneDrive\Escritorio\TFG\Reconocimiento emociones audio\RavdessTessSavee\datos_crudos\ravdess\Audio_Speech_Actors_01-24\Actor_18\03-01-06-01-02-02-18.wav,RAVDESS,18,fearful,06,03-01-06-01-02-02-18,03-01-06-01-02-02-18.wav,train
C:\Users\34722\OneDrive\Escritorio\TFG\Reconocimiento emociones audio\RavdessTessSavee\datos_crudos\ravdess\Audio_Speech_Actors_01-24\Actor_18\03-01-06-02-01-01-18.wav,RAVDESS,18,fearful,06,03-01-06-02-01-01-18,03-01-06-02-01-01-18.wav,test
C:\Users\34722\OneDrive\Escritorio\TFG\Reconocimiento emociones audio\RavdessTessSavee\datos_crudos\ravdess\Audio_Speech_Actors_01-24\Actor_18\03-01-06-02-01-02-18.wav,RAVDESS,18,fearful,06,03-01-06-02-01-02-18,03-01-06-02-01-02-18.wav,train
C:\Users\34722\OneDrive\Escritorio\TFG\Reconocimiento emociones audio\RavdessTessSavee\datos_crudos\ravdess\Audio_Speech_Actors_01-24\Actor_18\03-01-06-02-02-01-18.wav,RAVDESS,18,fearful,06,03-01-06-02-02-01-18,03-01-06-02-02-01-18.wav,train
C:\Users\34722\OneDrive\Escritorio\TFG\Reconocimiento emociones audio\RavdessTessSavee\datos_crudos\ravdess\Audio_Speech_Actors_01-24\Actor_18\03-01-06-02-02-02-18.wav,RAVDESS,18,fearful,06,03-01-06-02-02-02-18,03-01-06-02-02-02-18.wav,test
C:\Users\34722\OneDrive\Escritorio\TFG\Reconocimiento emociones audio\RavdessTessSavee\datos_crudos\ravdess\Audio_Speech_Actors_01-24\Actor_19\03-01-03-01-01-01-19.wav,RAVDESS,19,happy,03,03-01-03-01-01-01-19,03-01-03-01-01-01-19.wav,train
C:\Users\34722\OneDrive\Escritorio\TFG\Reconocimiento emociones audio\RavdessTessSavee\datos_crudos\ravdess\Audio_Speech_Actors_01-24\Actor_19\03-01-03-01-01-02-19.wav,RAVDESS,19,happy,03,03-01-03-01-01-02-19,03-01-03-01-01-02-19.wav,train
C:\Users\34722\OneDrive\Escritorio\TFG\Reconocimiento emociones audio\RavdessTessSavee\datos_crudos\ravdess\Audio_Speech_Actors_01-24\Actor_19\03-01-03-01-02-01-19.wav,RAVDESS,19,happy,03,03-01-03-01-02-01-19,03-01-03-01-02-01-19.wav,test
C:\Users\34722\OneDrive\Escritorio\TFG\Reconocimiento emociones audio\RavdessTessSavee\datos_crudos\ravdess\Audio_Speech_Actors_01-24\Actor_19\03-01-03-01-02-02-19.wav,RAVDESS,19,happy,03,03-01-03-01-02-02-19,03-01-03-01-02-02-19.wav,train
C:\Users\34722\OneDrive\Escritorio\TFG\Reconocimiento emociones audio\RavdessTessSavee\datos_crudos\ravdess\Audio_Speech_Actors_01-24\Actor_19\03-01-03-02-01-01-19.wav,RAVDESS,19,happy,03,03-01-03-02-01-01-19,03-01-03-02-01-01-19.wav,valid
C:\Users\34722\OneDrive\Escritorio\TFG\Reconocimiento emociones audio\RavdessTessSavee\datos_crudos\ravdess\Audio_Speech_Actors_01-24\Actor_19\03-01-03-02-01-02-19.wav,RAVDESS,19,happy,03,03-01-03-02-01-02-19,03-01-03-02-01-02-19.wav,train
C:\Users\34722\OneDrive\Escritorio\TFG\Reconocimiento emociones audio\RavdessTessSavee\datos_crudos\ravdess\Audio_Speech_Actors_01-24\Actor_19\03-01-03-02-02-01-19.wav,RAVDESS,19,happy,03,03-01-03-02-02-01-19,03-01-03-02-02-01-19.wav,valid
C:\Users\34722\OneDrive\Escritorio\TFG\Reconocimiento emociones audio\RavdessTessSavee\datos_crudos\ravdess\Audio_Speech_Actors_01-24\Actor_19\03-01-03-02-02-02-19.wav,RAVDESS,19,happy,03,03-01-03-02-02-02-19,03-01-03-02-02-02-19.wav,train
C:\Users\34722\OneDrive\Escritorio\TFG\Reconocimiento emociones audio\RavdessTessSavee\datos_crudos\ravdess\Audio_Speech_Actors_01-24\Actor_19\03-01-04-01-01-01-19.wav,RAVDESS,19,sad,04,03-01-04-01-01-01-19,03-01-04-01-01-01-19.wav,train
C:\Users\34722\OneDrive\Escritorio\TFG\Reconocimiento emociones audio\RavdessTessSavee\datos_crudos\ravdess\Audio_Speech_Actors_01-24\Actor_19\03-01-04-01-01-02-19.wav,RAVDESS,19,sad,04,03-01-04-01-01-02-19,03-01-04-01-01-02-19.wav,test
C:\Users\34722\OneDrive\Escritorio\TFG\Reconocimiento emociones audio\RavdessTessSavee\datos_crudos\ravdess\Audio_Speech_Actors_01-24\Actor_19\03-01-04-01-02-01-19.wav,RAVDESS,19,sad,04,03-01-04-01-02-01-19,03-01-04-01-02-01-19.wav,train
C:\Users\34722\OneDrive\Escritorio\TFG\Reconocimiento emociones audio\RavdessTessSavee\datos_crudos\ravdess\Audio_Speech_Actors_01-24\Actor_19\03-01-04-01-02-02-19.wav,RAVDESS,19,sad,04,03-01-04-01-02-02-19,03-01-04-01-02-02-19.wav,valid
C:\Users\34722\OneDrive\Escritorio\TFG\Reconocimiento emociones audio\RavdessTessSavee\datos_crudos\ravdess\Audio_Speech_Actors_01-24\Actor_19\03-01-04-02-01-01-19.wav,RAVDESS,19,sad,04,03-01-04-02-01-01-19,03-01-04-02-01-01-19.wav,train
C:\Users\34722\OneDrive\Escritorio\TFG\Reconocimiento emociones audio\RavdessTessSavee\datos_crudos\ravdess\Audio_Speech_Actors_01-24\Actor_19\03-01-04-02-01-02-19.wav,RAVDESS,19,sad,04,03-01-04-02-01-02-19,03-01-04-02-01-02-19.wav,train
C:\Users\34722\OneDrive\Escritorio\TFG\Reconocimiento emociones audio\RavdessTessSavee\datos_crudos\ravdess\Audio_Speech_Actors_01-24\Actor_19\03-01-04-02-02-01-19.wav,RAVDESS,19,sad,04,03-01-04-02-02-01-19,03-01-04-02-02-01-19.wav,valid
C:\Users\34722\OneDrive\Escritorio\TFG\Reconocimiento emociones audio\RavdessTessSavee\datos_crudos\ravdess\Audio_Speech_Actors_01-24\Actor_19\03-01-04-02-02-02-19.wav,RAVDESS,19,sad,04,03-01-04-02-02-02-19,03-01-04-02-02-02-19.wav,train
C:\Users\34722\OneDrive\Escritorio\TFG\Reconocimiento emociones audio\RavdessTessSavee\datos_crudos\ravdess\Audio_Speech_Actors_01-24\Actor_19\03-01-05-01-01-01-19.wav,RAVDESS,19,angry,05,03-01-05-01-01-01-19,03-01-05-01-01-01-19.wav,valid
C:\Users\34722\OneDrive\Escritorio\TFG\Reconocimiento emociones audio\RavdessTessSavee\datos_crudos\ravdess\Audio_Speech_Actors_01-24\Actor_19\03-01-05-01-01-02-19.wav,RAVDESS,19,angry,05,03-01-05-01-01-02-19,03-01-05-01-01-02-19.wav,valid
C:\Users\34722\OneDrive\Escritorio\TFG\Reconocimiento emociones audio\RavdessTessSavee\datos_crudos\ravdess\Audio_Speech_Actors_01-24\Actor_19\03-01-05-01-02-01-19.wav,RAVDESS,19,angry,05,03-01-05-01-02-01-19,03-01-05-01-02-01-19.wav,train
C:\Users\34722\OneDrive\Escritorio\TFG\Reconocimiento emociones audio\RavdessTessSavee\datos_crudos\ravdess\Audio_Speech_Actors_01-24\Actor_19\03-01-05-01-02-02-19.wav,RAVDESS,19,angry,05,03-01-05-01-02-02-19,03-01-05-01-02-02-19.wav,valid
C:\Users\34722\OneDrive\Escritorio\TFG\Reconocimiento emociones audio\RavdessTessSavee\datos_crudos\ravdess\Audio_Speech_Actors_01-24\Actor_19\03-01-05-02-01-01-19.wav,RAVDESS,19,angry,05,03-01-05-02-01-01-19,03-01-05-02-01-01-19.wav,train
C:\Users\34722\OneDrive\Escritorio\TFG\Reconocimiento emociones audio\RavdessTessSavee\datos_crudos\ravdess\Audio_Speech_Actors_01-24\Actor_19\03-01-05-02-01-02-19.wav,RAVDESS,19,angry,05,03-01-05-02-01-02-19,03-01-05-02-01-02-19.wav,train
C:\Users\34722\OneDrive\Escritorio\TFG\Reconocimiento emociones audio\RavdessTessSavee\datos_crudos\ravdess\Audio_Speech_Actors_01-24\Actor_19\03-01-05-02-02-01-19.wav,RAVDESS,19,angry,05,03-01-05-02-02-01-19,03-01-05-02-02-01-19.wav,valid
C:\Users\34722\OneDrive\Escritorio\TFG\Reconocimiento emociones audio\RavdessTessSavee\datos_crudos\ravdess\Audio_Speech_Actors_01-24\Actor_19\03-01-05-02-02-02-19.wav,RAVDESS,19,angry,05,03-01-05-02-02-02-19,03-01-05-02-02-02-19.wav,test
C:\Users\34722\OneDrive\Escritorio\TFG\Reconocimiento emociones audio\RavdessTessSavee\datos_crudos\ravdess\Audio_Speech_Actors_01-24\Actor_19\03-01-06-01-01-01-19.wav,RAVDESS,19,fearful,06,03-01-06-01-01-01-19,03-01-06-01-01-01-19.wav,valid
C:\Users\34722\OneDrive\Escritorio\TFG\Reconocimiento emociones audio\RavdessTessSavee\datos_crudos\ravdess\Audio_Speech_Actors_01-24\Actor_19\03-01-06-01-01-02-19.wav,RAVDESS,19,fearful,06,03-01-06-01-01-02-19,03-01-06-01-01-02-19.wav,valid
C:\Users\34722\OneDrive\Escritorio\TFG\Reconocimiento emociones audio\RavdessTessSavee\datos_crudos\ravdess\Audio_Speech_Actors_01-24\Actor_19\03-01-06-01-02-01-19.wav,RAVDESS,19,fearful,06,03-01-06-01-02-01-19,03-01-06-01-02-01-19.wav,valid
C:\Users\34722\OneDrive\Escritorio\TFG\Reconocimiento emociones audio\RavdessTessSavee\datos_crudos\ravdess\Audio_Speech_Actors_01-24\Actor_19\03-01-06-01-02-02-19.wav,RAVDESS,19,fearful,06,03-01-06-01-02-02-19,03-01-06-01-02-02-19.wav,train
C:\Users\34722\OneDrive\Escritorio\TFG\Reconocimiento emociones audio\RavdessTessSavee\datos_crudos\ravdess\Audio_Speech_Actors_01-24\Actor_19\03-01-06-02-01-01-19.wav,RAVDESS,19,fearful,06,03-01-06-02-01-01-19,03-01-06-02-01-01-19.wav,train
C:\Users\34722\OneDrive\Escritorio\TFG\Reconocimiento emociones audio\RavdessTessSavee\datos_crudos\ravdess\Audio_Speech_Actors_01-24\Actor_19\03-01-06-02-01-02-19.wav,RAVDESS,19,fearful,06,03-01-06-02-01-02-19,03-01-06-02-01-02-19.wav,train
C:\Users\34722\OneDrive\Escritorio\TFG\Reconocimiento emociones audio\RavdessTessSavee\datos_crudos\ravdess\Audio_Speech_Actors_01-24\Actor_19\03-01-06-02-02-01-19.wav,RAVDESS,19,fearful,06,03-01-06-02-02-01-19,03-01-06-02-02-01-19.wav,test
C:\Users\34722\OneDrive\Escritorio\TFG\Reconocimiento emociones audio\RavdessTessSavee\datos_crudos\ravdess\Audio_Speech_Actors_01-24\Actor_19\03-01-06-02-02-02-19.wav,RAVDESS,19,fearful,06,03-01-06-02-02-02-19,03-01-06-02-02-02-19.wav,train
C:\Users\34722\OneDrive\Escritorio\TFG\Reconocimiento emociones audio\RavdessTessSavee\datos_crudos\ravdess\Audio_Speech_Actors_01-24\Actor_20\03-01-03-01-01-01-20.wav,RAVDESS,20,happy,03,03-01-03-01-01-01-20,03-01-03-01-01-01-20.wav,valid
C:\Users\34722\OneDrive\Escritorio\TFG\Reconocimiento emociones audio\RavdessTessSavee\datos_crudos\ravdess\Audio_Speech_Actors_01-24\Actor_20\03-01-03-01-01-02-20.wav,RAVDESS,20,happy,03,03-01-03-01-01-02-20,03-01-03-01-01-02-20.wav,train
C:\Users\34722\OneDrive\Escritorio\TFG\Reconocimiento emociones audio\RavdessTessSavee\datos_crudos\ravdess\Audio_Speech_Actors_01-24\Actor_20\03-01-03-01-02-01-20.wav,RAVDESS,20,happy,03,03-01-03-01-02-01-20,03-01-03-01-02-01-20.wav,train
C:\Users\34722\OneDrive\Escritorio\TFG\Reconocimiento emociones audio\RavdessTessSavee\datos_crudos\ravdess\Audio_Speech_Actors_01-24\Actor_20\03-01-03-01-02-02-20.wav,RAVDESS,20,happy,03,03-01-03-01-02-02-20,03-01-03-01-02-02-20.wav,valid
C:\Users\34722\OneDrive\Escritorio\TFG\Reconocimiento emociones audio\RavdessTessSavee\datos_crudos\ravdess\Audio_Speech_Actors_01-24\Actor_20\03-01-03-02-01-01-20.wav,RAVDESS,20,happy,03,03-01-03-02-01-01-20,03-01-03-02-01-01-20.wav,train
C:\Users\34722\OneDrive\Escritorio\TFG\Reconocimiento emociones audio\RavdessTessSavee\datos_crudos\ravdess\Audio_Speech_Actors_01-24\Actor_20\03-01-03-02-01-02-20.wav,RAVDESS,20,happy,03,03-01-03-02-01-02-20,03-01-03-02-01-02-20.wav,valid
C:\Users\34722\OneDrive\Escritorio\TFG\Reconocimiento emociones audio\RavdessTessSavee\datos_crudos\ravdess\Audio_Speech_Actors_01-24\Actor_20\03-01-03-02-02-01-20.wav,RAVDESS,20,happy,03,03-01-03-02-02-01-20,03-01-03-02-02-01-20.wav,train
C:\Users\34722\OneDrive\Escritorio\TFG\Reconocimiento emociones audio\RavdessTessSavee\datos_crudos\ravdess\Audio_Speech_Actors_01-24\Actor_20\03-01-03-02-02-02-20.wav,RAVDESS,20,happy,03,03-01-03-02-02-02-20,03-01-03-02-02-02-20.wav,valid
C:\Users\34722\OneDrive\Escritorio\TFG\Reconocimiento emociones audio\RavdessTessSavee\datos_crudos\ravdess\Audio_Speech_Actors_01-24\Actor_20\03-01-04-01-01-01-20.wav,RAVDESS,20,sad,04,03-01-04-01-01-01-20,03-01-04-01-01-01-20.wav,train
C:\Users\34722\OneDrive\Escritorio\TFG\Reconocimiento emociones audio\RavdessTessSavee\datos_crudos\ravdess\Audio_Speech_Actors_01-24\Actor_20\03-01-04-01-01-02-20.wav,RAVDESS,20,sad,04,03-01-04-01-01-02-20,03-01-04-01-01-02-20.wav,train
C:\Users\34722\OneDrive\Escritorio\TFG\Reconocimiento emociones audio\RavdessTessSavee\datos_crudos\ravdess\Audio_Speech_Actors_01-24\Actor_20\03-01-04-01-02-01-20.wav,RAVDESS,20,sad,04,03-01-04-01-02-01-20,03-01-04-01-02-01-20.wav,train
C:\Users\34722\OneDrive\Escritorio\TFG\Reconocimiento emociones audio\RavdessTessSavee\datos_crudos\ravdess\Audio_Speech_Actors_01-24\Actor_20\03-01-04-01-02-02-20.wav,RAVDESS,20,sad,04,03-01-04-01-02-02-20,03-01-04-01-02-02-20.wav,train
C:\Users\34722\OneDrive\Escritorio\TFG\Reconocimiento emociones audio\RavdessTessSavee\datos_crudos\ravdess\Audio_Speech_Actors_01-24\Actor_20\03-01-04-02-01-01-20.wav,RAVDESS,20,sad,04,03-01-04-02-01-01-20,03-01-04-02-01-01-20.wav,train
C:\Users\34722\OneDrive\Escritorio\TFG\Reconocimiento emociones audio\RavdessTessSavee\datos_crudos\ravdess\Audio_Speech_Actors_01-24\Actor_20\03-01-04-02-01-02-20.wav,RAVDESS,20,sad,04,03-01-04-02-01-02-20,03-01-04-02-01-02-20.wav,test
C:\Users\34722\OneDrive\Escritorio\TFG\Reconocimiento emociones audio\RavdessTessSavee\datos_crudos\ravdess\Audio_Speech_Actors_01-24\Actor_20\03-01-04-02-02-01-20.wav,RAVDESS,20,sad,04,03-01-04-02-02-01-20,03-01-04-02-02-01-20.wav,train
C:\Users\34722\OneDrive\Escritorio\TFG\Reconocimiento emociones audio\RavdessTessSavee\datos_crudos\ravdess\Audio_Speech_Actors_01-24\Actor_20\03-01-04-02-02-02-20.wav,RAVDESS,20,sad,04,03-01-04-02-02-02-20,03-01-04-02-02-02-20.wav,test
C:\Users\34722\OneDrive\Escritorio\TFG\Reconocimiento emociones audio\RavdessTessSavee\datos_crudos\ravdess\Audio_Speech_Actors_01-24\Actor_20\03-01-05-01-01-01-20.wav,RAVDESS,20,angry,05,03-01-05-01-01-01-20,03-01-05-01-01-01-20.wav,test
C:\Users\34722\OneDrive\Escritorio\TFG\Reconocimiento emociones audio\RavdessTessSavee\datos_crudos\ravdess\Audio_Speech_Actors_01-24\Actor_20\03-01-05-01-01-02-20.wav,RAVDESS,20,angry,05,03-01-05-01-01-02-20,03-01-05-01-01-02-20.wav,train
C:\Users\34722\OneDrive\Escritorio\TFG\Reconocimiento emociones audio\RavdessTessSavee\datos_crudos\ravdess\Audio_Speech_Actors_01-24\Actor_20\03-01-05-01-02-01-20.wav,RAVDESS,20,angry,05,03-01-05-01-02-01-20,03-01-05-01-02-01-20.wav,train
C:\Users\34722\OneDrive\Escritorio\TFG\Reconocimiento emociones audio\RavdessTessSavee\datos_crudos\ravdess\Audio_Speech_Actors_01-24\Actor_20\03-01-05-01-02-02-20.wav,RAVDESS,20,angry,05,03-01-05-01-02-02-20,03-01-05-01-02-02-20.wav,valid
C:\Users\34722\OneDrive\Escritorio\TFG\Reconocimiento emociones audio\RavdessTessSavee\datos_crudos\ravdess\Audio_Speech_Actors_01-24\Actor_20\03-01-05-02-01-01-20.wav,RAVDESS,20,angry,05,03-01-05-02-01-01-20,03-01-05-02-01-01-20.wav,valid
C:\Users\34722\OneDrive\Escritorio\TFG\Reconocimiento emociones audio\RavdessTessSavee\datos_crudos\ravdess\Audio_Speech_Actors_01-24\Actor_20\03-01-05-02-01-02-20.wav,RAVDESS,20,angry,05,03-01-05-02-01-02-20,03-01-05-02-01-02-20.wav,train
C:\Users\34722\OneDrive\Escritorio\TFG\Reconocimiento emociones audio\RavdessTessSavee\datos_crudos\ravdess\Audio_Speech_Actors_01-24\Actor_20\03-01-05-02-02-01-20.wav,RAVDESS,20,angry,05,03-01-05-02-02-01-20,03-01-05-02-02-01-20.wav,train
C:\Users\34722\OneDrive\Escritorio\TFG\Reconocimiento emociones audio\RavdessTessSavee\datos_crudos\ravdess\Audio_Speech_Actors_01-24\Actor_20\03-01-05-02-02-02-20.wav,RAVDESS,20,angry,05,03-01-05-02-02-02-20,03-01-05-02-02-02-20.wav,test
C:\Users\34722\OneDrive\Escritorio\TFG\Reconocimiento emociones audio\RavdessTessSavee\datos_crudos\ravdess\Audio_Speech_Actors_01-24\Actor_20\03-01-06-01-01-01-20.wav,RAVDESS,20,fearful,06,03-01-06-01-01-01-20,03-01-06-01-01-01-20.wav,test
C:\Users\34722\OneDrive\Escritorio\TFG\Reconocimiento emociones audio\RavdessTessSavee\datos_crudos\ravdess\Audio_Speech_Actors_01-24\Actor_20\03-01-06-01-01-02-20.wav,RAVDESS,20,fearful,06,03-01-06-01-01-02-20,03-01-06-01-01-02-20.wav,train
C:\Users\34722\OneDrive\Escritorio\TFG\Reconocimiento emociones audio\RavdessTessSavee\datos_crudos\ravdess\Audio_Speech_Actors_01-24\Actor_20\03-01-06-01-02-01-20.wav,RAVDESS,20,fearful,06,03-01-06-01-02-01-20,03-01-06-01-02-01-20.wav,train
C:\Users\34722\OneDrive\Escritorio\TFG\Reconocimiento emociones audio\RavdessTessSavee\datos_crudos\ravdess\Audio_Speech_Actors_01-24\Actor_20\03-01-06-01-02-02-20.wav,RAVDESS,20,fearful,06,03-01-06-01-02-02-20,03-01-06-01-02-02-20.wav,valid
C:\Users\34722\OneDrive\Escritorio\TFG\Reconocimiento emociones audio\RavdessTessSavee\datos_crudos\ravdess\Audio_Speech_Actors_01-24\Actor_20\03-01-06-02-01-01-20.wav,RAVDESS,20,fearful,06,03-01-06-02-01-01-20,03-01-06-02-01-01-20.wav,train
C:\Users\34722\OneDrive\Escritorio\TFG\Reconocimiento emociones audio\RavdessTessSavee\datos_crudos\ravdess\Audio_Speech_Actors_01-24\Actor_20\03-01-06-02-01-02-20.wav,RAVDESS,20,fearful,06,03-01-06-02-01-02-20,03-01-06-02-01-02-20.wav,test
C:\Users\34722\OneDrive\Escritorio\TFG\Reconocimiento emociones audio\RavdessTessSavee\datos_crudos\ravdess\Audio_Speech_Actors_01-24\Actor_20\03-01-06-02-02-01-20.wav,RAVDESS,20,fearful,06,03-01-06-02-02-01-20,03-01-06-02-02-01-20.wav,train
C:\Users\34722\OneDrive\Escritorio\TFG\Reconocimiento emociones audio\RavdessTessSavee\datos_crudos\ravdess\Audio_Speech_Actors_01-24\Actor_20\03-01-06-02-02-02-20.wav,RAVDESS,20,fearful,06,03-01-06-02-02-02-20,03-01-06-02-02-02-20.wav,train
C:\Users\34722\OneDrive\Escritorio\TFG\Reconocimiento emociones audio\RavdessTessSavee\datos_crudos\ravdess\Audio_Speech_Actors_01-24\Actor_21\03-01-03-01-01-01-21.wav,RAVDESS,21,happy,03,03-01-03-01-01-01-21,03-01-03-01-01-01-21.wav,train
C:\Users\34722\OneDrive\Escritorio\TFG\Reconocimiento emociones audio\RavdessTessSavee\datos_crudos\ravdess\Audio_Speech_Actors_01-24\Actor_21\03-01-03-01-01-02-21.wav,RAVDESS,21,happy,03,03-01-03-01-01-02-21,03-01-03-01-01-02-21.wav,train
C:\Users\34722\OneDrive\Escritorio\TFG\Reconocimiento emociones audio\RavdessTessSavee\datos_crudos\ravdess\Audio_Speech_Actors_01-24\Actor_21\03-01-03-01-02-01-21.wav,RAVDESS,21,happy,03,03-01-03-01-02-01-21,03-01-03-01-02-01-21.wav,train
C:\Users\34722\OneDrive\Escritorio\TFG\Reconocimiento emociones audio\RavdessTessSavee\datos_crudos\ravdess\Audio_Speech_Actors_01-24\Actor_21\03-01-03-01-02-02-21.wav,RAVDESS,21,happy,03,03-01-03-01-02-02-21,03-01-03-01-02-02-21.wav,train
C:\Users\34722\OneDrive\Escritorio\TFG\Reconocimiento emociones audio\RavdessTessSavee\datos_crudos\ravdess\Audio_Speech_Actors_01-24\Actor_21\03-01-03-02-01-01-21.wav,RAVDESS,21,happy,03,03-01-03-02-01-01-21,03-01-03-02-01-01-21.wav,train
C:\Users\34722\OneDrive\Escritorio\TFG\Reconocimiento emociones audio\RavdessTessSavee\datos_crudos\ravdess\Audio_Speech_Actors_01-24\Actor_21\03-01-03-02-01-02-21.wav,RAVDESS,21,happy,03,03-01-03-02-01-02-21,03-01-03-02-01-02-21.wav,test
C:\Users\34722\OneDrive\Escritorio\TFG\Reconocimiento emociones audio\RavdessTessSavee\datos_crudos\ravdess\Audio_Speech_Actors_01-24\Actor_21\03-01-03-02-02-01-21.wav,RAVDESS,21,happy,03,03-01-03-02-02-01-21,03-01-03-02-02-01-21.wav,valid
C:\Users\34722\OneDrive\Escritorio\TFG\Reconocimiento emociones audio\RavdessTessSavee\datos_crudos\ravdess\Audio_Speech_Actors_01-24\Actor_21\03-01-03-02-02-02-21.wav,RAVDESS,21,happy,03,03-01-03-02-02-02-21,03-01-03-02-02-02-21.wav,train
C:\Users\34722\OneDrive\Escritorio\TFG\Reconocimiento emociones audio\RavdessTessSavee\datos_crudos\ravdess\Audio_Speech_Actors_01-24\Actor_21\03-01-04-01-01-01-21.wav,RAVDESS,21,sad,04,03-01-04-01-01-01-21,03-01-04-01-01-01-21.wav,train
C:\Users\34722\OneDrive\Escritorio\TFG\Reconocimiento emociones audio\RavdessTessSavee\datos_crudos\ravdess\Audio_Speech_Actors_01-24\Actor_21\03-01-04-01-01-02-21.wav,RAVDESS,21,sad,04,03-01-04-01-01-02-21,03-01-04-01-01-02-21.wav,train
C:\Users\34722\OneDrive\Escritorio\TFG\Reconocimiento emociones audio\RavdessTessSavee\datos_crudos\ravdess\Audio_Speech_Actors_01-24\Actor_21\03-01-04-01-02-01-21.wav,RAVDESS,21,sad,04,03-01-04-01-02-01-21,03-01-04-01-02-01-21.wav,train
C:\Users\34722\OneDrive\Escritorio\TFG\Reconocimiento emociones audio\RavdessTessSavee\datos_crudos\ravdess\Audio_Speech_Actors_01-24\Actor_21\03-01-04-01-02-02-21.wav,RAVDESS,21,sad,04,03-01-04-01-02-02-21,03-01-04-01-02-02-21.wav,train
C:\Users\34722\OneDrive\Escritorio\TFG\Reconocimiento emociones audio\RavdessTessSavee\datos_crudos\ravdess\Audio_Speech_Actors_01-24\Actor_21\03-01-04-02-01-01-21.wav,RAVDESS,21,sad,04,03-01-04-02-01-01-21,03-01-04-02-01-01-21.wav,train
C:\Users\34722\OneDrive\Escritorio\TFG\Reconocimiento emociones audio\RavdessTessSavee\datos_crudos\ravdess\Audio_Speech_Actors_01-24\Actor_21\03-01-04-02-01-02-21.wav,RAVDESS,21,sad,04,03-01-04-02-01-02-21,03-01-04-02-01-02-21.wav,train
C:\Users\34722\OneDrive\Escritorio\TFG\Reconocimiento emociones audio\RavdessTessSavee\datos_crudos\ravdess\Audio_Speech_Actors_01-24\Actor_21\03-01-04-02-02-01-21.wav,RAVDESS,21,sad,04,03-01-04-02-02-01-21,03-01-04-02-02-01-21.wav,train
C:\Users\34722\OneDrive\Escritorio\TFG\Reconocimiento emociones audio\RavdessTessSavee\datos_crudos\ravdess\Audio_Speech_Actors_01-24\Actor_21\03-01-04-02-02-02-21.wav,RAVDESS,21,sad,04,03-01-04-02-02-02-21,03-01-04-02-02-02-21.wav,train
C:\Users\34722\OneDrive\Escritorio\TFG\Reconocimiento emociones audio\RavdessTessSavee\datos_crudos\ravdess\Audio_Speech_Actors_01-24\Actor_21\03-01-05-01-01-01-21.wav,RAVDESS,21,angry,05,03-01-05-01-01-01-21,03-01-05-01-01-01-21.wav,train
C:\Users\34722\OneDrive\Escritorio\TFG\Reconocimiento emociones audio\RavdessTessSavee\datos_crudos\ravdess\Audio_Speech_Actors_01-24\Actor_21\03-01-05-01-01-02-21.wav,RAVDESS,21,angry,05,03-01-05-01-01-02-21,03-01-05-01-01-02-21.wav,train
C:\Users\34722\OneDrive\Escritorio\TFG\Reconocimiento emociones audio\RavdessTessSavee\datos_crudos\ravdess\Audio_Speech_Actors_01-24\Actor_21\03-01-05-01-02-01-21.wav,RAVDESS,21,angry,05,03-01-05-01-02-01-21,03-01-05-01-02-01-21.wav,train
C:\Users\34722\OneDrive\Escritorio\TFG\Reconocimiento emociones audio\RavdessTessSavee\datos_crudos\ravdess\Audio_Speech_Actors_01-24\Actor_21\03-01-05-01-02-02-21.wav,RAVDESS,21,angry,05,03-01-05-01-02-02-21,03-01-05-01-02-02-21.wav,train
C:\Users\34722\OneDrive\Escritorio\TFG\Reconocimiento emociones audio\RavdessTessSavee\datos_crudos\ravdess\Audio_Speech_Actors_01-24\Actor_21\03-01-05-02-01-01-21.wav,RAVDESS,21,angry,05,03-01-05-02-01-01-21,03-01-05-02-01-01-21.wav,test
C:\Users\34722\OneDrive\Escritorio\TFG\Reconocimiento emociones audio\RavdessTessSavee\datos_crudos\ravdess\Audio_Speech_Actors_01-24\Actor_21\03-01-05-02-01-02-21.wav,RAVDESS,21,angry,05,03-01-05-02-01-02-21,03-01-05-02-01-02-21.wav,train
C:\Users\34722\OneDrive\Escritorio\TFG\Reconocimiento emociones audio\RavdessTessSavee\datos_crudos\ravdess\Audio_Speech_Actors_01-24\Actor_21\03-01-05-02-02-01-21.wav,RAVDESS,21,angry,05,03-01-05-02-02-01-21,03-01-05-02-02-01-21.wav,train
C:\Users\34722\OneDrive\Escritorio\TFG\Reconocimiento emociones audio\RavdessTessSavee\datos_crudos\ravdess\Audio_Speech_Actors_01-24\Actor_21\03-01-05-02-02-02-21.wav,RAVDESS,21,angry,05,03-01-05-02-02-02-21,03-01-05-02-02-02-21.wav,train
C:\Users\34722\OneDrive\Escritorio\TFG\Reconocimiento emociones audio\RavdessTessSavee\datos_crudos\ravdess\Audio_Speech_Actors_01-24\Actor_21\03-01-06-01-01-01-21.wav,RAVDESS,21,fearful,06,03-01-06-01-01-01-21,03-01-06-01-01-01-21.wav,train
C:\Users\34722\OneDrive\Escritorio\TFG\Reconocimiento emociones audio\RavdessTessSavee\datos_crudos\ravdess\Audio_Speech_Actors_01-24\Actor_21\03-01-06-01-01-02-21.wav,RAVDESS,21,fearful,06,03-01-06-01-01-02-21,03-01-06-01-01-02-21.wav,train
C:\Users\34722\OneDrive\Escritorio\TFG\Reconocimiento emociones audio\RavdessTessSavee\datos_crudos\ravdess\Audio_Speech_Actors_01-24\Actor_21\03-01-06-01-02-01-21.wav,RAVDESS,21,fearful,06,03-01-06-01-02-01-21,03-01-06-01-02-01-21.wav,train
C:\Users\34722\OneDrive\Escritorio\TFG\Reconocimiento emociones audio\RavdessTessSavee\datos_crudos\ravdess\Audio_Speech_Actors_01-24\Actor_21\03-01-06-01-02-02-21.wav,RAVDESS,21,fearful,06,03-01-06-01-02-02-21,03-01-06-01-02-02-21.wav,train
C:\Users\34722\OneDrive\Escritorio\TFG\Reconocimiento emociones audio\RavdessTessSavee\datos_crudos\ravdess\Audio_Speech_Actors_01-24\Actor_21\03-01-06-02-01-01-21.wav,RAVDESS,21,fearful,06,03-01-06-02-01-01-21,03-01-06-02-01-01-21.wav,train
C:\Users\34722\OneDrive\Escritorio\TFG\Reconocimiento emociones audio\RavdessTessSavee\datos_crudos\ravdess\Audio_Speech_Actors_01-24\Actor_21\03-01-06-02-01-02-21.wav,RAVDESS,21,fearful,06,03-01-06-02-01-02-21,03-01-06-02-01-02-21.wav,valid
C:\Users\34722\OneDrive\Escritorio\TFG\Reconocimiento emociones audio\RavdessTessSavee\datos_crudos\ravdess\Audio_Speech_Actors_01-24\Actor_21\03-01-06-02-02-01-21.wav,RAVDESS,21,fearful,06,03-01-06-02-02-01-21,03-01-06-02-02-01-21.wav,train
C:\Users\34722\OneDrive\Escritorio\TFG\Reconocimiento emociones audio\RavdessTessSavee\datos_crudos\ravdess\Audio_Speech_Actors_01-24\Actor_21\03-01-06-02-02-02-21.wav,RAVDESS,21,fearful,06,03-01-06-02-02-02-21,03-01-06-02-02-02-21.wav,test
C:\Users\34722\OneDrive\Escritorio\TFG\Reconocimiento emociones audio\RavdessTessSavee\datos_crudos\ravdess\Audio_Speech_Actors_01-24\Actor_22\03-01-03-01-01-01-22.wav,RAVDESS,22,happy,03,03-01-03-01-01-01-22,03-01-03-01-01-01-22.wav,train
C:\Users\34722\OneDrive\Escritorio\TFG\Reconocimiento emociones audio\RavdessTessSavee\datos_crudos\ravdess\Audio_Speech_Actors_01-24\Actor_22\03-01-03-01-01-02-22.wav,RAVDESS,22,happy,03,03-01-03-01-01-02-22,03-01-03-01-01-02-22.wav,train
C:\Users\34722\OneDrive\Escritorio\TFG\Reconocimiento emociones audio\RavdessTessSavee\datos_crudos\ravdess\Audio_Speech_Actors_01-24\Actor_22\03-01-03-01-02-01-22.wav,RAVDESS,22,happy,03,03-01-03-01-02-01-22,03-01-03-01-02-01-22.wav,test
C:\Users\34722\OneDrive\Escritorio\TFG\Reconocimiento emociones audio\RavdessTessSavee\datos_crudos\ravdess\Audio_Speech_Actors_01-24\Actor_22\03-01-03-01-02-02-22.wav,RAVDESS,22,happy,03,03-01-03-01-02-02-22,03-01-03-01-02-02-22.wav,train
C:\Users\34722\OneDrive\Escritorio\TFG\Reconocimiento emociones audio\RavdessTessSavee\datos_crudos\ravdess\Audio_Speech_Actors_01-24\Actor_22\03-01-03-02-01-01-22.wav,RAVDESS,22,happy,03,03-01-03-02-01-01-22,03-01-03-02-01-01-22.wav,train
C:\Users\34722\OneDrive\Escritorio\TFG\Reconocimiento emociones audio\RavdessTessSavee\datos_crudos\ravdess\Audio_Speech_Actors_01-24\Actor_22\03-01-03-02-01-02-22.wav,RAVDESS,22,happy,03,03-01-03-02-01-02-22,03-01-03-02-01-02-22.wav,train
C:\Users\34722\OneDrive\Escritorio\TFG\Reconocimiento emociones audio\RavdessTessSavee\datos_crudos\ravdess\Audio_Speech_Actors_01-24\Actor_22\03-01-03-02-02-01-22.wav,RAVDESS,22,happy,03,03-01-03-02-02-01-22,03-01-03-02-02-01-22.wav,test
C:\Users\34722\OneDrive\Escritorio\TFG\Reconocimiento emociones audio\RavdessTessSavee\datos_crudos\ravdess\Audio_Speech_Actors_01-24\Actor_22\03-01-03-02-02-02-22.wav,RAVDESS,22,happy,03,03-01-03-02-02-02-22,03-01-03-02-02-02-22.wav,test
C:\Users\34722\OneDrive\Escritorio\TFG\Reconocimiento emociones audio\RavdessTessSavee\datos_crudos\ravdess\Audio_Speech_Actors_01-24\Actor_22\03-01-04-01-01-01-22.wav,RAVDESS,22,sad,04,03-01-04-01-01-01-22,03-01-04-01-01-01-22.wav,valid
C:\Users\34722\OneDrive\Escritorio\TFG\Reconocimiento emociones audio\RavdessTessSavee\datos_crudos\ravdess\Audio_Speech_Actors_01-24\Actor_22\03-01-04-01-01-02-22.wav,RAVDESS,22,sad,04,03-01-04-01-01-02-22,03-01-04-01-01-02-22.wav,train
C:\Users\34722\OneDrive\Escritorio\TFG\Reconocimiento emociones audio\RavdessTessSavee\datos_crudos\ravdess\Audio_Speech_Actors_01-24\Actor_22\03-01-04-01-02-01-22.wav,RAVDESS,22,sad,04,03-01-04-01-02-01-22,03-01-04-01-02-01-22.wav,train
C:\Users\34722\OneDrive\Escritorio\TFG\Reconocimiento emociones audio\RavdessTessSavee\datos_crudos\ravdess\Audio_Speech_Actors_01-24\Actor_22\03-01-04-01-02-02-22.wav,RAVDESS,22,sad,04,03-01-04-01-02-02-22,03-01-04-01-02-02-22.wav,train
C:\Users\34722\OneDrive\Escritorio\TFG\Reconocimiento emociones audio\RavdessTessSavee\datos_crudos\ravdess\Audio_Speech_Actors_01-24\Actor_22\03-01-04-02-01-01-22.wav,RAVDESS,22,sad,04,03-01-04-02-01-01-22,03-01-04-02-01-01-22.wav,train
C:\Users\34722\OneDrive\Escritorio\TFG\Reconocimiento emociones audio\RavdessTessSavee\datos_crudos\ravdess\Audio_Speech_Actors_01-24\Actor_22\03-01-04-02-01-02-22.wav,RAVDESS,22,sad,04,03-01-04-02-01-02-22,03-01-04-02-01-02-22.wav,valid
C:\Users\34722\OneDrive\Escritorio\TFG\Reconocimiento emociones audio\RavdessTessSavee\datos_crudos\ravdess\Audio_Speech_Actors_01-24\Actor_22\03-01-04-02-02-01-22.wav,RAVDESS,22,sad,04,03-01-04-02-02-01-22,03-01-04-02-02-01-22.wav,train
C:\Users\34722\OneDrive\Escritorio\TFG\Reconocimiento emociones audio\RavdessTessSavee\datos_crudos\ravdess\Audio_Speech_Actors_01-24\Actor_22\03-01-04-02-02-02-22.wav,RAVDESS,22,sad,04,03-01-04-02-02-02-22,03-01-04-02-02-02-22.wav,valid
C:\Users\34722\OneDrive\Escritorio\TFG\Reconocimiento emociones audio\RavdessTessSavee\datos_crudos\ravdess\Audio_Speech_Actors_01-24\Actor_22\03-01-05-01-01-01-22.wav,RAVDESS,22,angry,05,03-01-05-01-01-01-22,03-01-05-01-01-01-22.wav,test
C:\Users\34722\OneDrive\Escritorio\TFG\Reconocimiento emociones audio\RavdessTessSavee\datos_crudos\ravdess\Audio_Speech_Actors_01-24\Actor_22\03-01-05-01-01-02-22.wav,RAVDESS,22,angry,05,03-01-05-01-01-02-22,03-01-05-01-01-02-22.wav,train
C:\Users\34722\OneDrive\Escritorio\TFG\Reconocimiento emociones audio\RavdessTessSavee\datos_crudos\ravdess\Audio_Speech_Actors_01-24\Actor_22\03-01-05-01-02-01-22.wav,RAVDESS,22,angry,05,03-01-05-01-02-01-22,03-01-05-01-02-01-22.wav,train
C:\Users\34722\OneDrive\Escritorio\TFG\Reconocimiento emociones audio\RavdessTessSavee\datos_crudos\ravdess\Audio_Speech_Actors_01-24\Actor_22\03-01-05-01-02-02-22.wav,RAVDESS,22,angry,05,03-01-05-01-02-02-22,03-01-05-01-02-02-22.wav,valid
C:\Users\34722\OneDrive\Escritorio\TFG\Reconocimiento emociones audio\RavdessTessSavee\datos_crudos\ravdess\Audio_Speech_Actors_01-24\Actor_22\03-01-05-02-01-01-22.wav,RAVDESS,22,angry,05,03-01-05-02-01-01-22,03-01-05-02-01-01-22.wav,test
C:\Users\34722\OneDrive\Escritorio\TFG\Reconocimiento emociones audio\RavdessTessSavee\datos_crudos\ravdess\Audio_Speech_Actors_01-24\Actor_22\03-01-05-02-01-02-22.wav,RAVDESS,22,angry,05,03-01-05-02-01-02-22,03-01-05-02-01-02-22.wav,train
C:\Users\34722\OneDrive\Escritorio\TFG\Reconocimiento emociones audio\RavdessTessSavee\datos_crudos\ravdess\Audio_Speech_Actors_01-24\Actor_22\03-01-05-02-02-01-22.wav,RAVDESS,22,angry,05,03-01-05-02-02-01-22,03-01-05-02-02-01-22.wav,test
C:\Users\34722\OneDrive\Escritorio\TFG\Reconocimiento emociones audio\RavdessTessSavee\datos_crudos\ravdess\Audio_Speech_Actors_01-24\Actor_22\03-01-05-02-02-02-22.wav,RAVDESS,22,angry,05,03-01-05-02-02-02-22,03-01-05-02-02-02-22.wav,train
C:\Users\34722\OneDrive\Escritorio\TFG\Reconocimiento emociones audio\RavdessTessSavee\datos_crudos\ravdess\Audio_Speech_Actors_01-24\Actor_22\03-01-06-01-01-01-22.wav,RAVDESS,22,fearful,06,03-01-06-01-01-01-22,03-01-06-01-01-01-22.wav,train
C:\Users\34722\OneDrive\Escritorio\TFG\Reconocimiento emociones audio\RavdessTessSavee\datos_crudos\ravdess\Audio_Speech_Actors_01-24\Actor_22\03-01-06-01-01-02-22.wav,RAVDESS,22,fearful,06,03-01-06-01-01-02-22,03-01-06-01-01-02-22.wav,train
C:\Users\34722\OneDrive\Escritorio\TFG\Reconocimiento emociones audio\RavdessTessSavee\datos_crudos\ravdess\Audio_Speech_Actors_01-24\Actor_22\03-01-06-01-02-01-22.wav,RAVDESS,22,fearful,06,03-01-06-01-02-01-22,03-01-06-01-02-01-22.wav,train
C:\Users\34722\OneDrive\Escritorio\TFG\Reconocimiento emociones audio\RavdessTessSavee\datos_crudos\ravdess\Audio_Speech_Actors_01-24\Actor_22\03-01-06-01-02-02-22.wav,RAVDESS,22,fearful,06,03-01-06-01-02-02-22,03-01-06-01-02-02-22.wav,test
C:\Users\34722\OneDrive\Escritorio\TFG\Reconocimiento emociones audio\RavdessTessSavee\datos_crudos\ravdess\Audio_Speech_Actors_01-24\Actor_22\03-01-06-02-01-01-22.wav,RAVDESS,22,fearful,06,03-01-06-02-01-01-22,03-01-06-02-01-01-22.wav,valid
C:\Users\34722\OneDrive\Escritorio\TFG\Reconocimiento emociones audio\RavdessTessSavee\datos_crudos\ravdess\Audio_Speech_Actors_01-24\Actor_22\03-01-06-02-01-02-22.wav,RAVDESS,22,fearful,06,03-01-06-02-01-02-22,03-01-06-02-01-02-22.wav,valid
C:\Users\34722\OneDrive\Escritorio\TFG\Reconocimiento emociones audio\RavdessTessSavee\datos_crudos\ravdess\Audio_Speech_Actors_01-24\Actor_22\03-01-06-02-02-01-22.wav,RAVDESS,22,fearful,06,03-01-06-02-02-01-22,03-01-06-02-02-01-22.wav,test
C:\Users\34722\OneDrive\Escritorio\TFG\Reconocimiento emociones audio\RavdessTessSavee\datos_crudos\ravdess\Audio_Speech_Actors_01-24\Actor_22\03-01-06-02-02-02-22.wav,RAVDESS,22,fearful,06,03-01-06-02-02-02-22,03-01-06-02-02-02-22.wav,train
C:\Users\34722\OneDrive\Escritorio\TFG\Reconocimiento emociones audio\RavdessTessSavee\datos_crudos\ravdess\Audio_Speech_Actors_01-24\Actor_23\03-01-03-01-01-01-23.wav,RAVDESS,23,happy,03,03-01-03-01-01-01-23,03-01-03-01-01-01-23.wav,train
C:\Users\34722\OneDrive\Escritorio\TFG\Reconocimiento emociones audio\RavdessTessSavee\datos_crudos\ravdess\Audio_Speech_Actors_01-24\Actor_23\03-01-03-01-01-02-23.wav,RAVDESS,23,happy,03,03-01-03-01-01-02-23,03-01-03-01-01-02-23.wav,train
C:\Users\34722\OneDrive\Escritorio\TFG\Reconocimiento emociones audio\RavdessTessSavee\datos_crudos\ravdess\Audio_Speech_Actors_01-24\Actor_23\03-01-03-01-02-01-23.wav,RAVDESS,23,happy,03,03-01-03-01-02-01-23,03-01-03-01-02-01-23.wav,valid
C:\Users\34722\OneDrive\Escritorio\TFG\Reconocimiento emociones audio\RavdessTessSavee\datos_crudos\ravdess\Audio_Speech_Actors_01-24\Actor_23\03-01-03-01-02-02-23.wav,RAVDESS,23,happy,03,03-01-03-01-02-02-23,03-01-03-01-02-02-23.wav,train
C:\Users\34722\OneDrive\Escritorio\TFG\Reconocimiento emociones audio\RavdessTessSavee\datos_crudos\ravdess\Audio_Speech_Actors_01-24\Actor_23\03-01-03-02-01-01-23.wav,RAVDESS,23,happy,03,03-01-03-02-01-01-23,03-01-03-02-01-01-23.wav,test
C:\Users\34722\OneDrive\Escritorio\TFG\Reconocimiento emociones audio\RavdessTessSavee\datos_crudos\ravdess\Audio_Speech_Actors_01-24\Actor_23\03-01-03-02-01-02-23.wav,RAVDESS,23,happy,03,03-01-03-02-01-02-23,03-01-03-02-01-02-23.wav,train
C:\Users\34722\OneDrive\Escritorio\TFG\Reconocimiento emociones audio\RavdessTessSavee\datos_crudos\ravdess\Audio_Speech_Actors_01-24\Actor_23\03-01-03-02-02-01-23.wav,RAVDESS,23,happy,03,03-01-03-02-02-01-23,03-01-03-02-02-01-23.wav,train
C:\Users\34722\OneDrive\Escritorio\TFG\Reconocimiento emociones audio\RavdessTessSavee\datos_crudos\ravdess\Audio_Speech_Actors_01-24\Actor_23\03-01-03-02-02-02-23.wav,RAVDESS,23,happy,03,03-01-03-02-02-02-23,03-01-03-02-02-02-23.wav,valid
C:\Users\34722\OneDrive\Escritorio\TFG\Reconocimiento emociones audio\RavdessTessSavee\datos_crudos\ravdess\Audio_Speech_Actors_01-24\Actor_23\03-01-04-01-01-01-23.wav,RAVDESS,23,sad,04,03-01-04-01-01-01-23,03-01-04-01-01-01-23.wav,train
C:\Users\34722\OneDrive\Escritorio\TFG\Reconocimiento emociones audio\RavdessTessSavee\datos_crudos\ravdess\Audio_Speech_Actors_01-24\Actor_23\03-01-04-01-01-02-23.wav,RAVDESS,23,sad,04,03-01-04-01-01-02-23,03-01-04-01-01-02-23.wav,train
C:\Users\34722\OneDrive\Escritorio\TFG\Reconocimiento emociones audio\RavdessTessSavee\datos_crudos\ravdess\Audio_Speech_Actors_01-24\Actor_23\03-01-04-01-02-01-23.wav,RAVDESS,23,sad,04,03-01-04-01-02-01-23,03-01-04-01-02-01-23.wav,train
C:\Users\34722\OneDrive\Escritorio\TFG\Reconocimiento emociones audio\RavdessTessSavee\datos_crudos\ravdess\Audio_Speech_Actors_01-24\Actor_23\03-01-04-01-02-02-23.wav,RAVDESS,23,sad,04,03-01-04-01-02-02-23,03-01-04-01-02-02-23.wav,train
C:\Users\34722\OneDrive\Escritorio\TFG\Reconocimiento emociones audio\RavdessTessSavee\datos_crudos\ravdess\Audio_Speech_Actors_01-24\Actor_23\03-01-04-02-01-01-23.wav,RAVDESS,23,sad,04,03-01-04-02-01-01-23,03-01-04-02-01-01-23.wav,train
C:\Users\34722\OneDrive\Escritorio\TFG\Reconocimiento emociones audio\RavdessTessSavee\datos_crudos\ravdess\Audio_Speech_Actors_01-24\Actor_23\03-01-04-02-01-02-23.wav,RAVDESS,23,sad,04,03-01-04-02-01-02-23,03-01-04-02-01-02-23.wav,test
C:\Users\34722\OneDrive\Escritorio\TFG\Reconocimiento emociones audio\RavdessTessSavee\datos_crudos\ravdess\Audio_Speech_Actors_01-24\Actor_23\03-01-04-02-02-01-23.wav,RAVDESS,23,sad,04,03-01-04-02-02-01-23,03-01-04-02-02-01-23.wav,train
C:\Users\34722\OneDrive\Escritorio\TFG\Reconocimiento emociones audio\RavdessTessSavee\datos_crudos\ravdess\Audio_Speech_Actors_01-24\Actor_23\03-01-04-02-02-02-23.wav,RAVDESS,23,sad,04,03-01-04-02-02-02-23,03-01-04-02-02-02-23.wav,train
C:\Users\34722\OneDrive\Escritorio\TFG\Reconocimiento emociones audio\RavdessTessSavee\datos_crudos\ravdess\Audio_Speech_Actors_01-24\Actor_23\03-01-05-01-01-01-23.wav,RAVDESS,23,angry,05,03-01-05-01-01-01-23,03-01-05-01-01-01-23.wav,test
C:\Users\34722\OneDrive\Escritorio\TFG\Reconocimiento emociones audio\RavdessTessSavee\datos_crudos\ravdess\Audio_Speech_Actors_01-24\Actor_23\03-01-05-01-01-02-23.wav,RAVDESS,23,angry,05,03-01-05-01-01-02-23,03-01-05-01-01-02-23.wav,train
C:\Users\34722\OneDrive\Escritorio\TFG\Reconocimiento emociones audio\RavdessTessSavee\datos_crudos\ravdess\Audio_Speech_Actors_01-24\Actor_23\03-01-05-01-02-01-23.wav,RAVDESS,23,angry,05,03-01-05-01-02-01-23,03-01-05-01-02-01-23.wav,train
C:\Users\34722\OneDrive\Escritorio\TFG\Reconocimiento emociones audio\RavdessTessSavee\datos_crudos\ravdess\Audio_Speech_Actors_01-24\Actor_23\03-01-05-01-02-02-23.wav,RAVDESS,23,angry,05,03-01-05-01-02-02-23,03-01-05-01-02-02-23.wav,test
C:\Users\34722\OneDrive\Escritorio\TFG\Reconocimiento emociones audio\RavdessTessSavee\datos_crudos\ravdess\Audio_Speech_Actors_01-24\Actor_23\03-01-05-02-01-01-23.wav,RAVDESS,23,angry,05,03-01-05-02-01-01-23,03-01-05-02-01-01-23.wav,valid
C:\Users\34722\OneDrive\Escritorio\TFG\Reconocimiento emociones audio\RavdessTessSavee\datos_crudos\ravdess\Audio_Speech_Actors_01-24\Actor_23\03-01-05-02-01-02-23.wav,RAVDESS,23,angry,05,03-01-05-02-01-02-23,03-01-05-02-01-02-23.wav,train
C:\Users\34722\OneDrive\Escritorio\TFG\Reconocimiento emociones audio\RavdessTessSavee\datos_crudos\ravdess\Audio_Speech_Actors_01-24\Actor_23\03-01-05-02-02-01-23.wav,RAVDESS,23,angry,05,03-01-05-02-02-01-23,03-01-05-02-02-01-23.wav,train
C:\Users\34722\OneDrive\Escritorio\TFG\Reconocimiento emociones audio\RavdessTessSavee\datos_crudos\ravdess\Audio_Speech_Actors_01-24\Actor_23\03-01-05-02-02-02-23.wav,RAVDESS,23,angry,05,03-01-05-02-02-02-23,03-01-05-02-02-02-23.wav,train
C:\Users\34722\OneDrive\Escritorio\TFG\Reconocimiento emociones audio\RavdessTessSavee\datos_crudos\ravdess\Audio_Speech_Actors_01-24\Actor_23\03-01-06-01-01-01-23.wav,RAVDESS,23,fearful,06,03-01-06-01-01-01-23,03-01-06-01-01-01-23.wav,train
C:\Users\34722\OneDrive\Escritorio\TFG\Reconocimiento emociones audio\RavdessTessSavee\datos_crudos\ravdess\Audio_Speech_Actors_01-24\Actor_23\03-01-06-01-01-02-23.wav,RAVDESS,23,fearful,06,03-01-06-01-01-02-23,03-01-06-01-01-02-23.wav,train
C:\Users\34722\OneDrive\Escritorio\TFG\Reconocimiento emociones audio\RavdessTessSavee\datos_crudos\ravdess\Audio_Speech_Actors_01-24\Actor_23\03-01-06-01-02-01-23.wav,RAVDESS,23,fearful,06,03-01-06-01-02-01-23,03-01-06-01-02-01-23.wav,train
C:\Users\34722\OneDrive\Escritorio\TFG\Reconocimiento emociones audio\RavdessTessSavee\datos_crudos\ravdess\Audio_Speech_Actors_01-24\Actor_23\03-01-06-01-02-02-23.wav,RAVDESS,23,fearful,06,03-01-06-01-02-02-23,03-01-06-01-02-02-23.wav,valid
C:\Users\34722\OneDrive\Escritorio\TFG\Reconocimiento emociones audio\RavdessTessSavee\datos_crudos\ravdess\Audio_Speech_Actors_01-24\Actor_23\03-01-06-02-01-01-23.wav,RAVDESS,23,fearful,06,03-01-06-02-01-01-23,03-01-06-02-01-01-23.wav,valid
C:\Users\34722\OneDrive\Escritorio\TFG\Reconocimiento emociones audio\RavdessTessSavee\datos_crudos\ravdess\Audio_Speech_Actors_01-24\Actor_23\03-01-06-02-01-02-23.wav,RAVDESS,23,fearful,06,03-01-06-02-01-02-23,03-01-06-02-01-02-23.wav,test
C:\Users\34722\OneDrive\Escritorio\TFG\Reconocimiento emociones audio\RavdessTessSavee\datos_crudos\ravdess\Audio_Speech_Actors_01-24\Actor_23\03-01-06-02-02-01-23.wav,RAVDESS,23,fearful,06,03-01-06-02-02-01-23,03-01-06-02-02-01-23.wav,valid
C:\Users\34722\OneDrive\Escritorio\TFG\Reconocimiento emociones audio\RavdessTessSavee\datos_crudos\ravdess\Audio_Speech_Actors_01-24\Actor_23\03-01-06-02-02-02-23.wav,RAVDESS,23,fearful,06,03-01-06-02-02-02-23,03-01-06-02-02-02-23.wav,train
C:\Users\34722\OneDrive\Escritorio\TFG\Reconocimiento emociones audio\RavdessTessSavee\datos_crudos\ravdess\Audio_Speech_Actors_01-24\Actor_24\03-01-03-01-01-01-24.wav,RAVDESS,24,happy,03,03-01-03-01-01-01-24,03-01-03-01-01-01-24.wav,test
C:\Users\34722\OneDrive\Escritorio\TFG\Reconocimiento emociones audio\RavdessTessSavee\datos_crudos\ravdess\Audio_Speech_Actors_01-24\Actor_24\03-01-03-01-01-02-24.wav,RAVDESS,24,happy,03,03-01-03-01-01-02-24,03-01-03-01-01-02-24.wav,train
C:\Users\34722\OneDrive\Escritorio\TFG\Reconocimiento emociones audio\RavdessTessSavee\datos_crudos\ravdess\Audio_Speech_Actors_01-24\Actor_24\03-01-03-01-02-01-24.wav,RAVDESS,24,happy,03,03-01-03-01-02-01-24,03-01-03-01-02-01-24.wav,train
C:\Users\34722\OneDrive\Escritorio\TFG\Reconocimiento emociones audio\RavdessTessSavee\datos_crudos\ravdess\Audio_Speech_Actors_01-24\Actor_24\03-01-03-01-02-02-24.wav,RAVDESS,24,happy,03,03-01-03-01-02-02-24,03-01-03-01-02-02-24.wav,train
C:\Users\34722\OneDrive\Escritorio\TFG\Reconocimiento emociones audio\RavdessTessSavee\datos_crudos\ravdess\Audio_Speech_Actors_01-24\Actor_24\03-01-03-02-01-01-24.wav,RAVDESS,24,happy,03,03-01-03-02-01-01-24,03-01-03-02-01-01-24.wav,train
C:\Users\34722\OneDrive\Escritorio\TFG\Reconocimiento emociones audio\RavdessTessSavee\datos_crudos\ravdess\Audio_Speech_Actors_01-24\Actor_24\03-01-03-02-01-02-24.wav,RAVDESS,24,happy,03,03-01-03-02-01-02-24,03-01-03-02-01-02-24.wav,train
C:\Users\34722\OneDrive\Escritorio\TFG\Reconocimiento emociones audio\RavdessTessSavee\datos_crudos\ravdess\Audio_Speech_Actors_01-24\Actor_24\03-01-03-02-02-01-24.wav,RAVDESS,24,happy,03,03-01-03-02-02-01-24,03-01-03-02-02-01-24.wav,test
C:\Users\34722\OneDrive\Escritorio\TFG\Reconocimiento emociones audio\RavdessTessSavee\datos_crudos\ravdess\Audio_Speech_Actors_01-24\Actor_24\03-01-03-02-02-02-24.wav,RAVDESS,24,happy,03,03-01-03-02-02-02-24,03-01-03-02-02-02-24.wav,train
C:\Users\34722\OneDrive\Escritorio\TFG\Reconocimiento emociones audio\RavdessTessSavee\datos_crudos\ravdess\Audio_Speech_Actors_01-24\Actor_24\03-01-04-01-01-01-24.wav,RAVDESS,24,sad,04,03-01-04-01-01-01-24,03-01-04-01-01-01-24.wav,train
C:\Users\34722\OneDrive\Escritorio\TFG\Reconocimiento emociones audio\RavdessTessSavee\datos_crudos\ravdess\Audio_Speech_Actors_01-24\Actor_24\03-01-04-01-01-02-24.wav,RAVDESS,24,sad,04,03-01-04-01-01-02-24,03-01-04-01-01-02-24.wav,train
C:\Users\34722\OneDrive\Escritorio\TFG\Reconocimiento emociones audio\RavdessTessSavee\datos_crudos\ravdess\Audio_Speech_Actors_01-24\Actor_24\03-01-04-01-02-01-24.wav,RAVDESS,24,sad,04,03-01-04-01-02-01-24,03-01-04-01-02-01-24.wav,train
C:\Users\34722\OneDrive\Escritorio\TFG\Reconocimiento emociones audio\RavdessTessSavee\datos_crudos\ravdess\Audio_Speech_Actors_01-24\Actor_24\03-01-04-01-02-02-24.wav,RAVDESS,24,sad,04,03-01-04-01-02-02-24,03-01-04-01-02-02-24.wav,train
C:\Users\34722\OneDrive\Escritorio\TFG\Reconocimiento emociones audio\RavdessTessSavee\datos_crudos\ravdess\Audio_Speech_Actors_01-24\Actor_24\03-01-04-02-01-01-24.wav,RAVDESS,24,sad,04,03-01-04-02-01-01-24,03-01-04-02-01-01-24.wav,valid
C:\Users\34722\OneDrive\Escritorio\TFG\Reconocimiento emociones audio\RavdessTessSavee\datos_crudos\ravdess\Audio_Speech_Actors_01-24\Actor_24\03-01-04-02-01-02-24.wav,RAVDESS,24,sad,04,03-01-04-02-01-02-24,03-01-04-02-01-02-24.wav,train
C:\Users\34722\OneDrive\Escritorio\TFG\Reconocimiento emociones audio\RavdessTessSavee\datos_crudos\ravdess\Audio_Speech_Actors_01-24\Actor_24\03-01-04-02-02-01-24.wav,RAVDESS,24,sad,04,03-01-04-02-02-01-24,03-01-04-02-02-01-24.wav,valid
C:\Users\34722\OneDrive\Escritorio\TFG\Reconocimiento emociones audio\RavdessTessSavee\datos_crudos\ravdess\Audio_Speech_Actors_01-24\Actor_24\03-01-04-02-02-02-24.wav,RAVDESS,24,sad,04,03-01-04-02-02-02-24,03-01-04-02-02-02-24.wav,test
C:\Users\34722\OneDrive\Escritorio\TFG\Reconocimiento emociones audio\RavdessTessSavee\datos_crudos\ravdess\Audio_Speech_Actors_01-24\Actor_24\03-01-05-01-01-01-24.wav,RAVDESS,24,angry,05,03-01-05-01-01-01-24,03-01-05-01-01-01-24.wav,valid
C:\Users\34722\OneDrive\Escritorio\TFG\Reconocimiento emociones audio\RavdessTessSavee\datos_crudos\ravdess\Audio_Speech_Actors_01-24\Actor_24\03-01-05-01-01-02-24.wav,RAVDESS,24,angry,05,03-01-05-01-01-02-24,03-01-05-01-01-02-24.wav,test
C:\Users\34722\OneDrive\Escritorio\TFG\Reconocimiento emociones audio\RavdessTessSavee\datos_crudos\ravdess\Audio_Speech_Actors_01-24\Actor_24\03-01-05-01-02-01-24.wav,RAVDESS,24,angry,05,03-01-05-01-02-01-24,03-01-05-01-02-01-24.wav,train
C:\Users\34722\OneDrive\Escritorio\TFG\Reconocimiento emociones audio\RavdessTessSavee\datos_crudos\ravdess\Audio_Speech_Actors_01-24\Actor_24\03-01-05-01-02-02-24.wav,RAVDESS,24,angry,05,03-01-05-01-02-02-24,03-01-05-01-02-02-24.wav,train
C:\Users\34722\OneDrive\Escritorio\TFG\Reconocimiento emociones audio\RavdessTessSavee\datos_crudos\ravdess\Audio_Speech_Actors_01-24\Actor_24\03-01-05-02-01-01-24.wav,RAVDESS,24,angry,05,03-01-05-02-01-01-24,03-01-05-02-01-01-24.wav,train
C:\Users\34722\OneDrive\Escritorio\TFG\Reconocimiento emociones audio\RavdessTessSavee\datos_crudos\ravdess\Audio_Speech_Actors_01-24\Actor_24\03-01-05-02-01-02-24.wav,RAVDESS,24,angry,05,03-01-05-02-01-02-24,03-01-05-02-01-02-24.wav,train
C:\Users\34722\OneDrive\Escritorio\TFG\Reconocimiento emociones audio\RavdessTessSavee\datos_crudos\ravdess\Audio_Speech_Actors_01-24\Actor_24\03-01-05-02-02-01-24.wav,RAVDESS,24,angry,05,03-01-05-02-02-01-24,03-01-05-02-02-01-24.wav,train
C:\Users\34722\OneDrive\Escritorio\TFG\Reconocimiento emociones audio\RavdessTessSavee\datos_crudos\ravdess\Audio_Speech_Actors_01-24\Actor_24\03-01-05-02-02-02-24.wav,RAVDESS,24,angry,05,03-01-05-02-02-02-24,03-01-05-02-02-02-24.wav,train
C:\Users\34722\OneDrive\Escritorio\TFG\Reconocimiento emociones audio\RavdessTessSavee\datos_crudos\ravdess\Audio_Speech_Actors_01-24\Actor_24\03-01-06-01-01-01-24.wav,RAVDESS,24,fearful,06,03-01-06-01-01-01-24,03-01-06-01-01-01-24.wav,valid
C:\Users\34722\OneDrive\Escritorio\TFG\Reconocimiento emociones audio\RavdessTessSavee\datos_crudos\ravdess\Audio_Speech_Actors_01-24\Actor_24\03-01-06-01-01-02-24.wav,RAVDESS,24,fearful,06,03-01-06-01-01-02-24,03-01-06-01-01-02-24.wav,test
C:\Users\34722\OneDrive\Escritorio\TFG\Reconocimiento emociones audio\RavdessTessSavee\datos_crudos\ravdess\Audio_Speech_Actors_01-24\Actor_24\03-01-06-01-02-01-24.wav,RAVDESS,24,fearful,06,03-01-06-01-02-01-24,03-01-06-01-02-01-24.wav,train
C:\Users\34722\OneDrive\Escritorio\TFG\Reconocimiento emociones audio\RavdessTessSavee\datos_crudos\ravdess\Audio_Speech_Actors_01-24\Actor_24\03-01-06-01-02-02-24.wav,RAVDESS,24,fearful,06,03-01-06-01-02-02-24,03-01-06-01-02-02-24.wav,valid
C:\Users\34722\OneDrive\Escritorio\TFG\Reconocimiento emociones audio\RavdessTessSavee\datos_crudos\ravdess\Audio_Speech_Actors_01-24\Actor_24\03-01-06-02-01-01-24.wav,RAVDESS,24,fearful,06,03-01-06-02-01-01-24,03-01-06-02-01-01-24.wav,train
C:\Users\34722\OneDrive\Escritorio\TFG\Reconocimiento emociones audio\RavdessTessSavee\datos_crudos\ravdess\Audio_Speech_Actors_01-24\Actor_24\03-01-06-02-01-02-24.wav,RAVDESS,24,fearful,06,03-01-06-02-01-02-24,03-01-06-02-01-02-24.wav,valid
C:\Users\34722\OneDrive\Escritorio\TFG\Reconocimiento emociones audio\RavdessTessSavee\datos_crudos\ravdess\Audio_Speech_Actors_01-24\Actor_24\03-01-06-02-02-01-24.wav,RAVDESS,24,fearful,06,03-01-06-02-02-01-24,03-01-06-02-02-01-24.wav,valid
C:\Users\34722\OneDrive\Escritorio\TFG\Reconocimiento emociones audio\RavdessTessSavee\datos_crudos\ravdess\Audio_Speech_Actors_01-24\Actor_24\03-01-06-02-02-02-24.wav,RAVDESS,24,fearful,06,03-01-06-02-02-02-24,03-01-06-02-02-02-24.wav,train
C:\Users\34722\OneDrive\Escritorio\TFG\Reconocimiento emociones audio\RavdessTessSavee\datos_crudos\tess\TESS Toronto emotional speech set data\OAF_angry\OAF_back_angry.wav,TESS,OAF,angry,angry,OAF_back_angry,OAF_back_angry.wav,test
C:\Users\34722\OneDrive\Escritorio\TFG\Reconocimiento emociones audio\RavdessTessSavee\datos_crudos\tess\TESS Toronto emotional speech set data\OAF_angry\OAF_bar_angry.wav,TESS,OAF,angry,angry,OAF_bar_angry,OAF_bar_angry.wav,valid
C:\Users\34722\OneDrive\Escritorio\TFG\Reconocimiento emociones audio\RavdessTessSavee\datos_crudos\tess\TESS Toronto emotional speech set data\OAF_angry\OAF_base_angry.wav,TESS,OAF,angry,angry,OAF_base_angry,OAF_base_angry.wav,valid
C:\Users\34722\OneDrive\Escritorio\TFG\Reconocimiento emociones audio\RavdessTessSavee\datos_crudos\tess\TESS Toronto emotional speech set data\OAF_angry\OAF_bath_angry.wav,TESS,OAF,angry,angry,OAF_bath_angry,OAF_bath_angry.wav,train
C:\Users\34722\OneDrive\Escritorio\TFG\Reconocimiento emociones audio\RavdessTessSavee\datos_crudos\tess\TESS Toronto emotional speech set data\OAF_angry\OAF_bean_angry.wav,TESS,OAF,angry,angry,OAF_bean_angry,OAF_bean_angry.wav,train
C:\Users\34722\OneDrive\Escritorio\TFG\Reconocimiento emociones audio\RavdessTessSavee\datos_crudos\tess\TESS Toronto emotional speech set data\OAF_angry\OAF_beg_angry.wav,TESS,OAF,angry,angry,OAF_beg_angry,OAF_beg_angry.wav,train
C:\Users\34722\OneDrive\Escritorio\TFG\Reconocimiento emociones audio\RavdessTessSavee\datos_crudos\tess\TESS Toronto emotional speech set data\OAF_angry\OAF_bite_angry.wav,TESS,OAF,angry,angry,OAF_bite_angry,OAF_bite_angry.wav,train
C:\Users\34722\OneDrive\Escritorio\TFG\Reconocimiento emociones audio\RavdessTessSavee\datos_crudos\tess\TESS Toronto emotional speech set data\OAF_angry\OAF_boat_angry.wav,TESS,OAF,angry,angry,OAF_boat_angry,OAF_boat_angry.wav,test
C:\Users\34722\OneDrive\Escritorio\TFG\Reconocimiento emociones audio\RavdessTessSavee\datos_crudos\tess\TESS Toronto emotional speech set data\OAF_angry\OAF_bone_angry.wav,TESS,OAF,angry,angry,OAF_bone_angry,OAF_bone_angry.wav,train
C:\Users\34722\OneDrive\Escritorio\TFG\Reconocimiento emociones audio\RavdessTessSavee\datos_crudos\tess\TESS Toronto emotional speech set data\OAF_angry\OAF_book_angry.wav,TESS,OAF,angry,angry,OAF_book_angry,OAF_book_angry.wav,train
C:\Users\34722\OneDrive\Escritorio\TFG\Reconocimiento emociones audio\RavdessTessSavee\datos_crudos\tess\TESS Toronto emotional speech set data\OAF_angry\OAF_bought_angry.wav,TESS,OAF,angry,angry,OAF_bought_angry,OAF_bought_angry.wav,valid
C:\Users\34722\OneDrive\Escritorio\TFG\Reconocimiento emociones audio\RavdessTessSavee\datos_crudos\tess\TESS Toronto emotional speech set data\OAF_angry\OAF_burn_angry.wav,TESS,OAF,angry,angry,OAF_burn_angry,OAF_burn_angry.wav,train
C:\Users\34722\OneDrive\Escritorio\TFG\Reconocimiento emociones audio\RavdessTessSavee\datos_crudos\tess\TESS Toronto emotional speech set data\OAF_angry\OAF_cab_angry.wav,TESS,OAF,angry,angry,OAF_cab_angry,OAF_cab_angry.wav,test
C:\Users\34722\OneDrive\Escritorio\TFG\Reconocimiento emociones audio\RavdessTessSavee\datos_crudos\tess\TESS Toronto emotional speech set data\OAF_angry\OAF_calm_angry.wav,TESS,OAF,angry,angry,OAF_calm_angry,OAF_calm_angry.wav,train
C:\Users\34722\OneDrive\Escritorio\TFG\Reconocimiento emociones audio\RavdessTessSavee\datos_crudos\tess\TESS Toronto emotional speech set data\OAF_angry\OAF_came_angry.wav,TESS,OAF,angry,angry,OAF_came_angry,OAF_came_angry.wav,train
C:\Users\34722\OneDrive\Escritorio\TFG\Reconocimiento emociones audio\RavdessTessSavee\datos_crudos\tess\TESS Toronto emotional speech set data\OAF_angry\OAF_cause_angry.wav,TESS,OAF,angry,angry,OAF_cause_angry,OAF_cause_angry.wav,train
C:\Users\34722\OneDrive\Escritorio\TFG\Reconocimiento emociones audio\RavdessTessSavee\datos_crudos\tess\TESS Toronto emotional speech set data\OAF_angry\OAF_chain_angry.wav,TESS,OAF,angry,angry,OAF_chain_angry,OAF_chain_angry.wav,test
C:\Users\34722\OneDrive\Escritorio\TFG\Reconocimiento emociones audio\RavdessTessSavee\datos_crudos\tess\TESS Toronto emotional speech set data\OAF_angry\OAF_chair_angry.wav,TESS,OAF,angry,angry,OAF_chair_angry,OAF_chair_angry.wav,train
C:\Users\34722\OneDrive\Escritorio\TFG\Reconocimiento emociones audio\RavdessTessSavee\datos_crudos\tess\TESS Toronto emotional speech set data\OAF_angry\OAF_chalk_angry.wav,TESS,OAF,angry,angry,OAF_chalk_angry,OAF_chalk_angry.wav,train
C:\Users\34722\OneDrive\Escritorio\TFG\Reconocimiento emociones audio\RavdessTessSavee\datos_crudos\tess\TESS Toronto emotional speech set data\OAF_angry\OAF_chat_angry.wav,TESS,OAF,angry,angry,OAF_chat_angry,OAF_chat_angry.wav,valid
C:\Users\34722\OneDrive\Escritorio\TFG\Reconocimiento emociones audio\RavdessTessSavee\datos_crudos\tess\TESS Toronto emotional speech set data\OAF_angry\OAF_check_angry.wav,TESS,OAF,angry,angry,OAF_check_angry,OAF_check_angry.wav,train
C:\Users\34722\OneDrive\Escritorio\TFG\Reconocimiento emociones audio\RavdessTessSavee\datos_crudos\tess\TESS Toronto emotional speech set data\OAF_angry\OAF_cheek_angry.wav,TESS,OAF,angry,angry,OAF_cheek_angry,OAF_cheek_angry.wav,train
C:\Users\34722\OneDrive\Escritorio\TFG\Reconocimiento emociones audio\RavdessTessSavee\datos_crudos\tess\TESS Toronto emotional speech set data\OAF_angry\OAF_chief_angry.wav,TESS,OAF,angry,angry,OAF_chief_angry,OAF_chief_angry.wav,train
C:\Users\34722\OneDrive\Escritorio\TFG\Reconocimiento emociones audio\RavdessTessSavee\datos_crudos\tess\TESS Toronto emotional speech set data\OAF_angry\OAF_choice_angry.wav,TESS,OAF,angry,angry,OAF_choice_angry,OAF_choice_angry.wav,train
C:\Users\34722\OneDrive\Escritorio\TFG\Reconocimiento emociones audio\RavdessTessSavee\datos_crudos\tess\TESS Toronto emotional speech set data\OAF_angry\OAF_cool_angry.wav,TESS,OAF,angry,angry,OAF_cool_angry,OAF_cool_angry.wav,train
C:\Users\34722\OneDrive\Escritorio\TFG\Reconocimiento emociones audio\RavdessTessSavee\datos_crudos\tess\TESS Toronto emotional speech set data\OAF_angry\OAF_dab_angry.wav,TESS,OAF,angry,angry,OAF_dab_angry,OAF_dab_angry.wav,valid
C:\Users\34722\OneDrive\Escritorio\TFG\Reconocimiento emociones audio\RavdessTessSavee\datos_crudos\tess\TESS Toronto emotional speech set data\OAF_angry\OAF_date_angry.wav,TESS,OAF,angry,angry,OAF_date_angry,OAF_date_angry.wav,test
C:\Users\34722\OneDrive\Escritorio\TFG\Reconocimiento emociones audio\RavdessTessSavee\datos_crudos\tess\TESS Toronto emotional speech set data\OAF_angry\OAF_dead_angry.wav,TESS,OAF,angry,angry,OAF_dead_angry,OAF_dead_angry.wav,valid
C:\Users\34722\OneDrive\Escritorio\TFG\Reconocimiento emociones audio\RavdessTessSavee\datos_crudos\tess\TESS Toronto emotional speech set data\OAF_angry\OAF_death_angry.wav,TESS,OAF,angry,angry,OAF_death_angry,OAF_death_angry.wav,valid
C:\Users\34722\OneDrive\Escritorio\TFG\Reconocimiento emociones audio\RavdessTessSavee\datos_crudos\tess\TESS Toronto emotional speech set data\OAF_angry\OAF_deep_angry.wav,TESS,OAF,angry,angry,OAF_deep_angry,OAF_deep_angry.wav,train
C:\Users\34722\OneDrive\Escritorio\TFG\Reconocimiento emociones audio\RavdessTessSavee\datos_crudos\tess\TESS Toronto emotional speech set data\OAF_angry\OAF_dime_angry.wav,TESS,OAF,angry,angry,OAF_dime_angry,OAF_dime_angry.wav,train
C:\Users\34722\OneDrive\Escritorio\TFG\Reconocimiento emociones audio\RavdessTessSavee\datos_crudos\tess\TESS Toronto emotional speech set data\OAF_angry\OAF_dip_angry.wav,TESS,OAF,angry,angry,OAF_dip_angry,OAF_dip_angry.wav,train
C:\Users\34722\OneDrive\Escritorio\TFG\Reconocimiento emociones audio\RavdessTessSavee\datos_crudos\tess\TESS Toronto emotional speech set data\OAF_angry\OAF_ditch_angry.wav,TESS,OAF,angry,angry,OAF_ditch_angry,OAF_ditch_angry.wav,valid
C:\Users\34722\OneDrive\Escritorio\TFG\Reconocimiento emociones audio\RavdessTessSavee\datos_crudos\tess\TESS Toronto emotional speech set data\OAF_angry\OAF_dodge_angry.wav,TESS,OAF,angry,angry,OAF_dodge_angry,OAF_dodge_angry.wav,valid
C:\Users\34722\OneDrive\Escritorio\TFG\Reconocimiento emociones audio\RavdessTessSavee\datos_crudos\tess\TESS Toronto emotional speech set data\OAF_angry\OAF_dog_angry.wav,TESS,OAF,angry,angry,OAF_dog_angry,OAF_dog_angry.wav,valid
C:\Users\34722\OneDrive\Escritorio\TFG\Reconocimiento emociones audio\RavdessTessSavee\datos_crudos\tess\TESS Toronto emotional speech set data\OAF_angry\OAF_doll_angry.wav,TESS,OAF,angry,angry,OAF_doll_angry,OAF_doll_angry.wav,train
C:\Users\34722\OneDrive\Escritorio\TFG\Reconocimiento emociones audio\RavdessTessSavee\datos_crudos\tess\TESS Toronto emotional speech set data\OAF_angry\OAF_door_angry.wav,TESS,OAF,angry,angry,OAF_door_angry,OAF_door_angry.wav,train
C:\Users\34722\OneDrive\Escritorio\TFG\Reconocimiento emociones audio\RavdessTessSavee\datos_crudos\tess\TESS Toronto emotional speech set data\OAF_angry\OAF_fail_angry.wav,TESS,OAF,angry,angry,OAF_fail_angry,OAF_fail_angry.wav,train
C:\Users\34722\OneDrive\Escritorio\TFG\Reconocimiento emociones audio\RavdessTessSavee\datos_crudos\tess\TESS Toronto emotional speech set data\OAF_angry\OAF_fall_angry.wav,TESS,OAF,angry,angry,OAF_fall_angry,OAF_fall_angry.wav,valid
C:\Users\34722\OneDrive\Escritorio\TFG\Reconocimiento emociones audio\RavdessTessSavee\datos_crudos\tess\TESS Toronto emotional speech set data\OAF_angry\OAF_far_angry.wav,TESS,OAF,angry,angry,OAF_far_angry,OAF_far_angry.wav,valid
C:\Users\34722\OneDrive\Escritorio\TFG\Reconocimiento emociones audio\RavdessTessSavee\datos_crudos\tess\TESS Toronto emotional speech set data\OAF_angry\OAF_fat_angry.wav,TESS,OAF,angry,angry,OAF_fat_angry,OAF_fat_angry.wav,valid
C:\Users\34722\OneDrive\Escritorio\TFG\Reconocimiento emociones audio\RavdessTessSavee\datos_crudos\tess\TESS Toronto emotional speech set data\OAF_angry\OAF_fit_angry.wav,TESS,OAF,angry,angry,OAF_fit_angry,OAF_fit_angry.wav,train
C:\Users\34722\OneDrive\Escritorio\TFG\Reconocimiento emociones audio\RavdessTessSavee\datos_crudos\tess\TESS Toronto emotional speech set data\OAF_angry\OAF_five_angry.wav,TESS,OAF,angry,angry,OAF_five_angry,OAF_five_angry.wav,train
C:\Users\34722\OneDrive\Escritorio\TFG\Reconocimiento emociones audio\RavdessTessSavee\datos_crudos\tess\TESS Toronto emotional speech set data\OAF_angry\OAF_food_angry.wav,TESS,OAF,angry,angry,OAF_food_angry,OAF_food_angry.wav,valid
C:\Users\34722\OneDrive\Escritorio\TFG\Reconocimiento emociones audio\RavdessTessSavee\datos_crudos\tess\TESS Toronto emotional speech set data\OAF_angry\OAF_gap_angry.wav,TESS,OAF,angry,angry,OAF_gap_angry,OAF_gap_angry.wav,test
C:\Users\34722\OneDrive\Escritorio\TFG\Reconocimiento emociones audio\RavdessTessSavee\datos_crudos\tess\TESS Toronto emotional speech set data\OAF_angry\OAF_gas_angry.wav,TESS,OAF,angry,angry,OAF_gas_angry,OAF_gas_angry.wav,test
C:\Users\34722\OneDrive\Escritorio\TFG\Reconocimiento emociones audio\RavdessTessSavee\datos_crudos\tess\TESS Toronto emotional speech set data\OAF_angry\OAF_gaze_angry.wav,TESS,OAF,angry,angry,OAF_gaze_angry,OAF_gaze_angry.wav,train
C:\Users\34722\OneDrive\Escritorio\TFG\Reconocimiento emociones audio\RavdessTessSavee\datos_crudos\tess\TESS Toronto emotional speech set data\OAF_angry\OAF_germ_angry.wav,TESS,OAF,angry,angry,OAF_germ_angry,OAF_germ_angry.wav,train
C:\Users\34722\OneDrive\Escritorio\TFG\Reconocimiento emociones audio\RavdessTessSavee\datos_crudos\tess\TESS Toronto emotional speech set data\OAF_angry\OAF_get_angry.wav,TESS,OAF,angry,angry,OAF_get_angry,OAF_get_angry.wav,train
C:\Users\34722\OneDrive\Escritorio\TFG\Reconocimiento emociones audio\RavdessTessSavee\datos_crudos\tess\TESS Toronto emotional speech set data\OAF_angry\OAF_gin_angry.wav,TESS,OAF,angry,angry,OAF_gin_angry,OAF_gin_angry.wav,test
C:\Users\34722\OneDrive\Escritorio\TFG\Reconocimiento emociones audio\RavdessTessSavee\datos_crudos\tess\TESS Toronto emotional speech set data\OAF_angry\OAF_goal_angry.wav,TESS,OAF,angry,angry,OAF_goal_angry,OAF_goal_angry.wav,train
C:\Users\34722\OneDrive\Escritorio\TFG\Reconocimiento emociones audio\RavdessTessSavee\datos_crudos\tess\TESS Toronto emotional speech set data\OAF_angry\OAF_good_angry.wav,TESS,OAF,angry,angry,OAF_good_angry,OAF_good_angry.wav,test
C:\Users\34722\OneDrive\Escritorio\TFG\Reconocimiento emociones audio\RavdessTessSavee\datos_crudos\tess\TESS Toronto emotional speech set data\OAF_angry\OAF_goose_angry.wav,TESS,OAF,angry,angry,OAF_goose_angry,OAF_goose_angry.wav,test
C:\Users\34722\OneDrive\Escritorio\TFG\Reconocimiento emociones audio\RavdessTessSavee\datos_crudos\tess\TESS Toronto emotional speech set data\OAF_angry\OAF_gun_angry.wav,TESS,OAF,angry,angry,OAF_gun_angry,OAF_gun_angry.wav,test
C:\Users\34722\OneDrive\Escritorio\TFG\Reconocimiento emociones audio\RavdessTessSavee\datos_crudos\tess\TESS Toronto emotional speech set data\OAF_angry\OAF_half_angry.wav,TESS,OAF,angry,angry,OAF_half_angry,OAF_half_angry.wav,train
C:\Users\34722\OneDrive\Escritorio\TFG\Reconocimiento emociones audio\RavdessTessSavee\datos_crudos\tess\TESS Toronto emotional speech set data\OAF_angry\OAF_hall_angry.wav,TESS,OAF,angry,angry,OAF_hall_angry,OAF_hall_angry.wav,train
C:\Users\34722\OneDrive\Escritorio\TFG\Reconocimiento emociones audio\RavdessTessSavee\datos_crudos\tess\TESS Toronto emotional speech set data\OAF_angry\OAF_hash_angry.wav,TESS,OAF,angry,angry,OAF_hash_angry,OAF_hash_angry.wav,train
C:\Users\34722\OneDrive\Escritorio\TFG\Reconocimiento emociones audio\RavdessTessSavee\datos_crudos\tess\TESS Toronto emotional speech set data\OAF_angry\OAF_hate_angry.wav,TESS,OAF,angry,angry,OAF_hate_angry,OAF_hate_angry.wav,train
C:\Users\34722\OneDrive\Escritorio\TFG\Reconocimiento emociones audio\RavdessTessSavee\datos_crudos\tess\TESS Toronto emotional speech set data\OAF_angry\OAF_have_angry.wav,TESS,OAF,angry,angry,OAF_have_angry,OAF_have_angry.wav,train
C:\Users\34722\OneDrive\Escritorio\TFG\Reconocimiento emociones audio\RavdessTessSavee\datos_crudos\tess\TESS Toronto emotional speech set data\OAF_angry\OAF_haze_angry.wav,TESS,OAF,angry,angry,OAF_haze_angry,OAF_haze_angry.wav,train
C:\Users\34722\OneDrive\Escritorio\TFG\Reconocimiento emociones audio\RavdessTessSavee\datos_crudos\tess\TESS Toronto emotional speech set data\OAF_angry\OAF_hire_angry.wav,TESS,OAF,angry,angry,OAF_hire_angry,OAF_hire_angry.wav,train
C:\Users\34722\OneDrive\Escritorio\TFG\Reconocimiento emociones audio\RavdessTessSavee\datos_crudos\tess\TESS Toronto emotional speech set data\OAF_angry\OAF_hit_angry.wav,TESS,OAF,angry,angry,OAF_hit_angry,OAF_hit_angry.wav,train
C:\Users\34722\OneDrive\Escritorio\TFG\Reconocimiento emociones audio\RavdessTessSavee\datos_crudos\tess\TESS Toronto emotional speech set data\OAF_angry\OAF_hole_angry.wav,TESS,OAF,angry,angry,OAF_hole_angry,OAF_hole_angry.wav,train
C:\Users\34722\OneDrive\Escritorio\TFG\Reconocimiento emociones audio\RavdessTessSavee\datos_crudos\tess\TESS Toronto emotional speech set data\OAF_angry\OAF_home_angry.wav,TESS,OAF,angry,angry,OAF_home_angry,OAF_home_angry.wav,train
C:\Users\34722\OneDrive\Escritorio\TFG\Reconocimiento emociones audio\RavdessTessSavee\datos_crudos\tess\TESS Toronto emotional speech set data\OAF_angry\OAF_hurl_angry.wav,TESS,OAF,angry,angry,OAF_hurl_angry,OAF_hurl_angry.wav,train
C:\Users\34722\OneDrive\Escritorio\TFG\Reconocimiento emociones audio\RavdessTessSavee\datos_crudos\tess\TESS Toronto emotional speech set data\OAF_angry\OAF_hush_angry.wav,TESS,OAF,angry,angry,OAF_hush_angry,OAF_hush_angry.wav,train
C:\Users\34722\OneDrive\Escritorio\TFG\Reconocimiento emociones audio\RavdessTessSavee\datos_crudos\tess\TESS Toronto emotional speech set data\OAF_angry\OAF_jail_angry.wav,TESS,OAF,angry,angry,OAF_jail_angry,OAF_jail_angry.wav,test
C:\Users\34722\OneDrive\Escritorio\TFG\Reconocimiento emociones audio\RavdessTessSavee\datos_crudos\tess\TESS Toronto emotional speech set data\OAF_angry\OAF_jar_angry.wav,TESS,OAF,angry,angry,OAF_jar_angry,OAF_jar_angry.wav,valid
C:\Users\34722\OneDrive\Escritorio\TFG\Reconocimiento emociones audio\RavdessTessSavee\datos_crudos\tess\TESS Toronto emotional speech set data\OAF_angry\OAF_join_angry.wav,TESS,OAF,angry,angry,OAF_join_angry,OAF_join_angry.wav,valid
C:\Users\34722\OneDrive\Escritorio\TFG\Reconocimiento emociones audio\RavdessTessSavee\datos_crudos\tess\TESS Toronto emotional speech set data\OAF_angry\OAF_judge_angry.wav,TESS,OAF,angry,angry,OAF_judge_angry,OAF_judge_angry.wav,train
C:\Users\34722\OneDrive\Escritorio\TFG\Reconocimiento emociones audio\RavdessTessSavee\datos_crudos\tess\TESS Toronto emotional speech set data\OAF_angry\OAF_jug_angry.wav,TESS,OAF,angry,angry,OAF_jug_angry,OAF_jug_angry.wav,train
C:\Users\34722\OneDrive\Escritorio\TFG\Reconocimiento emociones audio\RavdessTessSavee\datos_crudos\tess\TESS Toronto emotional speech set data\OAF_angry\OAF_juice_angry.wav,TESS,OAF,angry,angry,OAF_juice_angry,OAF_juice_angry.wav,train
C:\Users\34722\OneDrive\Escritorio\TFG\Reconocimiento emociones audio\RavdessTessSavee\datos_crudos\tess\TESS Toronto emotional speech set data\OAF_angry\OAF_keen_angry.wav,TESS,OAF,angry,angry,OAF_keen_angry,OAF_keen_angry.wav,train
C:\Users\34722\OneDrive\Escritorio\TFG\Reconocimiento emociones audio\RavdessTessSavee\datos_crudos\tess\TESS Toronto emotional speech set data\OAF_angry\OAF_keep_angry.wav,TESS,OAF,angry,angry,OAF_keep_angry,OAF_keep_angry.wav,train
C:\Users\34722\OneDrive\Escritorio\TFG\Reconocimiento emociones audio\RavdessTessSavee\datos_crudos\tess\TESS Toronto emotional speech set data\OAF_angry\OAF_keg_angry.wav,TESS,OAF,angry,angry,OAF_keg_angry,OAF_keg_angry.wav,train
C:\Users\34722\OneDrive\Escritorio\TFG\Reconocimiento emociones audio\RavdessTessSavee\datos_crudos\tess\TESS Toronto emotional speech set data\OAF_angry\OAF_kick_angry.wav,TESS,OAF,angry,angry,OAF_kick_angry,OAF_kick_angry.wav,train
C:\Users\34722\OneDrive\Escritorio\TFG\Reconocimiento emociones audio\RavdessTessSavee\datos_crudos\tess\TESS Toronto emotional speech set data\OAF_angry\OAF_kill_angry.wav,TESS,OAF,angry,angry,OAF_kill_angry,OAF_kill_angry.wav,train
C:\Users\34722\OneDrive\Escritorio\TFG\Reconocimiento emociones audio\RavdessTessSavee\datos_crudos\tess\TESS Toronto emotional speech set data\OAF_angry\OAF_king_angry.wav,TESS,OAF,angry,angry,OAF_king_angry,OAF_king_angry.wav,train
C:\Users\34722\OneDrive\Escritorio\TFG\Reconocimiento emociones audio\RavdessTessSavee\datos_crudos\tess\TESS Toronto emotional speech set data\OAF_angry\OAF_kite_angry.wav,TESS,OAF,angry,angry,OAF_kite_angry,OAF_kite_angry.wav,train
C:\Users\34722\OneDrive\Escritorio\TFG\Reconocimiento emociones audio\RavdessTessSavee\datos_crudos\tess\TESS Toronto emotional speech set data\OAF_angry\OAF_knock_angry.wav,TESS,OAF,angry,angry,OAF_knock_angry,OAF_knock_angry.wav,valid
C:\Users\34722\OneDrive\Escritorio\TFG\Reconocimiento emociones audio\RavdessTessSavee\datos_crudos\tess\TESS Toronto emotional speech set data\OAF_angry\OAF_late_angry.wav,TESS,OAF,angry,angry,OAF_late_angry,OAF_late_angry.wav,train
C:\Users\34722\OneDrive\Escritorio\TFG\Reconocimiento emociones audio\RavdessTessSavee\datos_crudos\tess\TESS Toronto emotional speech set data\OAF_angry\OAF_laud_angry.wav,TESS,OAF,angry,angry,OAF_laud_angry,OAF_laud_angry.wav,test
C:\Users\34722\OneDrive\Escritorio\TFG\Reconocimiento emociones audio\RavdessTessSavee\datos_crudos\tess\TESS Toronto emotional speech set data\OAF_angry\OAF_lean_angry.wav,TESS,OAF,angry,angry,OAF_lean_angry,OAF_lean_angry.wav,train
C:\Users\34722\OneDrive\Escritorio\TFG\Reconocimiento emociones audio\RavdessTessSavee\datos_crudos\tess\TESS Toronto emotional speech set data\OAF_angry\OAF_learn_angry.wav,TESS,OAF,angry,angry,OAF_learn_angry,OAF_learn_angry.wav,train
C:\Users\34722\OneDrive\Escritorio\TFG\Reconocimiento emociones audio\RavdessTessSavee\datos_crudos\tess\TESS Toronto emotional speech set data\OAF_angry\OAF_lease_angry.wav,TESS,OAF,angry,angry,OAF_lease_angry,OAF_lease_angry.wav,train
C:\Users\34722\OneDrive\Escritorio\TFG\Reconocimiento emociones audio\RavdessTessSavee\datos_crudos\tess\TESS Toronto emotional speech set data\OAF_angry\OAF_lid_angry.wav,TESS,OAF,angry,angry,OAF_lid_angry,OAF_lid_angry.wav,train
C:\Users\34722\OneDrive\Escritorio\TFG\Reconocimiento emociones audio\RavdessTessSavee\datos_crudos\tess\TESS Toronto emotional speech set data\OAF_angry\OAF_life_angry.wav,TESS,OAF,angry,angry,OAF_life_angry,OAF_life_angry.wav,valid
C:\Users\34722\OneDrive\Escritorio\TFG\Reconocimiento emociones audio\RavdessTessSavee\datos_crudos\tess\TESS Toronto emotional speech set data\OAF_angry\OAF_limb_angry.wav,TESS,OAF,angry,angry,OAF_limb_angry,OAF_limb_angry.wav,train
C:\Users\34722\OneDrive\Escritorio\TFG\Reconocimiento emociones audio\RavdessTessSavee\datos_crudos\tess\TESS Toronto emotional speech set data\OAF_angry\OAF_live_angry.wav,TESS,OAF,angry,angry,OAF_live_angry,OAF_live_angry.wav,train
C:\Users\34722\OneDrive\Escritorio\TFG\Reconocimiento emociones audio\RavdessTessSavee\datos_crudos\tess\TESS Toronto emotional speech set data\OAF_angry\OAF_loaf_angry.wav,TESS,OAF,angry,angry,OAF_loaf_angry,OAF_loaf_angry.wav,test
C:\Users\34722\OneDrive\Escritorio\TFG\Reconocimiento emociones audio\RavdessTessSavee\datos_crudos\tess\TESS Toronto emotional speech set data\OAF_angry\OAF_long_angry.wav,TESS,OAF,angry,angry,OAF_long_angry,OAF_long_angry.wav,valid
C:\Users\34722\OneDrive\Escritorio\TFG\Reconocimiento emociones audio\RavdessTessSavee\datos_crudos\tess\TESS Toronto emotional speech set data\OAF_angry\OAF_lore_angry.wav,TESS,OAF,angry,angry,OAF_lore_angry,OAF_lore_angry.wav,train
C:\Users\34722\OneDrive\Escritorio\TFG\Reconocimiento emociones audio\RavdessTessSavee\datos_crudos\tess\TESS Toronto emotional speech set data\OAF_angry\OAF_lose_angry.wav,TESS,OAF,angry,angry,OAF_lose_angry,OAF_lose_angry.wav,valid
C:\Users\34722\OneDrive\Escritorio\TFG\Reconocimiento emociones audio\RavdessTessSavee\datos_crudos\tess\TESS Toronto emotional speech set data\OAF_angry\OAF_lot_angry.wav,TESS,OAF,angry,angry,OAF_lot_angry,OAF_lot_angry.wav,train
C:\Users\34722\OneDrive\Escritorio\TFG\Reconocimiento emociones audio\RavdessTessSavee\datos_crudos\tess\TESS Toronto emotional speech set data\OAF_angry\OAF_love_angry.wav,TESS,OAF,angry,angry,OAF_love_angry,OAF_love_angry.wav,train
C:\Users\34722\OneDrive\Escritorio\TFG\Reconocimiento emociones audio\RavdessTessSavee\datos_crudos\tess\TESS Toronto emotional speech set data\OAF_angry\OAF_luck_angry.wav,TESS,OAF,angry,angry,OAF_luck_angry,OAF_luck_angry.wav,train
C:\Users\34722\OneDrive\Escritorio\TFG\Reconocimiento emociones audio\RavdessTessSavee\datos_crudos\tess\TESS Toronto emotional speech set data\OAF_angry\OAF_make_angry.wav,TESS,OAF,angry,angry,OAF_make_angry,OAF_make_angry.wav,train
C:\Users\34722\OneDrive\Escritorio\TFG\Reconocimiento emociones audio\RavdessTessSavee\datos_crudos\tess\TESS Toronto emotional speech set data\OAF_angry\OAF_match_angry.wav,TESS,OAF,angry,angry,OAF_match_angry,OAF_match_angry.wav,valid
C:\Users\34722\OneDrive\Escritorio\TFG\Reconocimiento emociones audio\RavdessTessSavee\datos_crudos\tess\TESS Toronto emotional speech set data\OAF_angry\OAF_merge_angry.wav,TESS,OAF,angry,angry,OAF_merge_angry,OAF_merge_angry.wav,train
C:\Users\34722\OneDrive\Escritorio\TFG\Reconocimiento emociones audio\RavdessTessSavee\datos_crudos\tess\TESS Toronto emotional speech set data\OAF_angry\OAF_mess_angry.wav,TESS,OAF,angry,angry,OAF_mess_angry,OAF_mess_angry.wav,train
C:\Users\34722\OneDrive\Escritorio\TFG\Reconocimiento emociones audio\RavdessTessSavee\datos_crudos\tess\TESS Toronto emotional speech set data\OAF_angry\OAF_met_angry.wav,TESS,OAF,angry,angry,OAF_met_angry,OAF_met_angry.wav,train
C:\Users\34722\OneDrive\Escritorio\TFG\Reconocimiento emociones audio\RavdessTessSavee\datos_crudos\tess\TESS Toronto emotional speech set data\OAF_angry\OAF_mill_angry.wav,TESS,OAF,angry,angry,OAF_mill_angry,OAF_mill_angry.wav,valid
C:\Users\34722\OneDrive\Escritorio\TFG\Reconocimiento emociones audio\RavdessTessSavee\datos_crudos\tess\TESS Toronto emotional speech set data\OAF_angry\OAF_mob_angry.wav,TESS,OAF,angry,angry,OAF_mob_angry,OAF_mob_angry.wav,train
C:\Users\34722\OneDrive\Escritorio\TFG\Reconocimiento emociones audio\RavdessTessSavee\datos_crudos\tess\TESS Toronto emotional speech set data\OAF_angry\OAF_mode_angry.wav,TESS,OAF,angry,angry,OAF_mode_angry,OAF_mode_angry.wav,test
C:\Users\34722\OneDrive\Escritorio\TFG\Reconocimiento emociones audio\RavdessTessSavee\datos_crudos\tess\TESS Toronto emotional speech set data\OAF_angry\OAF_mood_angry.wav,TESS,OAF,angry,angry,OAF_mood_angry,OAF_mood_angry.wav,train
C:\Users\34722\OneDrive\Escritorio\TFG\Reconocimiento emociones audio\RavdessTessSavee\datos_crudos\tess\TESS Toronto emotional speech set data\OAF_angry\OAF_moon_angry.wav,TESS,OAF,angry,angry,OAF_moon_angry,OAF_moon_angry.wav,train
C:\Users\34722\OneDrive\Escritorio\TFG\Reconocimiento emociones audio\RavdessTessSavee\datos_crudos\tess\TESS Toronto emotional speech set data\OAF_angry\OAF_mop_angry.wav,TESS,OAF,angry,angry,OAF_mop_angry,OAF_mop_angry.wav,train
C:\Users\34722\OneDrive\Escritorio\TFG\Reconocimiento emociones audio\RavdessTessSavee\datos_crudos\tess\TESS Toronto emotional speech set data\OAF_angry\OAF_mouse_angry.wav,TESS,OAF,angry,angry,OAF_mouse_angry,OAF_mouse_angry.wav,test
C:\Users\34722\OneDrive\Escritorio\TFG\Reconocimiento emociones audio\RavdessTessSavee\datos_crudos\tess\TESS Toronto emotional speech set data\OAF_angry\OAF_nag_angry.wav,TESS,OAF,angry,angry,OAF_nag_angry,OAF_nag_angry.wav,train
C:\Users\34722\OneDrive\Escritorio\TFG\Reconocimiento emociones audio\RavdessTessSavee\datos_crudos\tess\TESS Toronto emotional speech set data\OAF_angry\OAF_name_angry.wav,TESS,OAF,angry,angry,OAF_name_angry,OAF_name_angry.wav,train
C:\Users\34722\OneDrive\Escritorio\TFG\Reconocimiento emociones audio\RavdessTessSavee\datos_crudos\tess\TESS Toronto emotional speech set data\OAF_angry\OAF_near_angry.wav,TESS,OAF,angry,angry,OAF_near_angry,OAF_near_angry.wav,valid
C:\Users\34722\OneDrive\Escritorio\TFG\Reconocimiento emociones audio\RavdessTessSavee\datos_crudos\tess\TESS Toronto emotional speech set data\OAF_angry\OAF_neat_angry.wav,TESS,OAF,angry,angry,OAF_neat_angry,OAF_neat_angry.wav,train
C:\Users\34722\OneDrive\Escritorio\TFG\Reconocimiento emociones audio\RavdessTessSavee\datos_crudos\tess\TESS Toronto emotional speech set data\OAF_angry\OAF_nice_angry.wav,TESS,OAF,angry,angry,OAF_nice_angry,OAF_nice_angry.wav,train
C:\Users\34722\OneDrive\Escritorio\TFG\Reconocimiento emociones audio\RavdessTessSavee\datos_crudos\tess\TESS Toronto emotional speech set data\OAF_angry\OAF_note_angry.wav,TESS,OAF,angry,angry,OAF_note_angry,OAF_note_angry.wav,train
C:\Users\34722\OneDrive\Escritorio\TFG\Reconocimiento emociones audio\RavdessTessSavee\datos_crudos\tess\TESS Toronto emotional speech set data\OAF_angry\OAF_numb_angry.wav,TESS,OAF,angry,angry,OAF_numb_angry,OAF_numb_angry.wav,valid
C:\Users\34722\OneDrive\Escritorio\TFG\Reconocimiento emociones audio\RavdessTessSavee\datos_crudos\tess\TESS Toronto emotional speech set data\OAF_angry\OAF_pad_angry.wav,TESS,OAF,angry,angry,OAF_pad_angry,OAF_pad_angry.wav,train
C:\Users\34722\OneDrive\Escritorio\TFG\Reconocimiento emociones audio\RavdessTessSavee\datos_crudos\tess\TESS Toronto emotional speech set data\OAF_angry\OAF_page_angry.wav,TESS,OAF,angry,angry,OAF_page_angry,OAF_page_angry.wav,train
C:\Users\34722\OneDrive\Escritorio\TFG\Reconocimiento emociones audio\RavdessTessSavee\datos_crudos\tess\TESS Toronto emotional speech set data\OAF_angry\OAF_pain_angry.wav,TESS,OAF,angry,angry,OAF_pain_angry,OAF_pain_angry.wav,train
C:\Users\34722\OneDrive\Escritorio\TFG\Reconocimiento emociones audio\RavdessTessSavee\datos_crudos\tess\TESS Toronto emotional speech set data\OAF_angry\OAF_pass_angry.wav,TESS,OAF,angry,angry,OAF_pass_angry,OAF_pass_angry.wav,valid
C:\Users\34722\OneDrive\Escritorio\TFG\Reconocimiento emociones audio\RavdessTessSavee\datos_crudos\tess\TESS Toronto emotional speech set data\OAF_angry\OAF_pearl_angry.wav,TESS,OAF,angry,angry,OAF_pearl_angry,OAF_pearl_angry.wav,train
C:\Users\34722\OneDrive\Escritorio\TFG\Reconocimiento emociones audio\RavdessTessSavee\datos_crudos\tess\TESS Toronto emotional speech set data\OAF_angry\OAF_peg_angry.wav,TESS,OAF,angry,angry,OAF_peg_angry,OAF_peg_angry.wav,valid
C:\Users\34722\OneDrive\Escritorio\TFG\Reconocimiento emociones audio\RavdessTessSavee\datos_crudos\tess\TESS Toronto emotional speech set data\OAF_angry\OAF_perch_angry.wav,TESS,OAF,angry,angry,OAF_perch_angry,OAF_perch_angry.wav,train
C:\Users\34722\OneDrive\Escritorio\TFG\Reconocimiento emociones audio\RavdessTessSavee\datos_crudos\tess\TESS Toronto emotional speech set data\OAF_angry\OAF_phone_angry.wav,TESS,OAF,angry,angry,OAF_phone_angry,OAF_phone_angry.wav,train
C:\Users\34722\OneDrive\Escritorio\TFG\Reconocimiento emociones audio\RavdessTessSavee\datos_crudos\tess\TESS Toronto emotional speech set data\OAF_angry\OAF_pick_angry.wav,TESS,OAF,angry,angry,OAF_pick_angry,OAF_pick_angry.wav,valid
C:\Users\34722\OneDrive\Escritorio\TFG\Reconocimiento emociones audio\RavdessTessSavee\datos_crudos\tess\TESS Toronto emotional speech set data\OAF_angry\OAF_pike_angry.wav,TESS,OAF,angry,angry,OAF_pike_angry,OAF_pike_angry.wav,train
C:\Users\34722\OneDrive\Escritorio\TFG\Reconocimiento emociones audio\RavdessTessSavee\datos_crudos\tess\TESS Toronto emotional speech set data\OAF_angry\OAF_pole_angry.wav,TESS,OAF,angry,angry,OAF_pole_angry,OAF_pole_angry.wav,train
C:\Users\34722\OneDrive\Escritorio\TFG\Reconocimiento emociones audio\RavdessTessSavee\datos_crudos\tess\TESS Toronto emotional speech set data\OAF_angry\OAF_pool_angry.wav,TESS,OAF,angry,angry,OAF_pool_angry,OAF_pool_angry.wav,train
C:\Users\34722\OneDrive\Escritorio\TFG\Reconocimiento emociones audio\RavdessTessSavee\datos_crudos\tess\TESS Toronto emotional speech set data\OAF_angry\OAF_puff_angry.wav,TESS,OAF,angry,angry,OAF_puff_angry,OAF_puff_angry.wav,train
C:\Users\34722\OneDrive\Escritorio\TFG\Reconocimiento emociones audio\RavdessTessSavee\datos_crudos\tess\TESS Toronto emotional speech set data\OAF_angry\OAF_rag_angry.wav,TESS,OAF,angry,angry,OAF_rag_angry,OAF_rag_angry.wav,train
C:\Users\34722\OneDrive\Escritorio\TFG\Reconocimiento emociones audio\RavdessTessSavee\datos_crudos\tess\TESS Toronto emotional speech set data\OAF_angry\OAF_raid_angry.wav,TESS,OAF,angry,angry,OAF_raid_angry,OAF_raid_angry.wav,valid
C:\Users\34722\OneDrive\Escritorio\TFG\Reconocimiento emociones audio\RavdessTessSavee\datos_crudos\tess\TESS Toronto emotional speech set data\OAF_angry\OAF_rain_angry.wav,TESS,OAF,angry,angry,OAF_rain_angry,OAF_rain_angry.wav,train
C:\Users\34722\OneDrive\Escritorio\TFG\Reconocimiento emociones audio\RavdessTessSavee\datos_crudos\tess\TESS Toronto emotional speech set data\OAF_angry\OAF_raise_angry.wav,TESS,OAF,angry,angry,OAF_raise_angry,OAF_raise_angry.wav,train
C:\Users\34722\OneDrive\Escritorio\TFG\Reconocimiento emociones audio\RavdessTessSavee\datos_crudos\tess\TESS Toronto emotional speech set data\OAF_angry\OAF_rat_angry.wav,TESS,OAF,angry,angry,OAF_rat_angry,OAF_rat_angry.wav,train
C:\Users\34722\OneDrive\Escritorio\TFG\Reconocimiento emociones audio\RavdessTessSavee\datos_crudos\tess\TESS Toronto emotional speech set data\OAF_angry\OAF_reach_angry.wav,TESS,OAF,angry,angry,OAF_reach_angry,OAF_reach_angry.wav,train
C:\Users\34722\OneDrive\Escritorio\TFG\Reconocimiento emociones audio\RavdessTessSavee\datos_crudos\tess\TESS Toronto emotional speech set data\OAF_angry\OAF_read_angry.wav,TESS,OAF,angry,angry,OAF_read_angry,OAF_read_angry.wav,train
C:\Users\34722\OneDrive\Escritorio\TFG\Reconocimiento emociones audio\RavdessTessSavee\datos_crudos\tess\TESS Toronto emotional speech set data\OAF_angry\OAF_red_angry.wav,TESS,OAF,angry,angry,OAF_red_angry,OAF_red_angry.wav,train
C:\Users\34722\OneDrive\Escritorio\TFG\Reconocimiento emociones audio\RavdessTessSavee\datos_crudos\tess\TESS Toronto emotional speech set data\OAF_angry\OAF_ring_angry.wav,TESS,OAF,angry,angry,OAF_ring_angry,OAF_ring_angry.wav,test
C:\Users\34722\OneDrive\Escritorio\TFG\Reconocimiento emociones audio\RavdessTessSavee\datos_crudos\tess\TESS Toronto emotional speech set data\OAF_angry\OAF_ripe_angry.wav,TESS,OAF,angry,angry,OAF_ripe_angry,OAF_ripe_angry.wav,train
C:\Users\34722\OneDrive\Escritorio\TFG\Reconocimiento emociones audio\RavdessTessSavee\datos_crudos\tess\TESS Toronto emotional speech set data\OAF_angry\OAF_road_angry.wav,TESS,OAF,angry,angry,OAF_road_angry,OAF_road_angry.wav,train
C:\Users\34722\OneDrive\Escritorio\TFG\Reconocimiento emociones audio\RavdessTessSavee\datos_crudos\tess\TESS Toronto emotional speech set data\OAF_angry\OAF_room_angry.wav,TESS,OAF,angry,angry,OAF_room_angry,OAF_room_angry.wav,train
C:\Users\34722\OneDrive\Escritorio\TFG\Reconocimiento emociones audio\RavdessTessSavee\datos_crudos\tess\TESS Toronto emotional speech set data\OAF_angry\OAF_rose_angry.wav,TESS,OAF,angry,angry,OAF_rose_angry,OAF_rose_angry.wav,train
C:\Users\34722\OneDrive\Escritorio\TFG\Reconocimiento emociones audio\RavdessTessSavee\datos_crudos\tess\TESS Toronto emotional speech set data\OAF_angry\OAF_rot_angry.wav,TESS,OAF,angry,angry,OAF_rot_angry,OAF_rot_angry.wav,train
C:\Users\34722\OneDrive\Escritorio\TFG\Reconocimiento emociones audio\RavdessTessSavee\datos_crudos\tess\TESS Toronto emotional speech set data\OAF_angry\OAF_rough_angry.wav,TESS,OAF,angry,angry,OAF_rough_angry,OAF_rough_angry.wav,train
C:\Users\34722\OneDrive\Escritorio\TFG\Reconocimiento emociones audio\RavdessTessSavee\datos_crudos\tess\TESS Toronto emotional speech set data\OAF_angry\OAF_rush_angry.wav,TESS,OAF,angry,angry,OAF_rush_angry,OAF_rush_angry.wav,train
C:\Users\34722\OneDrive\Escritorio\TFG\Reconocimiento emociones audio\RavdessTessSavee\datos_crudos\tess\TESS Toronto emotional speech set data\OAF_angry\OAF_said_angry.wav,TESS,OAF,angry,angry,OAF_said_angry,OAF_said_angry.wav,valid
C:\Users\34722\OneDrive\Escritorio\TFG\Reconocimiento emociones audio\RavdessTessSavee\datos_crudos\tess\TESS Toronto emotional speech set data\OAF_angry\OAF_sail_angry.wav,TESS,OAF,angry,angry,OAF_sail_angry,OAF_sail_angry.wav,train
C:\Users\34722\OneDrive\Escritorio\TFG\Reconocimiento emociones audio\RavdessTessSavee\datos_crudos\tess\TESS Toronto emotional speech set data\OAF_angry\OAF_search_angry.wav,TESS,OAF,angry,angry,OAF_search_angry,OAF_search_angry.wav,test
C:\Users\34722\OneDrive\Escritorio\TFG\Reconocimiento emociones audio\RavdessTessSavee\datos_crudos\tess\TESS Toronto emotional speech set data\OAF_angry\OAF_seize_angry.wav,TESS,OAF,angry,angry,OAF_seize_angry,OAF_seize_angry.wav,train
C:\Users\34722\OneDrive\Escritorio\TFG\Reconocimiento emociones audio\RavdessTessSavee\datos_crudos\tess\TESS Toronto emotional speech set data\OAF_angry\OAF_sell_angry.wav,TESS,OAF,angry,angry,OAF_sell_angry,OAF_sell_angry.wav,train
C:\Users\34722\OneDrive\Escritorio\TFG\Reconocimiento emociones audio\RavdessTessSavee\datos_crudos\tess\TESS Toronto emotional speech set data\OAF_angry\OAF_shack_angry.wav,TESS,OAF,angry,angry,OAF_shack_angry,OAF_shack_angry.wav,train
C:\Users\34722\OneDrive\Escritorio\TFG\Reconocimiento emociones audio\RavdessTessSavee\datos_crudos\tess\TESS Toronto emotional speech set data\OAF_angry\OAF_shall_angry.wav,TESS,OAF,angry,angry,OAF_shall_angry,OAF_shall_angry.wav,train
C:\Users\34722\OneDrive\Escritorio\TFG\Reconocimiento emociones audio\RavdessTessSavee\datos_crudos\tess\TESS Toronto emotional speech set data\OAF_angry\OAF_shawl_angry.wav,TESS,OAF,angry,angry,OAF_shawl_angry,OAF_shawl_angry.wav,test
C:\Users\34722\OneDrive\Escritorio\TFG\Reconocimiento emociones audio\RavdessTessSavee\datos_crudos\tess\TESS Toronto emotional speech set data\OAF_angry\OAF_sheep_angry.wav,TESS,OAF,angry,angry,OAF_sheep_angry,OAF_sheep_angry.wav,train
C:\Users\34722\OneDrive\Escritorio\TFG\Reconocimiento emociones audio\RavdessTessSavee\datos_crudos\tess\TESS Toronto emotional speech set data\OAF_angry\OAF_shirt_angry.wav,TESS,OAF,angry,angry,OAF_shirt_angry,OAF_shirt_angry.wav,valid
C:\Users\34722\OneDrive\Escritorio\TFG\Reconocimiento emociones audio\RavdessTessSavee\datos_crudos\tess\TESS Toronto emotional speech set data\OAF_angry\OAF_should_angry.wav,TESS,OAF,angry,angry,OAF_should_angry,OAF_should_angry.wav,test
C:\Users\34722\OneDrive\Escritorio\TFG\Reconocimiento emociones audio\RavdessTessSavee\datos_crudos\tess\TESS Toronto emotional speech set data\OAF_angry\OAF_shout_angry.wav,TESS,OAF,angry,angry,OAF_shout_angry,OAF_shout_angry.wav,train
C:\Users\34722\OneDrive\Escritorio\TFG\Reconocimiento emociones audio\RavdessTessSavee\datos_crudos\tess\TESS Toronto emotional speech set data\OAF_angry\OAF_size_angry.wav,TESS,OAF,angry,angry,OAF_size_angry,OAF_size_angry.wav,train
C:\Users\34722\OneDrive\Escritorio\TFG\Reconocimiento emociones audio\RavdessTessSavee\datos_crudos\tess\TESS Toronto emotional speech set data\OAF_angry\OAF_soap_angry.wav,TESS,OAF,angry,angry,OAF_soap_angry,OAF_soap_angry.wav,train
C:\Users\34722\OneDrive\Escritorio\TFG\Reconocimiento emociones audio\RavdessTessSavee\datos_crudos\tess\TESS Toronto emotional speech set data\OAF_angry\OAF_soup_angry.wav,TESS,OAF,angry,angry,OAF_soup_angry,OAF_soup_angry.wav,valid
C:\Users\34722\OneDrive\Escritorio\TFG\Reconocimiento emociones audio\RavdessTessSavee\datos_crudos\tess\TESS Toronto emotional speech set data\OAF_angry\OAF_sour_angry.wav,TESS,OAF,angry,angry,OAF_sour_angry,OAF_sour_angry.wav,valid
C:\Users\34722\OneDrive\Escritorio\TFG\Reconocimiento emociones audio\RavdessTessSavee\datos_crudos\tess\TESS Toronto emotional speech set data\OAF_angry\OAF_south_angry.wav,TESS,OAF,angry,angry,OAF_south_angry,OAF_south_angry.wav,test
C:\Users\34722\OneDrive\Escritorio\TFG\Reconocimiento emociones audio\RavdessTessSavee\datos_crudos\tess\TESS Toronto emotional speech set data\OAF_angry\OAF_sub_angry.wav,TESS,OAF,angry,angry,OAF_sub_angry,OAF_sub_angry.wav,test
C:\Users\34722\OneDrive\Escritorio\TFG\Reconocimiento emociones audio\RavdessTessSavee\datos_crudos\tess\TESS Toronto emotional speech set data\OAF_angry\OAF_such_angry.wav,TESS,OAF,angry,angry,OAF_such_angry,OAF_such_angry.wav,train
C:\Users\34722\OneDrive\Escritorio\TFG\Reconocimiento emociones audio\RavdessTessSavee\datos_crudos\tess\TESS Toronto emotional speech set data\OAF_angry\OAF_sure_angry.wav,TESS,OAF,angry,angry,OAF_sure_angry,OAF_sure_angry.wav,train
C:\Users\34722\OneDrive\Escritorio\TFG\Reconocimiento emociones audio\RavdessTessSavee\datos_crudos\tess\TESS Toronto emotional speech set data\OAF_angry\OAF_take_angry.wav,TESS,OAF,angry,angry,OAF_take_angry,OAF_take_angry.wav,test
C:\Users\34722\OneDrive\Escritorio\TFG\Reconocimiento emociones audio\RavdessTessSavee\datos_crudos\tess\TESS Toronto emotional speech set data\OAF_angry\OAF_talk_angry.wav,TESS,OAF,angry,angry,OAF_talk_angry,OAF_talk_angry.wav,test
C:\Users\34722\OneDrive\Escritorio\TFG\Reconocimiento emociones audio\RavdessTessSavee\datos_crudos\tess\TESS Toronto emotional speech set data\OAF_angry\OAF_tape_angry.wav,TESS,OAF,angry,angry,OAF_tape_angry,OAF_tape_angry.wav,train
C:\Users\34722\OneDrive\Escritorio\TFG\Reconocimiento emociones audio\RavdessTessSavee\datos_crudos\tess\TESS Toronto emotional speech set data\OAF_angry\OAF_team_angry.wav,TESS,OAF,angry,angry,OAF_team_angry,OAF_team_angry.wav,train
C:\Users\34722\OneDrive\Escritorio\TFG\Reconocimiento emociones audio\RavdessTessSavee\datos_crudos\tess\TESS Toronto emotional speech set data\OAF_angry\OAF_tell_angry.wav,TESS,OAF,angry,angry,OAF_tell_angry,OAF_tell_angry.wav,train
C:\Users\34722\OneDrive\Escritorio\TFG\Reconocimiento emociones audio\RavdessTessSavee\datos_crudos\tess\TESS Toronto emotional speech set data\OAF_angry\OAF_thin_angry.wav,TESS,OAF,angry,angry,OAF_thin_angry,OAF_thin_angry.wav,valid
C:\Users\34722\OneDrive\Escritorio\TFG\Reconocimiento emociones audio\RavdessTessSavee\datos_crudos\tess\TESS Toronto emotional speech set data\OAF_angry\OAF_third_angry.wav,TESS,OAF,angry,angry,OAF_third_angry,OAF_third_angry.wav,train
C:\Users\34722\OneDrive\Escritorio\TFG\Reconocimiento emociones audio\RavdessTessSavee\datos_crudos\tess\TESS Toronto emotional speech set data\OAF_angry\OAF_thought_angry.wav,TESS,OAF,angry,angry,OAF_thought_angry,OAF_thought_angry.wav,test
C:\Users\34722\OneDrive\Escritorio\TFG\Reconocimiento emociones audio\RavdessTessSavee\datos_crudos\tess\TESS Toronto emotional speech set data\OAF_angry\OAF_thumb_angry.wav,TESS,OAF,angry,angry,OAF_thumb_angry,OAF_thumb_angry.wav,train
C:\Users\34722\OneDrive\Escritorio\TFG\Reconocimiento emociones audio\RavdessTessSavee\datos_crudos\tess\TESS Toronto emotional speech set data\OAF_angry\OAF_time_angry.wav,TESS,OAF,angry,angry,OAF_time_angry,OAF_time_angry.wav,train
C:\Users\34722\OneDrive\Escritorio\TFG\Reconocimiento emociones audio\RavdessTessSavee\datos_crudos\tess\TESS Toronto emotional speech set data\OAF_angry\OAF_tip_angry.wav,TESS,OAF,angry,angry,OAF_tip_angry,OAF_tip_angry.wav,train
C:\Users\34722\OneDrive\Escritorio\TFG\Reconocimiento emociones audio\RavdessTessSavee\datos_crudos\tess\TESS Toronto emotional speech set data\OAF_angry\OAF_tire_angry.wav,TESS,OAF,angry,angry,OAF_tire_angry,OAF_tire_angry.wav,train
C:\Users\34722\OneDrive\Escritorio\TFG\Reconocimiento emociones audio\RavdessTessSavee\datos_crudos\tess\TESS Toronto emotional speech set data\OAF_angry\OAF_ton_angry.wav,TESS,OAF,angry,angry,OAF_ton_angry,OAF_ton_angry.wav,train
C:\Users\34722\OneDrive\Escritorio\TFG\Reconocimiento emociones audio\RavdessTessSavee\datos_crudos\tess\TESS Toronto emotional speech set data\OAF_angry\OAF_tool_angry.wav,TESS,OAF,angry,angry,OAF_tool_angry,OAF_tool_angry.wav,train
C:\Users\34722\OneDrive\Escritorio\TFG\Reconocimiento emociones audio\RavdessTessSavee\datos_crudos\tess\TESS Toronto emotional speech set data\OAF_angry\OAF_tough_angry.wav,TESS,OAF,angry,angry,OAF_tough_angry,OAF_tough_angry.wav,train
C:\Users\34722\OneDrive\Escritorio\TFG\Reconocimiento emociones audio\RavdessTessSavee\datos_crudos\tess\TESS Toronto emotional speech set data\OAF_angry\OAF_turn_angry.wav,TESS,OAF,angry,angry,OAF_turn_angry,OAF_turn_angry.wav,valid
C:\Users\34722\OneDrive\Escritorio\TFG\Reconocimiento emociones audio\RavdessTessSavee\datos_crudos\tess\TESS Toronto emotional speech set data\OAF_angry\OAF_vine_angry.wav,TESS,OAF,angry,angry,OAF_vine_angry,OAF_vine_angry.wav,train
C:\Users\34722\OneDrive\Escritorio\TFG\Reconocimiento emociones audio\RavdessTessSavee\datos_crudos\tess\TESS Toronto emotional speech set data\OAF_angry\OAF_voice_angry.wav,TESS,OAF,angry,angry,OAF_voice_angry,OAF_voice_angry.wav,test
C:\Users\34722\OneDrive\Escritorio\TFG\Reconocimiento emociones audio\RavdessTessSavee\datos_crudos\tess\TESS Toronto emotional speech set data\OAF_angry\OAF_void_angry.wav,TESS,OAF,angry,angry,OAF_void_angry,OAF_void_angry.wav,test
C:\Users\34722\OneDrive\Escritorio\TFG\Reconocimiento emociones audio\RavdessTessSavee\datos_crudos\tess\TESS Toronto emotional speech set data\OAF_angry\OAF_vote_angry.wav,TESS,OAF,angry,angry,OAF_vote_angry,OAF_vote_angry.wav,train
C:\Users\34722\OneDrive\Escritorio\TFG\Reconocimiento emociones audio\RavdessTessSavee\datos_crudos\tess\TESS Toronto emotional speech set data\OAF_angry\OAF_wag_angry.wav,TESS,OAF,angry,angry,OAF_wag_angry,OAF_wag_angry.wav,train
C:\Users\34722\OneDrive\Escritorio\TFG\Reconocimiento emociones audio\RavdessTessSavee\datos_crudos\tess\TESS Toronto emotional speech set data\OAF_angry\OAF_walk_angry.wav,TESS,OAF,angry,angry,OAF_walk_angry,OAF_walk_angry.wav,train
C:\Users\34722\OneDrive\Escritorio\TFG\Reconocimiento emociones audio\RavdessTessSavee\datos_crudos\tess\TESS Toronto emotional speech set data\OAF_angry\OAF_wash_angry.wav,TESS,OAF,angry,angry,OAF_wash_angry,OAF_wash_angry.wav,train
C:\Users\34722\OneDrive\Escritorio\TFG\Reconocimiento emociones audio\RavdessTessSavee\datos_crudos\tess\TESS Toronto emotional speech set data\OAF_angry\OAF_week_angry.wav,TESS,OAF,angry,angry,OAF_week_angry,OAF_week_angry.wav,train
C:\Users\34722\OneDrive\Escritorio\TFG\Reconocimiento emociones audio\RavdessTessSavee\datos_crudos\tess\TESS Toronto emotional speech set data\OAF_angry\OAF_wheat_angry.wav,TESS,OAF,angry,angry,OAF_wheat_angry,OAF_wheat_angry.wav,train
C:\Users\34722\OneDrive\Escritorio\TFG\Reconocimiento emociones audio\RavdessTessSavee\datos_crudos\tess\TESS Toronto emotional speech set data\OAF_angry\OAF_when_angry.wav,TESS,OAF,angry,angry,OAF_when_angry,OAF_when_angry.wav,train
C:\Users\34722\OneDrive\Escritorio\TFG\Reconocimiento emociones audio\RavdessTessSavee\datos_crudos\tess\TESS Toronto emotional speech set data\OAF_angry\OAF_which_angry.wav,TESS,OAF,angry,angry,OAF_which_angry,OAF_which_angry.wav,train
C:\Users\34722\OneDrive\Escritorio\TFG\Reconocimiento emociones audio\RavdessTessSavee\datos_crudos\tess\TESS Toronto emotional speech set data\OAF_angry\OAF_whip_angry.wav,TESS,OAF,angry,angry,OAF_whip_angry,OAF_whip_angry.wav,train
C:\Users\34722\OneDrive\Escritorio\TFG\Reconocimiento emociones audio\RavdessTessSavee\datos_crudos\tess\TESS Toronto emotional speech set data\OAF_angry\OAF_white_angry.wav,TESS,OAF,angry,angry,OAF_white_angry,OAF_white_angry.wav,train
C:\Users\34722\OneDrive\Escritorio\TFG\Reconocimiento emociones audio\RavdessTessSavee\datos_crudos\tess\TESS Toronto emotional speech set data\OAF_angry\OAF_wife_angry.wav,TESS,OAF,angry,angry,OAF_wife_angry,OAF_wife_angry.wav,train
C:\Users\34722\OneDrive\Escritorio\TFG\Reconocimiento emociones audio\RavdessTessSavee\datos_crudos\tess\TESS Toronto emotional speech set data\OAF_angry\OAF_wire_angry.wav,TESS,OAF,angry,angry,OAF_wire_angry,OAF_wire_angry.wav,train
C:\Users\34722\OneDrive\Escritorio\TFG\Reconocimiento emociones audio\RavdessTessSavee\datos_crudos\tess\TESS Toronto emotional speech set data\OAF_angry\OAF_witch_angry.wav,TESS,OAF,angry,angry,OAF_witch_angry,OAF_witch_angry.wav,test
C:\Users\34722\OneDrive\Escritorio\TFG\Reconocimiento emociones audio\RavdessTessSavee\datos_crudos\tess\TESS Toronto emotional speech set data\OAF_angry\OAF_yearn_angry.wav,TESS,OAF,angry,angry,OAF_yearn_angry,OAF_yearn_angry.wav,train
C:\Users\34722\OneDrive\Escritorio\TFG\Reconocimiento emociones audio\RavdessTessSavee\datos_crudos\tess\TESS Toronto emotional speech set data\OAF_angry\OAF_yes_angry.wav,TESS,OAF,angry,angry,OAF_yes_angry,OAF_yes_angry.wav,train
C:\Users\34722\OneDrive\Escritorio\TFG\Reconocimiento emociones audio\RavdessTessSavee\datos_crudos\tess\TESS Toronto emotional speech set data\OAF_angry\OAF_young_angry.wav,TESS,OAF,angry,angry,OAF_young_angry,OAF_young_angry.wav,test
C:\Users\34722\OneDrive\Escritorio\TFG\Reconocimiento emociones audio\RavdessTessSavee\datos_crudos\tess\TESS Toronto emotional speech set data\OAF_angry\OAF_youth_angry.wav,TESS,OAF,angry,angry,OAF_youth_angry,OAF_youth_angry.wav,train
C:\Users\34722\OneDrive\Escritorio\TFG\Reconocimiento emociones audio\RavdessTessSavee\datos_crudos\tess\TESS Toronto emotional speech set data\OAF_Fear\OAF_back_fear.wav,TESS,OAF,fearful,fearful,OAF_back_fear,OAF_back_fear.wav,train
C:\Users\34722\OneDrive\Escritorio\TFG\Reconocimiento emociones audio\RavdessTessSavee\datos_crudos\tess\TESS Toronto emotional speech set data\OAF_Fear\OAF_bar_fear.wav,TESS,OAF,fearful,fearful,OAF_bar_fear,OAF_bar_fear.wav,train
C:\Users\34722\OneDrive\Escritorio\TFG\Reconocimiento emociones audio\RavdessTessSavee\datos_crudos\tess\TESS Toronto emotional speech set data\OAF_Fear\OAF_base_fear.wav,TESS,OAF,fearful,fearful,OAF_base_fear,OAF_base_fear.wav,train
C:\Users\34722\OneDrive\Escritorio\TFG\Reconocimiento emociones audio\RavdessTessSavee\datos_crudos\tess\TESS Toronto emotional speech set data\OAF_Fear\OAF_bath_fear.wav,TESS,OAF,fearful,fearful,OAF_bath_fear,OAF_bath_fear.wav,train
C:\Users\34722\OneDrive\Escritorio\TFG\Reconocimiento emociones audio\RavdessTessSavee\datos_crudos\tess\TESS Toronto emotional speech set data\OAF_Fear\OAF_bean_fear.wav,TESS,OAF,fearful,fearful,OAF_bean_fear,OAF_bean_fear.wav,train
C:\Users\34722\OneDrive\Escritorio\TFG\Reconocimiento emociones audio\RavdessTessSavee\datos_crudos\tess\TESS Toronto emotional speech set data\OAF_Fear\OAF_beg_fear.wav,TESS,OAF,fearful,fearful,OAF_beg_fear,OAF_beg_fear.wav,train
C:\Users\34722\OneDrive\Escritorio\TFG\Reconocimiento emociones audio\RavdessTessSavee\datos_crudos\tess\TESS Toronto emotional speech set data\OAF_Fear\OAF_bite_fear.wav,TESS,OAF,fearful,fearful,OAF_bite_fear,OAF_bite_fear.wav,train
C:\Users\34722\OneDrive\Escritorio\TFG\Reconocimiento emociones audio\RavdessTessSavee\datos_crudos\tess\TESS Toronto emotional speech set data\OAF_Fear\OAF_boat_fear.wav,TESS,OAF,fearful,fearful,OAF_boat_fear,OAF_boat_fear.wav,train
C:\Users\34722\OneDrive\Escritorio\TFG\Reconocimiento emociones audio\RavdessTessSavee\datos_crudos\tess\TESS Toronto emotional speech set data\OAF_Fear\OAF_bone_fear.wav,TESS,OAF,fearful,fearful,OAF_bone_fear,OAF_bone_fear.wav,valid
C:\Users\34722\OneDrive\Escritorio\TFG\Reconocimiento emociones audio\RavdessTessSavee\datos_crudos\tess\TESS Toronto emotional speech set data\OAF_Fear\OAF_book_fear.wav,TESS,OAF,fearful,fearful,OAF_book_fear,OAF_book_fear.wav,train
C:\Users\34722\OneDrive\Escritorio\TFG\Reconocimiento emociones audio\RavdessTessSavee\datos_crudos\tess\TESS Toronto emotional speech set data\OAF_Fear\OAF_bought_fear.wav,TESS,OAF,fearful,fearful,OAF_bought_fear,OAF_bought_fear.wav,train
C:\Users\34722\OneDrive\Escritorio\TFG\Reconocimiento emociones audio\RavdessTessSavee\datos_crudos\tess\TESS Toronto emotional speech set data\OAF_Fear\OAF_burn_fear.wav,TESS,OAF,fearful,fearful,OAF_burn_fear,OAF_burn_fear.wav,train
C:\Users\34722\OneDrive\Escritorio\TFG\Reconocimiento emociones audio\RavdessTessSavee\datos_crudos\tess\TESS Toronto emotional speech set data\OAF_Fear\OAF_cab_fear.wav,TESS,OAF,fearful,fearful,OAF_cab_fear,OAF_cab_fear.wav,train
C:\Users\34722\OneDrive\Escritorio\TFG\Reconocimiento emociones audio\RavdessTessSavee\datos_crudos\tess\TESS Toronto emotional speech set data\OAF_Fear\OAF_calm_fear.wav,TESS,OAF,fearful,fearful,OAF_calm_fear,OAF_calm_fear.wav,train
C:\Users\34722\OneDrive\Escritorio\TFG\Reconocimiento emociones audio\RavdessTessSavee\datos_crudos\tess\TESS Toronto emotional speech set data\OAF_Fear\OAF_came_fear.wav,TESS,OAF,fearful,fearful,OAF_came_fear,OAF_came_fear.wav,train
C:\Users\34722\OneDrive\Escritorio\TFG\Reconocimiento emociones audio\RavdessTessSavee\datos_crudos\tess\TESS Toronto emotional speech set data\OAF_Fear\OAF_cause_fear.wav,TESS,OAF,fearful,fearful,OAF_cause_fear,OAF_cause_fear.wav,train
C:\Users\34722\OneDrive\Escritorio\TFG\Reconocimiento emociones audio\RavdessTessSavee\datos_crudos\tess\TESS Toronto emotional speech set data\OAF_Fear\OAF_chain_fear.wav,TESS,OAF,fearful,fearful,OAF_chain_fear,OAF_chain_fear.wav,train
C:\Users\34722\OneDrive\Escritorio\TFG\Reconocimiento emociones audio\RavdessTessSavee\datos_crudos\tess\TESS Toronto emotional speech set data\OAF_Fear\OAF_chair_fear.wav,TESS,OAF,fearful,fearful,OAF_chair_fear,OAF_chair_fear.wav,test
C:\Users\34722\OneDrive\Escritorio\TFG\Reconocimiento emociones audio\RavdessTessSavee\datos_crudos\tess\TESS Toronto emotional speech set data\OAF_Fear\OAF_chalk_fear.wav,TESS,OAF,fearful,fearful,OAF_chalk_fear,OAF_chalk_fear.wav,train
C:\Users\34722\OneDrive\Escritorio\TFG\Reconocimiento emociones audio\RavdessTessSavee\datos_crudos\tess\TESS Toronto emotional speech set data\OAF_Fear\OAF_chat_fear.wav,TESS,OAF,fearful,fearful,OAF_chat_fear,OAF_chat_fear.wav,train
C:\Users\34722\OneDrive\Escritorio\TFG\Reconocimiento emociones audio\RavdessTessSavee\datos_crudos\tess\TESS Toronto emotional speech set data\OAF_Fear\OAF_check_fear.wav,TESS,OAF,fearful,fearful,OAF_check_fear,OAF_check_fear.wav,valid
C:\Users\34722\OneDrive\Escritorio\TFG\Reconocimiento emociones audio\RavdessTessSavee\datos_crudos\tess\TESS Toronto emotional speech set data\OAF_Fear\OAF_cheek_fear.wav,TESS,OAF,fearful,fearful,OAF_cheek_fear,OAF_cheek_fear.wav,valid
C:\Users\34722\OneDrive\Escritorio\TFG\Reconocimiento emociones audio\RavdessTessSavee\datos_crudos\tess\TESS Toronto emotional speech set data\OAF_Fear\OAF_chief_fear.wav,TESS,OAF,fearful,fearful,OAF_chief_fear,OAF_chief_fear.wav,train
C:\Users\34722\OneDrive\Escritorio\TFG\Reconocimiento emociones audio\RavdessTessSavee\datos_crudos\tess\TESS Toronto emotional speech set data\OAF_Fear\OAF_choice_fear.wav,TESS,OAF,fearful,fearful,OAF_choice_fear,OAF_choice_fear.wav,valid
C:\Users\34722\OneDrive\Escritorio\TFG\Reconocimiento emociones audio\RavdessTessSavee\datos_crudos\tess\TESS Toronto emotional speech set data\OAF_Fear\OAF_cool_fear.wav,TESS,OAF,fearful,fearful,OAF_cool_fear,OAF_cool_fear.wav,test
C:\Users\34722\OneDrive\Escritorio\TFG\Reconocimiento emociones audio\RavdessTessSavee\datos_crudos\tess\TESS Toronto emotional speech set data\OAF_Fear\OAF_dab_fear.wav,TESS,OAF,fearful,fearful,OAF_dab_fear,OAF_dab_fear.wav,train
C:\Users\34722\OneDrive\Escritorio\TFG\Reconocimiento emociones audio\RavdessTessSavee\datos_crudos\tess\TESS Toronto emotional speech set data\OAF_Fear\OAF_date_fear.wav,TESS,OAF,fearful,fearful,OAF_date_fear,OAF_date_fear.wav,train
C:\Users\34722\OneDrive\Escritorio\TFG\Reconocimiento emociones audio\RavdessTessSavee\datos_crudos\tess\TESS Toronto emotional speech set data\OAF_Fear\OAF_dead_fear.wav,TESS,OAF,fearful,fearful,OAF_dead_fear,OAF_dead_fear.wav,train
C:\Users\34722\OneDrive\Escritorio\TFG\Reconocimiento emociones audio\RavdessTessSavee\datos_crudos\tess\TESS Toronto emotional speech set data\OAF_Fear\OAF_death_fear.wav,TESS,OAF,fearful,fearful,OAF_death_fear,OAF_death_fear.wav,train
C:\Users\34722\OneDrive\Escritorio\TFG\Reconocimiento emociones audio\RavdessTessSavee\datos_crudos\tess\TESS Toronto emotional speech set data\OAF_Fear\OAF_deep_fear.wav,TESS,OAF,fearful,fearful,OAF_deep_fear,OAF_deep_fear.wav,train
C:\Users\34722\OneDrive\Escritorio\TFG\Reconocimiento emociones audio\RavdessTessSavee\datos_crudos\tess\TESS Toronto emotional speech set data\OAF_Fear\OAF_dime_fear.wav,TESS,OAF,fearful,fearful,OAF_dime_fear,OAF_dime_fear.wav,valid
C:\Users\34722\OneDrive\Escritorio\TFG\Reconocimiento emociones audio\RavdessTessSavee\datos_crudos\tess\TESS Toronto emotional speech set data\OAF_Fear\OAF_dip_fear.wav,TESS,OAF,fearful,fearful,OAF_dip_fear,OAF_dip_fear.wav,test
C:\Users\34722\OneDrive\Escritorio\TFG\Reconocimiento emociones audio\RavdessTessSavee\datos_crudos\tess\TESS Toronto emotional speech set data\OAF_Fear\OAF_ditch_fear.wav,TESS,OAF,fearful,fearful,OAF_ditch_fear,OAF_ditch_fear.wav,train
C:\Users\34722\OneDrive\Escritorio\TFG\Reconocimiento emociones audio\RavdessTessSavee\datos_crudos\tess\TESS Toronto emotional speech set data\OAF_Fear\OAF_dodge_fear.wav,TESS,OAF,fearful,fearful,OAF_dodge_fear,OAF_dodge_fear.wav,train
C:\Users\34722\OneDrive\Escritorio\TFG\Reconocimiento emociones audio\RavdessTessSavee\datos_crudos\tess\TESS Toronto emotional speech set data\OAF_Fear\OAF_dog_fear.wav,TESS,OAF,fearful,fearful,OAF_dog_fear,OAF_dog_fear.wav,valid
C:\Users\34722\OneDrive\Escritorio\TFG\Reconocimiento emociones audio\RavdessTessSavee\datos_crudos\tess\TESS Toronto emotional speech set data\OAF_Fear\OAF_doll_fear.wav,TESS,OAF,fearful,fearful,OAF_doll_fear,OAF_doll_fear.wav,train
C:\Users\34722\OneDrive\Escritorio\TFG\Reconocimiento emociones audio\RavdessTessSavee\datos_crudos\tess\TESS Toronto emotional speech set data\OAF_Fear\OAF_door_fear.wav,TESS,OAF,fearful,fearful,OAF_door_fear,OAF_door_fear.wav,train
C:\Users\34722\OneDrive\Escritorio\TFG\Reconocimiento emociones audio\RavdessTessSavee\datos_crudos\tess\TESS Toronto emotional speech set data\OAF_Fear\OAF_fail_fear.wav,TESS,OAF,fearful,fearful,OAF_fail_fear,OAF_fail_fear.wav,train
C:\Users\34722\OneDrive\Escritorio\TFG\Reconocimiento emociones audio\RavdessTessSavee\datos_crudos\tess\TESS Toronto emotional speech set data\OAF_Fear\OAF_fall_fear.wav,TESS,OAF,fearful,fearful,OAF_fall_fear,OAF_fall_fear.wav,train
C:\Users\34722\OneDrive\Escritorio\TFG\Reconocimiento emociones audio\RavdessTessSavee\datos_crudos\tess\TESS Toronto emotional speech set data\OAF_Fear\OAF_far_fear.wav,TESS,OAF,fearful,fearful,OAF_far_fear,OAF_far_fear.wav,valid
C:\Users\34722\OneDrive\Escritorio\TFG\Reconocimiento emociones audio\RavdessTessSavee\datos_crudos\tess\TESS Toronto emotional speech set data\OAF_Fear\OAF_fat_fear.wav,TESS,OAF,fearful,fearful,OAF_fat_fear,OAF_fat_fear.wav,train
C:\Users\34722\OneDrive\Escritorio\TFG\Reconocimiento emociones audio\RavdessTessSavee\datos_crudos\tess\TESS Toronto emotional speech set data\OAF_Fear\OAF_fit_fear.wav,TESS,OAF,fearful,fearful,OAF_fit_fear,OAF_fit_fear.wav,test
C:\Users\34722\OneDrive\Escritorio\TFG\Reconocimiento emociones audio\RavdessTessSavee\datos_crudos\tess\TESS Toronto emotional speech set data\OAF_Fear\OAF_five_fear.wav,TESS,OAF,fearful,fearful,OAF_five_fear,OAF_five_fear.wav,train
C:\Users\34722\OneDrive\Escritorio\TFG\Reconocimiento emociones audio\RavdessTessSavee\datos_crudos\tess\TESS Toronto emotional speech set data\OAF_Fear\OAF_food_fear.wav,TESS,OAF,fearful,fearful,OAF_food_fear,OAF_food_fear.wav,valid
C:\Users\34722\OneDrive\Escritorio\TFG\Reconocimiento emociones audio\RavdessTessSavee\datos_crudos\tess\TESS Toronto emotional speech set data\OAF_Fear\OAF_gap_fear.wav,TESS,OAF,fearful,fearful,OAF_gap_fear,OAF_gap_fear.wav,test
C:\Users\34722\OneDrive\Escritorio\TFG\Reconocimiento emociones audio\RavdessTessSavee\datos_crudos\tess\TESS Toronto emotional speech set data\OAF_Fear\OAF_gas_fear.wav,TESS,OAF,fearful,fearful,OAF_gas_fear,OAF_gas_fear.wav,valid
C:\Users\34722\OneDrive\Escritorio\TFG\Reconocimiento emociones audio\RavdessTessSavee\datos_crudos\tess\TESS Toronto emotional speech set data\OAF_Fear\OAF_gaze_fear.wav,TESS,OAF,fearful,fearful,OAF_gaze_fear,OAF_gaze_fear.wav,test
C:\Users\34722\OneDrive\Escritorio\TFG\Reconocimiento emociones audio\RavdessTessSavee\datos_crudos\tess\TESS Toronto emotional speech set data\OAF_Fear\OAF_germ_fear.wav,TESS,OAF,fearful,fearful,OAF_germ_fear,OAF_germ_fear.wav,train
C:\Users\34722\OneDrive\Escritorio\TFG\Reconocimiento emociones audio\RavdessTessSavee\datos_crudos\tess\TESS Toronto emotional speech set data\OAF_Fear\OAF_get_fear.wav,TESS,OAF,fearful,fearful,OAF_get_fear,OAF_get_fear.wav,train
C:\Users\34722\OneDrive\Escritorio\TFG\Reconocimiento emociones audio\RavdessTessSavee\datos_crudos\tess\TESS Toronto emotional speech set data\OAF_Fear\OAF_gin_fear.wav,TESS,OAF,fearful,fearful,OAF_gin_fear,OAF_gin_fear.wav,valid
C:\Users\34722\OneDrive\Escritorio\TFG\Reconocimiento emociones audio\RavdessTessSavee\datos_crudos\tess\TESS Toronto emotional speech set data\OAF_Fear\OAF_goal_fear.wav,TESS,OAF,fearful,fearful,OAF_goal_fear,OAF_goal_fear.wav,train
C:\Users\34722\OneDrive\Escritorio\TFG\Reconocimiento emociones audio\RavdessTessSavee\datos_crudos\tess\TESS Toronto emotional speech set data\OAF_Fear\OAF_good_fear.wav,TESS,OAF,fearful,fearful,OAF_good_fear,OAF_good_fear.wav,train
C:\Users\34722\OneDrive\Escritorio\TFG\Reconocimiento emociones audio\RavdessTessSavee\datos_crudos\tess\TESS Toronto emotional speech set data\OAF_Fear\OAF_goose_fear.wav,TESS,OAF,fearful,fearful,OAF_goose_fear,OAF_goose_fear.wav,train
C:\Users\34722\OneDrive\Escritorio\TFG\Reconocimiento emociones audio\RavdessTessSavee\datos_crudos\tess\TESS Toronto emotional speech set data\OAF_Fear\OAF_gun_fear.wav,TESS,OAF,fearful,fearful,OAF_gun_fear,OAF_gun_fear.wav,train
C:\Users\34722\OneDrive\Escritorio\TFG\Reconocimiento emociones audio\RavdessTessSavee\datos_crudos\tess\TESS Toronto emotional speech set data\OAF_Fear\OAF_half_fear.wav,TESS,OAF,fearful,fearful,OAF_half_fear,OAF_half_fear.wav,train
C:\Users\34722\OneDrive\Escritorio\TFG\Reconocimiento emociones audio\RavdessTessSavee\datos_crudos\tess\TESS Toronto emotional speech set data\OAF_Fear\OAF_hall_fear.wav,TESS,OAF,fearful,fearful,OAF_hall_fear,OAF_hall_fear.wav,train
C:\Users\34722\OneDrive\Escritorio\TFG\Reconocimiento emociones audio\RavdessTessSavee\datos_crudos\tess\TESS Toronto emotional speech set data\OAF_Fear\OAF_hash_fear.wav,TESS,OAF,fearful,fearful,OAF_hash_fear,OAF_hash_fear.wav,valid
C:\Users\34722\OneDrive\Escritorio\TFG\Reconocimiento emociones audio\RavdessTessSavee\datos_crudos\tess\TESS Toronto emotional speech set data\OAF_Fear\OAF_hate_fear.wav,TESS,OAF,fearful,fearful,OAF_hate_fear,OAF_hate_fear.wav,test
C:\Users\34722\OneDrive\Escritorio\TFG\Reconocimiento emociones audio\RavdessTessSavee\datos_crudos\tess\TESS Toronto emotional speech set data\OAF_Fear\OAF_have_fear.wav,TESS,OAF,fearful,fearful,OAF_have_fear,OAF_have_fear.wav,train
C:\Users\34722\OneDrive\Escritorio\TFG\Reconocimiento emociones audio\RavdessTessSavee\datos_crudos\tess\TESS Toronto emotional speech set data\OAF_Fear\OAF_haze_fear.wav,TESS,OAF,fearful,fearful,OAF_haze_fear,OAF_haze_fear.wav,train
C:\Users\34722\OneDrive\Escritorio\TFG\Reconocimiento emociones audio\RavdessTessSavee\datos_crudos\tess\TESS Toronto emotional speech set data\OAF_Fear\OAF_hire_fear.wav,TESS,OAF,fearful,fearful,OAF_hire_fear,OAF_hire_fear.wav,test
C:\Users\34722\OneDrive\Escritorio\TFG\Reconocimiento emociones audio\RavdessTessSavee\datos_crudos\tess\TESS Toronto emotional speech set data\OAF_Fear\OAF_hit_fear.wav,TESS,OAF,fearful,fearful,OAF_hit_fear,OAF_hit_fear.wav,train
C:\Users\34722\OneDrive\Escritorio\TFG\Reconocimiento emociones audio\RavdessTessSavee\datos_crudos\tess\TESS Toronto emotional speech set data\OAF_Fear\OAF_hole_fear.wav,TESS,OAF,fearful,fearful,OAF_hole_fear,OAF_hole_fear.wav,train
C:\Users\34722\OneDrive\Escritorio\TFG\Reconocimiento emociones audio\RavdessTessSavee\datos_crudos\tess\TESS Toronto emotional speech set data\OAF_Fear\OAF_home_fear.wav,TESS,OAF,fearful,fearful,OAF_home_fear,OAF_home_fear.wav,train
C:\Users\34722\OneDrive\Escritorio\TFG\Reconocimiento emociones audio\RavdessTessSavee\datos_crudos\tess\TESS Toronto emotional speech set data\OAF_Fear\OAF_hurl_fear.wav,TESS,OAF,fearful,fearful,OAF_hurl_fear,OAF_hurl_fear.wav,train
C:\Users\34722\OneDrive\Escritorio\TFG\Reconocimiento emociones audio\RavdessTessSavee\datos_crudos\tess\TESS Toronto emotional speech set data\OAF_Fear\OAF_hush_fear.wav,TESS,OAF,fearful,fearful,OAF_hush_fear,OAF_hush_fear.wav,train
C:\Users\34722\OneDrive\Escritorio\TFG\Reconocimiento emociones audio\RavdessTessSavee\datos_crudos\tess\TESS Toronto emotional speech set data\OAF_Fear\OAF_jail_fear.wav,TESS,OAF,fearful,fearful,OAF_jail_fear,OAF_jail_fear.wav,test
C:\Users\34722\OneDrive\Escritorio\TFG\Reconocimiento emociones audio\RavdessTessSavee\datos_crudos\tess\TESS Toronto emotional speech set data\OAF_Fear\OAF_jar_fear.wav,TESS,OAF,fearful,fearful,OAF_jar_fear,OAF_jar_fear.wav,train
C:\Users\34722\OneDrive\Escritorio\TFG\Reconocimiento emociones audio\RavdessTessSavee\datos_crudos\tess\TESS Toronto emotional speech set data\OAF_Fear\OAF_join_fear.wav,TESS,OAF,fearful,fearful,OAF_join_fear,OAF_join_fear.wav,train
C:\Users\34722\OneDrive\Escritorio\TFG\Reconocimiento emociones audio\RavdessTessSavee\datos_crudos\tess\TESS Toronto emotional speech set data\OAF_Fear\OAF_judge_fear.wav,TESS,OAF,fearful,fearful,OAF_judge_fear,OAF_judge_fear.wav,train
C:\Users\34722\OneDrive\Escritorio\TFG\Reconocimiento emociones audio\RavdessTessSavee\datos_crudos\tess\TESS Toronto emotional speech set data\OAF_Fear\OAF_jug_fear.wav,TESS,OAF,fearful,fearful,OAF_jug_fear,OAF_jug_fear.wav,train
C:\Users\34722\OneDrive\Escritorio\TFG\Reconocimiento emociones audio\RavdessTessSavee\datos_crudos\tess\TESS Toronto emotional speech set data\OAF_Fear\OAF_juice_fear.wav,TESS,OAF,fearful,fearful,OAF_juice_fear,OAF_juice_fear.wav,train
C:\Users\34722\OneDrive\Escritorio\TFG\Reconocimiento emociones audio\RavdessTessSavee\datos_crudos\tess\TESS Toronto emotional speech set data\OAF_Fear\OAF_keen_fear.wav,TESS,OAF,fearful,fearful,OAF_keen_fear,OAF_keen_fear.wav,train
C:\Users\34722\OneDrive\Escritorio\TFG\Reconocimiento emociones audio\RavdessTessSavee\datos_crudos\tess\TESS Toronto emotional speech set data\OAF_Fear\OAF_keep_fear.wav,TESS,OAF,fearful,fearful,OAF_keep_fear,OAF_keep_fear.wav,train
C:\Users\34722\OneDrive\Escritorio\TFG\Reconocimiento emociones audio\RavdessTessSavee\datos_crudos\tess\TESS Toronto emotional speech set data\OAF_Fear\OAF_keg_fear.wav,TESS,OAF,fearful,fearful,OAF_keg_fear,OAF_keg_fear.wav,train
C:\Users\34722\OneDrive\Escritorio\TFG\Reconocimiento emociones audio\RavdessTessSavee\datos_crudos\tess\TESS Toronto emotional speech set data\OAF_Fear\OAF_kick_fear.wav,TESS,OAF,fearful,fearful,OAF_kick_fear,OAF_kick_fear.wav,train
C:\Users\34722\OneDrive\Escritorio\TFG\Reconocimiento emociones audio\RavdessTessSavee\datos_crudos\tess\TESS Toronto emotional speech set data\OAF_Fear\OAF_kill_fear.wav,TESS,OAF,fearful,fearful,OAF_kill_fear,OAF_kill_fear.wav,train
C:\Users\34722\OneDrive\Escritorio\TFG\Reconocimiento emociones audio\RavdessTessSavee\datos_crudos\tess\TESS Toronto emotional speech set data\OAF_Fear\OAF_king_fear.wav,TESS,OAF,fearful,fearful,OAF_king_fear,OAF_king_fear.wav,train
C:\Users\34722\OneDrive\Escritorio\TFG\Reconocimiento emociones audio\RavdessTessSavee\datos_crudos\tess\TESS Toronto emotional speech set data\OAF_Fear\OAF_kite_fear.wav,TESS,OAF,fearful,fearful,OAF_kite_fear,OAF_kite_fear.wav,train
C:\Users\34722\OneDrive\Escritorio\TFG\Reconocimiento emociones audio\RavdessTessSavee\datos_crudos\tess\TESS Toronto emotional speech set data\OAF_Fear\OAF_knock_fear.wav,TESS,OAF,fearful,fearful,OAF_knock_fear,OAF_knock_fear.wav,train
C:\Users\34722\OneDrive\Escritorio\TFG\Reconocimiento emociones audio\RavdessTessSavee\datos_crudos\tess\TESS Toronto emotional speech set data\OAF_Fear\OAF_late_fear.wav,TESS,OAF,fearful,fearful,OAF_late_fear,OAF_late_fear.wav,train
C:\Users\34722\OneDrive\Escritorio\TFG\Reconocimiento emociones audio\RavdessTessSavee\datos_crudos\tess\TESS Toronto emotional speech set data\OAF_Fear\OAF_laud_fear.wav,TESS,OAF,fearful,fearful,OAF_laud_fear,OAF_laud_fear.wav,train
C:\Users\34722\OneDrive\Escritorio\TFG\Reconocimiento emociones audio\RavdessTessSavee\datos_crudos\tess\TESS Toronto emotional speech set data\OAF_Fear\OAF_lean_fear.wav,TESS,OAF,fearful,fearful,OAF_lean_fear,OAF_lean_fear.wav,train
C:\Users\34722\OneDrive\Escritorio\TFG\Reconocimiento emociones audio\RavdessTessSavee\datos_crudos\tess\TESS Toronto emotional speech set data\OAF_Fear\OAF_learn_fear.wav,TESS,OAF,fearful,fearful,OAF_learn_fear,OAF_learn_fear.wav,test
C:\Users\34722\OneDrive\Escritorio\TFG\Reconocimiento emociones audio\RavdessTessSavee\datos_crudos\tess\TESS Toronto emotional speech set data\OAF_Fear\OAF_lease_fear.wav,TESS,OAF,fearful,fearful,OAF_lease_fear,OAF_lease_fear.wav,train
C:\Users\34722\OneDrive\Escritorio\TFG\Reconocimiento emociones audio\RavdessTessSavee\datos_crudos\tess\TESS Toronto emotional speech set data\OAF_Fear\OAF_lid_fear.wav,TESS,OAF,fearful,fearful,OAF_lid_fear,OAF_lid_fear.wav,train
C:\Users\34722\OneDrive\Escritorio\TFG\Reconocimiento emociones audio\RavdessTessSavee\datos_crudos\tess\TESS Toronto emotional speech set data\OAF_Fear\OAF_life_fear.wav,TESS,OAF,fearful,fearful,OAF_life_fear,OAF_life_fear.wav,train
C:\Users\34722\OneDrive\Escritorio\TFG\Reconocimiento emociones audio\RavdessTessSavee\datos_crudos\tess\TESS Toronto emotional speech set data\OAF_Fear\OAF_limb_fear.wav,TESS,OAF,fearful,fearful,OAF_limb_fear,OAF_limb_fear.wav,train
C:\Users\34722\OneDrive\Escritorio\TFG\Reconocimiento emociones audio\RavdessTessSavee\datos_crudos\tess\TESS Toronto emotional speech set data\OAF_Fear\OAF_live_fear.wav,TESS,OAF,fearful,fearful,OAF_live_fear,OAF_live_fear.wav,valid
C:\Users\34722\OneDrive\Escritorio\TFG\Reconocimiento emociones audio\RavdessTessSavee\datos_crudos\tess\TESS Toronto emotional speech set data\OAF_Fear\OAF_loaf_fear.wav,TESS,OAF,fearful,fearful,OAF_loaf_fear,OAF_loaf_fear.wav,train
C:\Users\34722\OneDrive\Escritorio\TFG\Reconocimiento emociones audio\RavdessTessSavee\datos_crudos\tess\TESS Toronto emotional speech set data\OAF_Fear\OAF_long_fear.wav,TESS,OAF,fearful,fearful,OAF_long_fear,OAF_long_fear.wav,train
C:\Users\34722\OneDrive\Escritorio\TFG\Reconocimiento emociones audio\RavdessTessSavee\datos_crudos\tess\TESS Toronto emotional speech set data\OAF_Fear\OAF_lore_fear.wav,TESS,OAF,fearful,fearful,OAF_lore_fear,OAF_lore_fear.wav,train
C:\Users\34722\OneDrive\Escritorio\TFG\Reconocimiento emociones audio\RavdessTessSavee\datos_crudos\tess\TESS Toronto emotional speech set data\OAF_Fear\OAF_lose_fear.wav,TESS,OAF,fearful,fearful,OAF_lose_fear,OAF_lose_fear.wav,train
C:\Users\34722\OneDrive\Escritorio\TFG\Reconocimiento emociones audio\RavdessTessSavee\datos_crudos\tess\TESS Toronto emotional speech set data\OAF_Fear\OAF_lot_fear.wav,TESS,OAF,fearful,fearful,OAF_lot_fear,OAF_lot_fear.wav,train
C:\Users\34722\OneDrive\Escritorio\TFG\Reconocimiento emociones audio\RavdessTessSavee\datos_crudos\tess\TESS Toronto emotional speech set data\OAF_Fear\OAF_love_fear.wav,TESS,OAF,fearful,fearful,OAF_love_fear,OAF_love_fear.wav,train
C:\Users\34722\OneDrive\Escritorio\TFG\Reconocimiento emociones audio\RavdessTessSavee\datos_crudos\tess\TESS Toronto emotional speech set data\OAF_Fear\OAF_luck_fear.wav,TESS,OAF,fearful,fearful,OAF_luck_fear,OAF_luck_fear.wav,train
C:\Users\34722\OneDrive\Escritorio\TFG\Reconocimiento emociones audio\RavdessTessSavee\datos_crudos\tess\TESS Toronto emotional speech set data\OAF_Fear\OAF_make_fear.wav,TESS,OAF,fearful,fearful,OAF_make_fear,OAF_make_fear.wav,train
C:\Users\34722\OneDrive\Escritorio\TFG\Reconocimiento emociones audio\RavdessTessSavee\datos_crudos\tess\TESS Toronto emotional speech set data\OAF_Fear\OAF_match_fear.wav,TESS,OAF,fearful,fearful,OAF_match_fear,OAF_match_fear.wav,valid
C:\Users\34722\OneDrive\Escritorio\TFG\Reconocimiento emociones audio\RavdessTessSavee\datos_crudos\tess\TESS Toronto emotional speech set data\OAF_Fear\OAF_merge_fear.wav,TESS,OAF,fearful,fearful,OAF_merge_fear,OAF_merge_fear.wav,train
C:\Users\34722\OneDrive\Escritorio\TFG\Reconocimiento emociones audio\RavdessTessSavee\datos_crudos\tess\TESS Toronto emotional speech set data\OAF_Fear\OAF_mess_fear.wav,TESS,OAF,fearful,fearful,OAF_mess_fear,OAF_mess_fear.wav,train
C:\Users\34722\OneDrive\Escritorio\TFG\Reconocimiento emociones audio\RavdessTessSavee\datos_crudos\tess\TESS Toronto emotional speech set data\OAF_Fear\OAF_met_fear.wav,TESS,OAF,fearful,fearful,OAF_met_fear,OAF_met_fear.wav,train
C:\Users\34722\OneDrive\Escritorio\TFG\Reconocimiento emociones audio\RavdessTessSavee\datos_crudos\tess\TESS Toronto emotional speech set data\OAF_Fear\OAF_mill_fear.wav,TESS,OAF,fearful,fearful,OAF_mill_fear,OAF_mill_fear.wav,train
C:\Users\34722\OneDrive\Escritorio\TFG\Reconocimiento emociones audio\RavdessTessSavee\datos_crudos\tess\TESS Toronto emotional speech set data\OAF_Fear\OAF_mob_fear.wav,TESS,OAF,fearful,fearful,OAF_mob_fear,OAF_mob_fear.wav,test
C:\Users\34722\OneDrive\Escritorio\TFG\Reconocimiento emociones audio\RavdessTessSavee\datos_crudos\tess\TESS Toronto emotional speech set data\OAF_Fear\OAF_mode_fear.wav,TESS,OAF,fearful,fearful,OAF_mode_fear,OAF_mode_fear.wav,train
C:\Users\34722\OneDrive\Escritorio\TFG\Reconocimiento emociones audio\RavdessTessSavee\datos_crudos\tess\TESS Toronto emotional speech set data\OAF_Fear\OAF_mood_fear.wav,TESS,OAF,fearful,fearful,OAF_mood_fear,OAF_mood_fear.wav,train
C:\Users\34722\OneDrive\Escritorio\TFG\Reconocimiento emociones audio\RavdessTessSavee\datos_crudos\tess\TESS Toronto emotional speech set data\OAF_Fear\OAF_moon_fear.wav,TESS,OAF,fearful,fearful,OAF_moon_fear,OAF_moon_fear.wav,train
C:\Users\34722\OneDrive\Escritorio\TFG\Reconocimiento emociones audio\RavdessTessSavee\datos_crudos\tess\TESS Toronto emotional speech set data\OAF_Fear\OAF_mop_fear.wav,TESS,OAF,fearful,fearful,OAF_mop_fear,OAF_mop_fear.wav,test
C:\Users\34722\OneDrive\Escritorio\TFG\Reconocimiento emociones audio\RavdessTessSavee\datos_crudos\tess\TESS Toronto emotional speech set data\OAF_Fear\OAF_mouse_fear.wav,TESS,OAF,fearful,fearful,OAF_mouse_fear,OAF_mouse_fear.wav,train
C:\Users\34722\OneDrive\Escritorio\TFG\Reconocimiento emociones audio\RavdessTessSavee\datos_crudos\tess\TESS Toronto emotional speech set data\OAF_Fear\OAF_nag_fear.wav,TESS,OAF,fearful,fearful,OAF_nag_fear,OAF_nag_fear.wav,train
C:\Users\34722\OneDrive\Escritorio\TFG\Reconocimiento emociones audio\RavdessTessSavee\datos_crudos\tess\TESS Toronto emotional speech set data\OAF_Fear\OAF_name_fear.wav,TESS,OAF,fearful,fearful,OAF_name_fear,OAF_name_fear.wav,test
C:\Users\34722\OneDrive\Escritorio\TFG\Reconocimiento emociones audio\RavdessTessSavee\datos_crudos\tess\TESS Toronto emotional speech set data\OAF_Fear\OAF_near_fear.wav,TESS,OAF,fearful,fearful,OAF_near_fear,OAF_near_fear.wav,train
C:\Users\34722\OneDrive\Escritorio\TFG\Reconocimiento emociones audio\RavdessTessSavee\datos_crudos\tess\TESS Toronto emotional speech set data\OAF_Fear\OAF_neat_fear.wav,TESS,OAF,fearful,fearful,OAF_neat_fear,OAF_neat_fear.wav,train
C:\Users\34722\OneDrive\Escritorio\TFG\Reconocimiento emociones audio\RavdessTessSavee\datos_crudos\tess\TESS Toronto emotional speech set data\OAF_Fear\OAF_nice_fear.wav,TESS,OAF,fearful,fearful,OAF_nice_fear,OAF_nice_fear.wav,test
C:\Users\34722\OneDrive\Escritorio\TFG\Reconocimiento emociones audio\RavdessTessSavee\datos_crudos\tess\TESS Toronto emotional speech set data\OAF_Fear\OAF_note_fear.wav,TESS,OAF,fearful,fearful,OAF_note_fear,OAF_note_fear.wav,test
C:\Users\34722\OneDrive\Escritorio\TFG\Reconocimiento emociones audio\RavdessTessSavee\datos_crudos\tess\TESS Toronto emotional speech set data\OAF_Fear\OAF_numb_fear.wav,TESS,OAF,fearful,fearful,OAF_numb_fear,OAF_numb_fear.wav,valid
C:\Users\34722\OneDrive\Escritorio\TFG\Reconocimiento emociones audio\RavdessTessSavee\datos_crudos\tess\TESS Toronto emotional speech set data\OAF_Fear\OAF_pad_fear.wav,TESS,OAF,fearful,fearful,OAF_pad_fear,OAF_pad_fear.wav,train
C:\Users\34722\OneDrive\Escritorio\TFG\Reconocimiento emociones audio\RavdessTessSavee\datos_crudos\tess\TESS Toronto emotional speech set data\OAF_Fear\OAF_page_fear.wav,TESS,OAF,fearful,fearful,OAF_page_fear,OAF_page_fear.wav,train
C:\Users\34722\OneDrive\Escritorio\TFG\Reconocimiento emociones audio\RavdessTessSavee\datos_crudos\tess\TESS Toronto emotional speech set data\OAF_Fear\OAF_pain_fear.wav,TESS,OAF,fearful,fearful,OAF_pain_fear,OAF_pain_fear.wav,train
C:\Users\34722\OneDrive\Escritorio\TFG\Reconocimiento emociones audio\RavdessTessSavee\datos_crudos\tess\TESS Toronto emotional speech set data\OAF_Fear\OAF_pass_fear.wav,TESS,OAF,fearful,fearful,OAF_pass_fear,OAF_pass_fear.wav,train
C:\Users\34722\OneDrive\Escritorio\TFG\Reconocimiento emociones audio\RavdessTessSavee\datos_crudos\tess\TESS Toronto emotional speech set data\OAF_Fear\OAF_pearl_fear.wav,TESS,OAF,fearful,fearful,OAF_pearl_fear,OAF_pearl_fear.wav,valid
C:\Users\34722\OneDrive\Escritorio\TFG\Reconocimiento emociones audio\RavdessTessSavee\datos_crudos\tess\TESS Toronto emotional speech set data\OAF_Fear\OAF_peg_fear.wav,TESS,OAF,fearful,fearful,OAF_peg_fear,OAF_peg_fear.wav,train
C:\Users\34722\OneDrive\Escritorio\TFG\Reconocimiento emociones audio\RavdessTessSavee\datos_crudos\tess\TESS Toronto emotional speech set data\OAF_Fear\OAF_perch_fear.wav,TESS,OAF,fearful,fearful,OAF_perch_fear,OAF_perch_fear.wav,valid
C:\Users\34722\OneDrive\Escritorio\TFG\Reconocimiento emociones audio\RavdessTessSavee\datos_crudos\tess\TESS Toronto emotional speech set data\OAF_Fear\OAF_phone_fear.wav,TESS,OAF,fearful,fearful,OAF_phone_fear,OAF_phone_fear.wav,train
C:\Users\34722\OneDrive\Escritorio\TFG\Reconocimiento emociones audio\RavdessTessSavee\datos_crudos\tess\TESS Toronto emotional speech set data\OAF_Fear\OAF_pick_fear.wav,TESS,OAF,fearful,fearful,OAF_pick_fear,OAF_pick_fear.wav,train
C:\Users\34722\OneDrive\Escritorio\TFG\Reconocimiento emociones audio\RavdessTessSavee\datos_crudos\tess\TESS Toronto emotional speech set data\OAF_Fear\OAF_pike_fear.wav,TESS,OAF,fearful,fearful,OAF_pike_fear,OAF_pike_fear.wav,train
C:\Users\34722\OneDrive\Escritorio\TFG\Reconocimiento emociones audio\RavdessTessSavee\datos_crudos\tess\TESS Toronto emotional speech set data\OAF_Fear\OAF_pole_fear.wav,TESS,OAF,fearful,fearful,OAF_pole_fear,OAF_pole_fear.wav,train
C:\Users\34722\OneDrive\Escritorio\TFG\Reconocimiento emociones audio\RavdessTessSavee\datos_crudos\tess\TESS Toronto emotional speech set data\OAF_Fear\OAF_pool_fear.wav,TESS,OAF,fearful,fearful,OAF_pool_fear,OAF_pool_fear.wav,train
C:\Users\34722\OneDrive\Escritorio\TFG\Reconocimiento emociones audio\RavdessTessSavee\datos_crudos\tess\TESS Toronto emotional speech set data\OAF_Fear\OAF_puff_fear.wav,TESS,OAF,fearful,fearful,OAF_puff_fear,OAF_puff_fear.wav,train
C:\Users\34722\OneDrive\Escritorio\TFG\Reconocimiento emociones audio\RavdessTessSavee\datos_crudos\tess\TESS Toronto emotional speech set data\OAF_Fear\OAF_rag_fear.wav,TESS,OAF,fearful,fearful,OAF_rag_fear,OAF_rag_fear.wav,train
C:\Users\34722\OneDrive\Escritorio\TFG\Reconocimiento emociones audio\RavdessTessSavee\datos_crudos\tess\TESS Toronto emotional speech set data\OAF_Fear\OAF_raid_fear.wav,TESS,OAF,fearful,fearful,OAF_raid_fear,OAF_raid_fear.wav,train
C:\Users\34722\OneDrive\Escritorio\TFG\Reconocimiento emociones audio\RavdessTessSavee\datos_crudos\tess\TESS Toronto emotional speech set data\OAF_Fear\OAF_rain_fear.wav,TESS,OAF,fearful,fearful,OAF_rain_fear,OAF_rain_fear.wav,train
C:\Users\34722\OneDrive\Escritorio\TFG\Reconocimiento emociones audio\RavdessTessSavee\datos_crudos\tess\TESS Toronto emotional speech set data\OAF_Fear\OAF_raise_fear.wav,TESS,OAF,fearful,fearful,OAF_raise_fear,OAF_raise_fear.wav,train
C:\Users\34722\OneDrive\Escritorio\TFG\Reconocimiento emociones audio\RavdessTessSavee\datos_crudos\tess\TESS Toronto emotional speech set data\OAF_Fear\OAF_rat_fear.wav,TESS,OAF,fearful,fearful,OAF_rat_fear,OAF_rat_fear.wav,train
C:\Users\34722\OneDrive\Escritorio\TFG\Reconocimiento emociones audio\RavdessTessSavee\datos_crudos\tess\TESS Toronto emotional speech set data\OAF_Fear\OAF_reach_fear.wav,TESS,OAF,fearful,fearful,OAF_reach_fear,OAF_reach_fear.wav,train
C:\Users\34722\OneDrive\Escritorio\TFG\Reconocimiento emociones audio\RavdessTessSavee\datos_crudos\tess\TESS Toronto emotional speech set data\OAF_Fear\OAF_read_fear.wav,TESS,OAF,fearful,fearful,OAF_read_fear,OAF_read_fear.wav,train
C:\Users\34722\OneDrive\Escritorio\TFG\Reconocimiento emociones audio\RavdessTessSavee\datos_crudos\tess\TESS Toronto emotional speech set data\OAF_Fear\OAF_red_fear.wav,TESS,OAF,fearful,fearful,OAF_red_fear,OAF_red_fear.wav,train
C:\Users\34722\OneDrive\Escritorio\TFG\Reconocimiento emociones audio\RavdessTessSavee\datos_crudos\tess\TESS Toronto emotional speech set data\OAF_Fear\OAF_ring_fear.wav,TESS,OAF,fearful,fearful,OAF_ring_fear,OAF_ring_fear.wav,train
C:\Users\34722\OneDrive\Escritorio\TFG\Reconocimiento emociones audio\RavdessTessSavee\datos_crudos\tess\TESS Toronto emotional speech set data\OAF_Fear\OAF_ripe_fear.wav,TESS,OAF,fearful,fearful,OAF_ripe_fear,OAF_ripe_fear.wav,train
C:\Users\34722\OneDrive\Escritorio\TFG\Reconocimiento emociones audio\RavdessTessSavee\datos_crudos\tess\TESS Toronto emotional speech set data\OAF_Fear\OAF_road_fear.wav,TESS,OAF,fearful,fearful,OAF_road_fear,OAF_road_fear.wav,train
C:\Users\34722\OneDrive\Escritorio\TFG\Reconocimiento emociones audio\RavdessTessSavee\datos_crudos\tess\TESS Toronto emotional speech set data\OAF_Fear\OAF_room_fear.wav,TESS,OAF,fearful,fearful,OAF_room_fear,OAF_room_fear.wav,train
C:\Users\34722\OneDrive\Escritorio\TFG\Reconocimiento emociones audio\RavdessTessSavee\datos_crudos\tess\TESS Toronto emotional speech set data\OAF_Fear\OAF_rose_fear.wav,TESS,OAF,fearful,fearful,OAF_rose_fear,OAF_rose_fear.wav,train
C:\Users\34722\OneDrive\Escritorio\TFG\Reconocimiento emociones audio\RavdessTessSavee\datos_crudos\tess\TESS Toronto emotional speech set data\OAF_Fear\OAF_rot_fear.wav,TESS,OAF,fearful,fearful,OAF_rot_fear,OAF_rot_fear.wav,test
C:\Users\34722\OneDrive\Escritorio\TFG\Reconocimiento emociones audio\RavdessTessSavee\datos_crudos\tess\TESS Toronto emotional speech set data\OAF_Fear\OAF_rough_fear.wav,TESS,OAF,fearful,fearful,OAF_rough_fear,OAF_rough_fear.wav,train
C:\Users\34722\OneDrive\Escritorio\TFG\Reconocimiento emociones audio\RavdessTessSavee\datos_crudos\tess\TESS Toronto emotional speech set data\OAF_Fear\OAF_rush_fear.wav,TESS,OAF,fearful,fearful,OAF_rush_fear,OAF_rush_fear.wav,test
C:\Users\34722\OneDrive\Escritorio\TFG\Reconocimiento emociones audio\RavdessTessSavee\datos_crudos\tess\TESS Toronto emotional speech set data\OAF_Fear\OAF_said_fear.wav,TESS,OAF,fearful,fearful,OAF_said_fear,OAF_said_fear.wav,train
C:\Users\34722\OneDrive\Escritorio\TFG\Reconocimiento emociones audio\RavdessTessSavee\datos_crudos\tess\TESS Toronto emotional speech set data\OAF_Fear\OAF_sail_fear.wav,TESS,OAF,fearful,fearful,OAF_sail_fear,OAF_sail_fear.wav,valid
C:\Users\34722\OneDrive\Escritorio\TFG\Reconocimiento emociones audio\RavdessTessSavee\datos_crudos\tess\TESS Toronto emotional speech set data\OAF_Fear\OAF_search_fear.wav,TESS,OAF,fearful,fearful,OAF_search_fear,OAF_search_fear.wav,valid
C:\Users\34722\OneDrive\Escritorio\TFG\Reconocimiento emociones audio\RavdessTessSavee\datos_crudos\tess\TESS Toronto emotional speech set data\OAF_Fear\OAF_seize_fear.wav,TESS,OAF,fearful,fearful,OAF_seize_fear,OAF_seize_fear.wav,valid
C:\Users\34722\OneDrive\Escritorio\TFG\Reconocimiento emociones audio\RavdessTessSavee\datos_crudos\tess\TESS Toronto emotional speech set data\OAF_Fear\OAF_sell_fear.wav,TESS,OAF,fearful,fearful,OAF_sell_fear,OAF_sell_fear.wav,valid
C:\Users\34722\OneDrive\Escritorio\TFG\Reconocimiento emociones audio\RavdessTessSavee\datos_crudos\tess\TESS Toronto emotional speech set data\OAF_Fear\OAF_shack_fear.wav,TESS,OAF,fearful,fearful,OAF_shack_fear,OAF_shack_fear.wav,train
C:\Users\34722\OneDrive\Escritorio\TFG\Reconocimiento emociones audio\RavdessTessSavee\datos_crudos\tess\TESS Toronto emotional speech set data\OAF_Fear\OAF_shall_fear.wav,TESS,OAF,fearful,fearful,OAF_shall_fear,OAF_shall_fear.wav,train
C:\Users\34722\OneDrive\Escritorio\TFG\Reconocimiento emociones audio\RavdessTessSavee\datos_crudos\tess\TESS Toronto emotional speech set data\OAF_Fear\OAF_shawl_fear.wav,TESS,OAF,fearful,fearful,OAF_shawl_fear,OAF_shawl_fear.wav,valid
C:\Users\34722\OneDrive\Escritorio\TFG\Reconocimiento emociones audio\RavdessTessSavee\datos_crudos\tess\TESS Toronto emotional speech set data\OAF_Fear\OAF_sheep_fear.wav,TESS,OAF,fearful,fearful,OAF_sheep_fear,OAF_sheep_fear.wav,train
C:\Users\34722\OneDrive\Escritorio\TFG\Reconocimiento emociones audio\RavdessTessSavee\datos_crudos\tess\TESS Toronto emotional speech set data\OAF_Fear\OAF_shirt_fear.wav,TESS,OAF,fearful,fearful,OAF_shirt_fear,OAF_shirt_fear.wav,train
C:\Users\34722\OneDrive\Escritorio\TFG\Reconocimiento emociones audio\RavdessTessSavee\datos_crudos\tess\TESS Toronto emotional speech set data\OAF_Fear\OAF_should_fear.wav,TESS,OAF,fearful,fearful,OAF_should_fear,OAF_should_fear.wav,train
C:\Users\34722\OneDrive\Escritorio\TFG\Reconocimiento emociones audio\RavdessTessSavee\datos_crudos\tess\TESS Toronto emotional speech set data\OAF_Fear\OAF_shout_fear.wav,TESS,OAF,fearful,fearful,OAF_shout_fear,OAF_shout_fear.wav,train
C:\Users\34722\OneDrive\Escritorio\TFG\Reconocimiento emociones audio\RavdessTessSavee\datos_crudos\tess\TESS Toronto emotional speech set data\OAF_Fear\OAF_size_fear.wav,TESS,OAF,fearful,fearful,OAF_size_fear,OAF_size_fear.wav,train
C:\Users\34722\OneDrive\Escritorio\TFG\Reconocimiento emociones audio\RavdessTessSavee\datos_crudos\tess\TESS Toronto emotional speech set data\OAF_Fear\OAF_soap_fear.wav,TESS,OAF,fearful,fearful,OAF_soap_fear,OAF_soap_fear.wav,test
C:\Users\34722\OneDrive\Escritorio\TFG\Reconocimiento emociones audio\RavdessTessSavee\datos_crudos\tess\TESS Toronto emotional speech set data\OAF_Fear\OAF_soup_fear.wav,TESS,OAF,fearful,fearful,OAF_soup_fear,OAF_soup_fear.wav,train
C:\Users\34722\OneDrive\Escritorio\TFG\Reconocimiento emociones audio\RavdessTessSavee\datos_crudos\tess\TESS Toronto emotional speech set data\OAF_Fear\OAF_sour_fear.wav,TESS,OAF,fearful,fearful,OAF_sour_fear,OAF_sour_fear.wav,valid
C:\Users\34722\OneDrive\Escritorio\TFG\Reconocimiento emociones audio\RavdessTessSavee\datos_crudos\tess\TESS Toronto emotional speech set data\OAF_Fear\OAF_south_fear.wav,TESS,OAF,fearful,fearful,OAF_south_fear,OAF_south_fear.wav,valid
C:\Users\34722\OneDrive\Escritorio\TFG\Reconocimiento emociones audio\RavdessTessSavee\datos_crudos\tess\TESS Toronto emotional speech set data\OAF_Fear\OAF_sub_fear.wav,TESS,OAF,fearful,fearful,OAF_sub_fear,OAF_sub_fear.wav,train
C:\Users\34722\OneDrive\Escritorio\TFG\Reconocimiento emociones audio\RavdessTessSavee\datos_crudos\tess\TESS Toronto emotional speech set data\OAF_Fear\OAF_such_fear.wav,TESS,OAF,fearful,fearful,OAF_such_fear,OAF_such_fear.wav,valid
C:\Users\34722\OneDrive\Escritorio\TFG\Reconocimiento emociones audio\RavdessTessSavee\datos_crudos\tess\TESS Toronto emotional speech set data\OAF_Fear\OAF_sure_fear.wav,TESS,OAF,fearful,fearful,OAF_sure_fear,OAF_sure_fear.wav,train
C:\Users\34722\OneDrive\Escritorio\TFG\Reconocimiento emociones audio\RavdessTessSavee\datos_crudos\tess\TESS Toronto emotional speech set data\OAF_Fear\OAF_take_fear.wav,TESS,OAF,fearful,fearful,OAF_take_fear,OAF_take_fear.wav,test
C:\Users\34722\OneDrive\Escritorio\TFG\Reconocimiento emociones audio\RavdessTessSavee\datos_crudos\tess\TESS Toronto emotional speech set data\OAF_Fear\OAF_talk_fear.wav,TESS,OAF,fearful,fearful,OAF_talk_fear,OAF_talk_fear.wav,train
C:\Users\34722\OneDrive\Escritorio\TFG\Reconocimiento emociones audio\RavdessTessSavee\datos_crudos\tess\TESS Toronto emotional speech set data\OAF_Fear\OAF_tape_fear.wav,TESS,OAF,fearful,fearful,OAF_tape_fear,OAF_tape_fear.wav,test
C:\Users\34722\OneDrive\Escritorio\TFG\Reconocimiento emociones audio\RavdessTessSavee\datos_crudos\tess\TESS Toronto emotional speech set data\OAF_Fear\OAF_team_fear.wav,TESS,OAF,fearful,fearful,OAF_team_fear,OAF_team_fear.wav,train
C:\Users\34722\OneDrive\Escritorio\TFG\Reconocimiento emociones audio\RavdessTessSavee\datos_crudos\tess\TESS Toronto emotional speech set data\OAF_Fear\OAF_tell_fear.wav,TESS,OAF,fearful,fearful,OAF_tell_fear,OAF_tell_fear.wav,train
C:\Users\34722\OneDrive\Escritorio\TFG\Reconocimiento emociones audio\RavdessTessSavee\datos_crudos\tess\TESS Toronto emotional speech set data\OAF_Fear\OAF_thin_fear.wav,TESS,OAF,fearful,fearful,OAF_thin_fear,OAF_thin_fear.wav,train
C:\Users\34722\OneDrive\Escritorio\TFG\Reconocimiento emociones audio\RavdessTessSavee\datos_crudos\tess\TESS Toronto emotional speech set data\OAF_Fear\OAF_third_fear.wav,TESS,OAF,fearful,fearful,OAF_third_fear,OAF_third_fear.wav,test
C:\Users\34722\OneDrive\Escritorio\TFG\Reconocimiento emociones audio\RavdessTessSavee\datos_crudos\tess\TESS Toronto emotional speech set data\OAF_Fear\OAF_thought_fear.wav,TESS,OAF,fearful,fearful,OAF_thought_fear,OAF_thought_fear.wav,train
C:\Users\34722\OneDrive\Escritorio\TFG\Reconocimiento emociones audio\RavdessTessSavee\datos_crudos\tess\TESS Toronto emotional speech set data\OAF_Fear\OAF_thumb_fear.wav,TESS,OAF,fearful,fearful,OAF_thumb_fear,OAF_thumb_fear.wav,train
C:\Users\34722\OneDrive\Escritorio\TFG\Reconocimiento emociones audio\RavdessTessSavee\datos_crudos\tess\TESS Toronto emotional speech set data\OAF_Fear\OAF_time_fear.wav,TESS,OAF,fearful,fearful,OAF_time_fear,OAF_time_fear.wav,train
C:\Users\34722\OneDrive\Escritorio\TFG\Reconocimiento emociones audio\RavdessTessSavee\datos_crudos\tess\TESS Toronto emotional speech set data\OAF_Fear\OAF_tip_fear.wav,TESS,OAF,fearful,fearful,OAF_tip_fear,OAF_tip_fear.wav,train
C:\Users\34722\OneDrive\Escritorio\TFG\Reconocimiento emociones audio\RavdessTessSavee\datos_crudos\tess\TESS Toronto emotional speech set data\OAF_Fear\OAF_tire_fear.wav,TESS,OAF,fearful,fearful,OAF_tire_fear,OAF_tire_fear.wav,test
C:\Users\34722\OneDrive\Escritorio\TFG\Reconocimiento emociones audio\RavdessTessSavee\datos_crudos\tess\TESS Toronto emotional speech set data\OAF_Fear\OAF_ton_fear.wav,TESS,OAF,fearful,fearful,OAF_ton_fear,OAF_ton_fear.wav,test
C:\Users\34722\OneDrive\Escritorio\TFG\Reconocimiento emociones audio\RavdessTessSavee\datos_crudos\tess\TESS Toronto emotional speech set data\OAF_Fear\OAF_tool_fear.wav,TESS,OAF,fearful,fearful,OAF_tool_fear,OAF_tool_fear.wav,valid
C:\Users\34722\OneDrive\Escritorio\TFG\Reconocimiento emociones audio\RavdessTessSavee\datos_crudos\tess\TESS Toronto emotional speech set data\OAF_Fear\OAF_tough_fear.wav,TESS,OAF,fearful,fearful,OAF_tough_fear,OAF_tough_fear.wav,train
C:\Users\34722\OneDrive\Escritorio\TFG\Reconocimiento emociones audio\RavdessTessSavee\datos_crudos\tess\TESS Toronto emotional speech set data\OAF_Fear\OAF_turn_fear.wav,TESS,OAF,fearful,fearful,OAF_turn_fear,OAF_turn_fear.wav,train
C:\Users\34722\OneDrive\Escritorio\TFG\Reconocimiento emociones audio\RavdessTessSavee\datos_crudos\tess\TESS Toronto emotional speech set data\OAF_Fear\OAF_vine_fear.wav,TESS,OAF,fearful,fearful,OAF_vine_fear,OAF_vine_fear.wav,valid
C:\Users\34722\OneDrive\Escritorio\TFG\Reconocimiento emociones audio\RavdessTessSavee\datos_crudos\tess\TESS Toronto emotional speech set data\OAF_Fear\OAF_voice_fear.wav,TESS,OAF,fearful,fearful,OAF_voice_fear,OAF_voice_fear.wav,train
C:\Users\34722\OneDrive\Escritorio\TFG\Reconocimiento emociones audio\RavdessTessSavee\datos_crudos\tess\TESS Toronto emotional speech set data\OAF_Fear\OAF_void_fear.wav,TESS,OAF,fearful,fearful,OAF_void_fear,OAF_void_fear.wav,train
C:\Users\34722\OneDrive\Escritorio\TFG\Reconocimiento emociones audio\RavdessTessSavee\datos_crudos\tess\TESS Toronto emotional speech set data\OAF_Fear\OAF_vote_fear.wav,TESS,OAF,fearful,fearful,OAF_vote_fear,OAF_vote_fear.wav,test
C:\Users\34722\OneDrive\Escritorio\TFG\Reconocimiento emociones audio\RavdessTessSavee\datos_crudos\tess\TESS Toronto emotional speech set data\OAF_Fear\OAF_wag_fear.wav,TESS,OAF,fearful,fearful,OAF_wag_fear,OAF_wag_fear.wav,train
C:\Users\34722\OneDrive\Escritorio\TFG\Reconocimiento emociones audio\RavdessTessSavee\datos_crudos\tess\TESS Toronto emotional speech set data\OAF_Fear\OAF_walk_fear.wav,TESS,OAF,fearful,fearful,OAF_walk_fear,OAF_walk_fear.wav,train
C:\Users\34722\OneDrive\Escritorio\TFG\Reconocimiento emociones audio\RavdessTessSavee\datos_crudos\tess\TESS Toronto emotional speech set data\OAF_Fear\OAF_wash_fear.wav,TESS,OAF,fearful,fearful,OAF_wash_fear,OAF_wash_fear.wav,valid
C:\Users\34722\OneDrive\Escritorio\TFG\Reconocimiento emociones audio\RavdessTessSavee\datos_crudos\tess\TESS Toronto emotional speech set data\OAF_Fear\OAF_week_fear.wav,TESS,OAF,fearful,fearful,OAF_week_fear,OAF_week_fear.wav,valid
C:\Users\34722\OneDrive\Escritorio\TFG\Reconocimiento emociones audio\RavdessTessSavee\datos_crudos\tess\TESS Toronto emotional speech set data\OAF_Fear\OAF_wheat_fear.wav,TESS,OAF,fearful,fearful,OAF_wheat_fear,OAF_wheat_fear.wav,test
C:\Users\34722\OneDrive\Escritorio\TFG\Reconocimiento emociones audio\RavdessTessSavee\datos_crudos\tess\TESS Toronto emotional speech set data\OAF_Fear\OAF_when_fear.wav,TESS,OAF,fearful,fearful,OAF_when_fear,OAF_when_fear.wav,train
C:\Users\34722\OneDrive\Escritorio\TFG\Reconocimiento emociones audio\RavdessTessSavee\datos_crudos\tess\TESS Toronto emotional speech set data\OAF_Fear\OAF_which_fear.wav,TESS,OAF,fearful,fearful,OAF_which_fear,OAF_which_fear.wav,train
C:\Users\34722\OneDrive\Escritorio\TFG\Reconocimiento emociones audio\RavdessTessSavee\datos_crudos\tess\TESS Toronto emotional speech set data\OAF_Fear\OAF_whip_fear.wav,TESS,OAF,fearful,fearful,OAF_whip_fear,OAF_whip_fear.wav,train
C:\Users\34722\OneDrive\Escritorio\TFG\Reconocimiento emociones audio\RavdessTessSavee\datos_crudos\tess\TESS Toronto emotional speech set data\OAF_Fear\OAF_white_fear.wav,TESS,OAF,fearful,fearful,OAF_white_fear,OAF_white_fear.wav,test
C:\Users\34722\OneDrive\Escritorio\TFG\Reconocimiento emociones audio\RavdessTessSavee\datos_crudos\tess\TESS Toronto emotional speech set data\OAF_Fear\OAF_wife_fear.wav,TESS,OAF,fearful,fearful,OAF_wife_fear,OAF_wife_fear.wav,train
C:\Users\34722\OneDrive\Escritorio\TFG\Reconocimiento emociones audio\RavdessTessSavee\datos_crudos\tess\TESS Toronto emotional speech set data\OAF_Fear\OAF_wire_fear.wav,TESS,OAF,fearful,fearful,OAF_wire_fear,OAF_wire_fear.wav,train
C:\Users\34722\OneDrive\Escritorio\TFG\Reconocimiento emociones audio\RavdessTessSavee\datos_crudos\tess\TESS Toronto emotional speech set data\OAF_Fear\OAF_witch_fear.wav,TESS,OAF,fearful,fearful,OAF_witch_fear,OAF_witch_fear.wav,train
C:\Users\34722\OneDrive\Escritorio\TFG\Reconocimiento emociones audio\RavdessTessSavee\datos_crudos\tess\TESS Toronto emotional speech set data\OAF_Fear\OAF_yearn_fear.wav,TESS,OAF,fearful,fearful,OAF_yearn_fear,OAF_yearn_fear.wav,train
C:\Users\34722\OneDrive\Escritorio\TFG\Reconocimiento emociones audio\RavdessTessSavee\datos_crudos\tess\TESS Toronto emotional speech set data\OAF_Fear\OAF_yes_fear.wav,TESS,OAF,fearful,fearful,OAF_yes_fear,OAF_yes_fear.wav,train
C:\Users\34722\OneDrive\Escritorio\TFG\Reconocimiento emociones audio\RavdessTessSavee\datos_crudos\tess\TESS Toronto emotional speech set data\OAF_Fear\OAF_young_fear.wav,TESS,OAF,fearful,fearful,OAF_young_fear,OAF_young_fear.wav,train
C:\Users\34722\OneDrive\Escritorio\TFG\Reconocimiento emociones audio\RavdessTessSavee\datos_crudos\tess\TESS Toronto emotional speech set data\OAF_Fear\OAF_youth_fear.wav,TESS,OAF,fearful,fearful,OAF_youth_fear,OAF_youth_fear.wav,train
C:\Users\34722\OneDrive\Escritorio\TFG\Reconocimiento emociones audio\RavdessTessSavee\datos_crudos\tess\TESS Toronto emotional speech set data\OAF_happy\OAF_back_happy.wav,TESS,OAF,happy,happy,OAF_back_happy,OAF_back_happy.wav,train
C:\Users\34722\OneDrive\Escritorio\TFG\Reconocimiento emociones audio\RavdessTessSavee\datos_crudos\tess\TESS Toronto emotional speech set data\OAF_happy\OAF_bar_happy.wav,TESS,OAF,happy,happy,OAF_bar_happy,OAF_bar_happy.wav,train
C:\Users\34722\OneDrive\Escritorio\TFG\Reconocimiento emociones audio\RavdessTessSavee\datos_crudos\tess\TESS Toronto emotional speech set data\OAF_happy\OAF_base_happy.wav,TESS,OAF,happy,happy,OAF_base_happy,OAF_base_happy.wav,test
C:\Users\34722\OneDrive\Escritorio\TFG\Reconocimiento emociones audio\RavdessTessSavee\datos_crudos\tess\TESS Toronto emotional speech set data\OAF_happy\OAF_bath_happy.wav,TESS,OAF,happy,happy,OAF_bath_happy,OAF_bath_happy.wav,test
C:\Users\34722\OneDrive\Escritorio\TFG\Reconocimiento emociones audio\RavdessTessSavee\datos_crudos\tess\TESS Toronto emotional speech set data\OAF_happy\OAF_bean_happy.wav,TESS,OAF,happy,happy,OAF_bean_happy,OAF_bean_happy.wav,valid
C:\Users\34722\OneDrive\Escritorio\TFG\Reconocimiento emociones audio\RavdessTessSavee\datos_crudos\tess\TESS Toronto emotional speech set data\OAF_happy\OAF_beg_happy.wav,TESS,OAF,happy,happy,OAF_beg_happy,OAF_beg_happy.wav,train
C:\Users\34722\OneDrive\Escritorio\TFG\Reconocimiento emociones audio\RavdessTessSavee\datos_crudos\tess\TESS Toronto emotional speech set data\OAF_happy\OAF_bite_happy.wav,TESS,OAF,happy,happy,OAF_bite_happy,OAF_bite_happy.wav,train
C:\Users\34722\OneDrive\Escritorio\TFG\Reconocimiento emociones audio\RavdessTessSavee\datos_crudos\tess\TESS Toronto emotional speech set data\OAF_happy\OAF_boat_happy.wav,TESS,OAF,happy,happy,OAF_boat_happy,OAF_boat_happy.wav,test
C:\Users\34722\OneDrive\Escritorio\TFG\Reconocimiento emociones audio\RavdessTessSavee\datos_crudos\tess\TESS Toronto emotional speech set data\OAF_happy\OAF_bone_happy.wav,TESS,OAF,happy,happy,OAF_bone_happy,OAF_bone_happy.wav,train
C:\Users\34722\OneDrive\Escritorio\TFG\Reconocimiento emociones audio\RavdessTessSavee\datos_crudos\tess\TESS Toronto emotional speech set data\OAF_happy\OAF_book_happy.wav,TESS,OAF,happy,happy,OAF_book_happy,OAF_book_happy.wav,test
C:\Users\34722\OneDrive\Escritorio\TFG\Reconocimiento emociones audio\RavdessTessSavee\datos_crudos\tess\TESS Toronto emotional speech set data\OAF_happy\OAF_bought_happy.wav,TESS,OAF,happy,happy,OAF_bought_happy,OAF_bought_happy.wav,train
C:\Users\34722\OneDrive\Escritorio\TFG\Reconocimiento emociones audio\RavdessTessSavee\datos_crudos\tess\TESS Toronto emotional speech set data\OAF_happy\OAF_burn_happy.wav,TESS,OAF,happy,happy,OAF_burn_happy,OAF_burn_happy.wav,train
C:\Users\34722\OneDrive\Escritorio\TFG\Reconocimiento emociones audio\RavdessTessSavee\datos_crudos\tess\TESS Toronto emotional speech set data\OAF_happy\OAF_cab_happy.wav,TESS,OAF,happy,happy,OAF_cab_happy,OAF_cab_happy.wav,train
C:\Users\34722\OneDrive\Escritorio\TFG\Reconocimiento emociones audio\RavdessTessSavee\datos_crudos\tess\TESS Toronto emotional speech set data\OAF_happy\OAF_calm_happy.wav,TESS,OAF,happy,happy,OAF_calm_happy,OAF_calm_happy.wav,valid
C:\Users\34722\OneDrive\Escritorio\TFG\Reconocimiento emociones audio\RavdessTessSavee\datos_crudos\tess\TESS Toronto emotional speech set data\OAF_happy\OAF_came_happy.wav,TESS,OAF,happy,happy,OAF_came_happy,OAF_came_happy.wav,valid
C:\Users\34722\OneDrive\Escritorio\TFG\Reconocimiento emociones audio\RavdessTessSavee\datos_crudos\tess\TESS Toronto emotional speech set data\OAF_happy\OAF_cause_happy.wav,TESS,OAF,happy,happy,OAF_cause_happy,OAF_cause_happy.wav,train
C:\Users\34722\OneDrive\Escritorio\TFG\Reconocimiento emociones audio\RavdessTessSavee\datos_crudos\tess\TESS Toronto emotional speech set data\OAF_happy\OAF_chain_happy.wav,TESS,OAF,happy,happy,OAF_chain_happy,OAF_chain_happy.wav,test
C:\Users\34722\OneDrive\Escritorio\TFG\Reconocimiento emociones audio\RavdessTessSavee\datos_crudos\tess\TESS Toronto emotional speech set data\OAF_happy\OAF_chair_happy.wav,TESS,OAF,happy,happy,OAF_chair_happy,OAF_chair_happy.wav,train
C:\Users\34722\OneDrive\Escritorio\TFG\Reconocimiento emociones audio\RavdessTessSavee\datos_crudos\tess\TESS Toronto emotional speech set data\OAF_happy\OAF_chalk_happy.wav,TESS,OAF,happy,happy,OAF_chalk_happy,OAF_chalk_happy.wav,train
C:\Users\34722\OneDrive\Escritorio\TFG\Reconocimiento emociones audio\RavdessTessSavee\datos_crudos\tess\TESS Toronto emotional speech set data\OAF_happy\OAF_chat_happy.wav,TESS,OAF,happy,happy,OAF_chat_happy,OAF_chat_happy.wav,train
C:\Users\34722\OneDrive\Escritorio\TFG\Reconocimiento emociones audio\RavdessTessSavee\datos_crudos\tess\TESS Toronto emotional speech set data\OAF_happy\OAF_check_happy.wav,TESS,OAF,happy,happy,OAF_check_happy,OAF_check_happy.wav,train
C:\Users\34722\OneDrive\Escritorio\TFG\Reconocimiento emociones audio\RavdessTessSavee\datos_crudos\tess\TESS Toronto emotional speech set data\OAF_happy\OAF_cheek_happy.wav,TESS,OAF,happy,happy,OAF_cheek_happy,OAF_cheek_happy.wav,train
C:\Users\34722\OneDrive\Escritorio\TFG\Reconocimiento emociones audio\RavdessTessSavee\datos_crudos\tess\TESS Toronto emotional speech set data\OAF_happy\OAF_chief_happy.wav,TESS,OAF,happy,happy,OAF_chief_happy,OAF_chief_happy.wav,valid
C:\Users\34722\OneDrive\Escritorio\TFG\Reconocimiento emociones audio\RavdessTessSavee\datos_crudos\tess\TESS Toronto emotional speech set data\OAF_happy\OAF_choice_happy.wav,TESS,OAF,happy,happy,OAF_choice_happy,OAF_choice_happy.wav,train
C:\Users\34722\OneDrive\Escritorio\TFG\Reconocimiento emociones audio\RavdessTessSavee\datos_crudos\tess\TESS Toronto emotional speech set data\OAF_happy\OAF_cool_happy.wav,TESS,OAF,happy,happy,OAF_cool_happy,OAF_cool_happy.wav,train
C:\Users\34722\OneDrive\Escritorio\TFG\Reconocimiento emociones audio\RavdessTessSavee\datos_crudos\tess\TESS Toronto emotional speech set data\OAF_happy\OAF_dab_happy.wav,TESS,OAF,happy,happy,OAF_dab_happy,OAF_dab_happy.wav,train
C:\Users\34722\OneDrive\Escritorio\TFG\Reconocimiento emociones audio\RavdessTessSavee\datos_crudos\tess\TESS Toronto emotional speech set data\OAF_happy\OAF_date_happy.wav,TESS,OAF,happy,happy,OAF_date_happy,OAF_date_happy.wav,train
C:\Users\34722\OneDrive\Escritorio\TFG\Reconocimiento emociones audio\RavdessTessSavee\datos_crudos\tess\TESS Toronto emotional speech set data\OAF_happy\OAF_dead_happy.wav,TESS,OAF,happy,happy,OAF_dead_happy,OAF_dead_happy.wav,valid
C:\Users\34722\OneDrive\Escritorio\TFG\Reconocimiento emociones audio\RavdessTessSavee\datos_crudos\tess\TESS Toronto emotional speech set data\OAF_happy\OAF_death_happy.wav,TESS,OAF,happy,happy,OAF_death_happy,OAF_death_happy.wav,train
C:\Users\34722\OneDrive\Escritorio\TFG\Reconocimiento emociones audio\RavdessTessSavee\datos_crudos\tess\TESS Toronto emotional speech set data\OAF_happy\OAF_deep_happy.wav,TESS,OAF,happy,happy,OAF_deep_happy,OAF_deep_happy.wav,test
C:\Users\34722\OneDrive\Escritorio\TFG\Reconocimiento emociones audio\RavdessTessSavee\datos_crudos\tess\TESS Toronto emotional speech set data\OAF_happy\OAF_dime_happy.wav,TESS,OAF,happy,happy,OAF_dime_happy,OAF_dime_happy.wav,train
C:\Users\34722\OneDrive\Escritorio\TFG\Reconocimiento emociones audio\RavdessTessSavee\datos_crudos\tess\TESS Toronto emotional speech set data\OAF_happy\OAF_dip_happy.wav,TESS,OAF,happy,happy,OAF_dip_happy,OAF_dip_happy.wav,train
C:\Users\34722\OneDrive\Escritorio\TFG\Reconocimiento emociones audio\RavdessTessSavee\datos_crudos\tess\TESS Toronto emotional speech set data\OAF_happy\OAF_ditch_happy.wav,TESS,OAF,happy,happy,OAF_ditch_happy,OAF_ditch_happy.wav,train
C:\Users\34722\OneDrive\Escritorio\TFG\Reconocimiento emociones audio\RavdessTessSavee\datos_crudos\tess\TESS Toronto emotional speech set data\OAF_happy\OAF_dodge_happy.wav,TESS,OAF,happy,happy,OAF_dodge_happy,OAF_dodge_happy.wav,train
C:\Users\34722\OneDrive\Escritorio\TFG\Reconocimiento emociones audio\RavdessTessSavee\datos_crudos\tess\TESS Toronto emotional speech set data\OAF_happy\OAF_dog_happy.wav,TESS,OAF,happy,happy,OAF_dog_happy,OAF_dog_happy.wav,train
C:\Users\34722\OneDrive\Escritorio\TFG\Reconocimiento emociones audio\RavdessTessSavee\datos_crudos\tess\TESS Toronto emotional speech set data\OAF_happy\OAF_doll_happy.wav,TESS,OAF,happy,happy,OAF_doll_happy,OAF_doll_happy.wav,test
C:\Users\34722\OneDrive\Escritorio\TFG\Reconocimiento emociones audio\RavdessTessSavee\datos_crudos\tess\TESS Toronto emotional speech set data\OAF_happy\OAF_door_happy.wav,TESS,OAF,happy,happy,OAF_door_happy,OAF_door_happy.wav,train
C:\Users\34722\OneDrive\Escritorio\TFG\Reconocimiento emociones audio\RavdessTessSavee\datos_crudos\tess\TESS Toronto emotional speech set data\OAF_happy\OAF_fail_happy.wav,TESS,OAF,happy,happy,OAF_fail_happy,OAF_fail_happy.wav,train
C:\Users\34722\OneDrive\Escritorio\TFG\Reconocimiento emociones audio\RavdessTessSavee\datos_crudos\tess\TESS Toronto emotional speech set data\OAF_happy\OAF_fall_happy.wav,TESS,OAF,happy,happy,OAF_fall_happy,OAF_fall_happy.wav,train
C:\Users\34722\OneDrive\Escritorio\TFG\Reconocimiento emociones audio\RavdessTessSavee\datos_crudos\tess\TESS Toronto emotional speech set data\OAF_happy\OAF_far_happy.wav,TESS,OAF,happy,happy,OAF_far_happy,OAF_far_happy.wav,train
C:\Users\34722\OneDrive\Escritorio\TFG\Reconocimiento emociones audio\RavdessTessSavee\datos_crudos\tess\TESS Toronto emotional speech set data\OAF_happy\OAF_fat_happy.wav,TESS,OAF,happy,happy,OAF_fat_happy,OAF_fat_happy.wav,train
C:\Users\34722\OneDrive\Escritorio\TFG\Reconocimiento emociones audio\RavdessTessSavee\datos_crudos\tess\TESS Toronto emotional speech set data\OAF_happy\OAF_fit_happy.wav,TESS,OAF,happy,happy,OAF_fit_happy,OAF_fit_happy.wav,train
C:\Users\34722\OneDrive\Escritorio\TFG\Reconocimiento emociones audio\RavdessTessSavee\datos_crudos\tess\TESS Toronto emotional speech set data\OAF_happy\OAF_five_happy.wav,TESS,OAF,happy,happy,OAF_five_happy,OAF_five_happy.wav,valid
C:\Users\34722\OneDrive\Escritorio\TFG\Reconocimiento emociones audio\RavdessTessSavee\datos_crudos\tess\TESS Toronto emotional speech set data\OAF_happy\OAF_food_happy.wav,TESS,OAF,happy,happy,OAF_food_happy,OAF_food_happy.wav,train
C:\Users\34722\OneDrive\Escritorio\TFG\Reconocimiento emociones audio\RavdessTessSavee\datos_crudos\tess\TESS Toronto emotional speech set data\OAF_happy\OAF_gap_happy.wav,TESS,OAF,happy,happy,OAF_gap_happy,OAF_gap_happy.wav,train
C:\Users\34722\OneDrive\Escritorio\TFG\Reconocimiento emociones audio\RavdessTessSavee\datos_crudos\tess\TESS Toronto emotional speech set data\OAF_happy\OAF_gas_happy.wav,TESS,OAF,happy,happy,OAF_gas_happy,OAF_gas_happy.wav,train
C:\Users\34722\OneDrive\Escritorio\TFG\Reconocimiento emociones audio\RavdessTessSavee\datos_crudos\tess\TESS Toronto emotional speech set data\OAF_happy\OAF_gaze_happy.wav,TESS,OAF,happy,happy,OAF_gaze_happy,OAF_gaze_happy.wav,train
C:\Users\34722\OneDrive\Escritorio\TFG\Reconocimiento emociones audio\RavdessTessSavee\datos_crudos\tess\TESS Toronto emotional speech set data\OAF_happy\OAF_germ_happy.wav,TESS,OAF,happy,happy,OAF_germ_happy,OAF_germ_happy.wav,test
C:\Users\34722\OneDrive\Escritorio\TFG\Reconocimiento emociones audio\RavdessTessSavee\datos_crudos\tess\TESS Toronto emotional speech set data\OAF_happy\OAF_get_happy.wav,TESS,OAF,happy,happy,OAF_get_happy,OAF_get_happy.wav,valid
C:\Users\34722\OneDrive\Escritorio\TFG\Reconocimiento emociones audio\RavdessTessSavee\datos_crudos\tess\TESS Toronto emotional speech set data\OAF_happy\OAF_gin_happy.wav,TESS,OAF,happy,happy,OAF_gin_happy,OAF_gin_happy.wav,train
C:\Users\34722\OneDrive\Escritorio\TFG\Reconocimiento emociones audio\RavdessTessSavee\datos_crudos\tess\TESS Toronto emotional speech set data\OAF_happy\OAF_goal_happy.wav,TESS,OAF,happy,happy,OAF_goal_happy,OAF_goal_happy.wav,test
C:\Users\34722\OneDrive\Escritorio\TFG\Reconocimiento emociones audio\RavdessTessSavee\datos_crudos\tess\TESS Toronto emotional speech set data\OAF_happy\OAF_good_happy.wav,TESS,OAF,happy,happy,OAF_good_happy,OAF_good_happy.wav,train
C:\Users\34722\OneDrive\Escritorio\TFG\Reconocimiento emociones audio\RavdessTessSavee\datos_crudos\tess\TESS Toronto emotional speech set data\OAF_happy\OAF_goose_happy.wav,TESS,OAF,happy,happy,OAF_goose_happy,OAF_goose_happy.wav,train
C:\Users\34722\OneDrive\Escritorio\TFG\Reconocimiento emociones audio\RavdessTessSavee\datos_crudos\tess\TESS Toronto emotional speech set data\OAF_happy\OAF_gun_happy.wav,TESS,OAF,happy,happy,OAF_gun_happy,OAF_gun_happy.wav,train
C:\Users\34722\OneDrive\Escritorio\TFG\Reconocimiento emociones audio\RavdessTessSavee\datos_crudos\tess\TESS Toronto emotional speech set data\OAF_happy\OAF_half_happy.wav,TESS,OAF,happy,happy,OAF_half_happy,OAF_half_happy.wav,train
C:\Users\34722\OneDrive\Escritorio\TFG\Reconocimiento emociones audio\RavdessTessSavee\datos_crudos\tess\TESS Toronto emotional speech set data\OAF_happy\OAF_hall_happy.wav,TESS,OAF,happy,happy,OAF_hall_happy,OAF_hall_happy.wav,train
C:\Users\34722\OneDrive\Escritorio\TFG\Reconocimiento emociones audio\RavdessTessSavee\datos_crudos\tess\TESS Toronto emotional speech set data\OAF_happy\OAF_hash_happy.wav,TESS,OAF,happy,happy,OAF_hash_happy,OAF_hash_happy.wav,valid
C:\Users\34722\OneDrive\Escritorio\TFG\Reconocimiento emociones audio\RavdessTessSavee\datos_crudos\tess\TESS Toronto emotional speech set data\OAF_happy\OAF_hate_happy.wav,TESS,OAF,happy,happy,OAF_hate_happy,OAF_hate_happy.wav,train
C:\Users\34722\OneDrive\Escritorio\TFG\Reconocimiento emociones audio\RavdessTessSavee\datos_crudos\tess\TESS Toronto emotional speech set data\OAF_happy\OAF_have_happy.wav,TESS,OAF,happy,happy,OAF_have_happy,OAF_have_happy.wav,test
C:\Users\34722\OneDrive\Escritorio\TFG\Reconocimiento emociones audio\RavdessTessSavee\datos_crudos\tess\TESS Toronto emotional speech set data\OAF_happy\OAF_haze_happy.wav,TESS,OAF,happy,happy,OAF_haze_happy,OAF_haze_happy.wav,test
C:\Users\34722\OneDrive\Escritorio\TFG\Reconocimiento emociones audio\RavdessTessSavee\datos_crudos\tess\TESS Toronto emotional speech set data\OAF_happy\OAF_hire_happy.wav,TESS,OAF,happy,happy,OAF_hire_happy,OAF_hire_happy.wav,train
C:\Users\34722\OneDrive\Escritorio\TFG\Reconocimiento emociones audio\RavdessTessSavee\datos_crudos\tess\TESS Toronto emotional speech set data\OAF_happy\OAF_hit_happy.wav,TESS,OAF,happy,happy,OAF_hit_happy,OAF_hit_happy.wav,test
C:\Users\34722\OneDrive\Escritorio\TFG\Reconocimiento emociones audio\RavdessTessSavee\datos_crudos\tess\TESS Toronto emotional speech set data\OAF_happy\OAF_hole_happy.wav,TESS,OAF,happy,happy,OAF_hole_happy,OAF_hole_happy.wav,train
C:\Users\34722\OneDrive\Escritorio\TFG\Reconocimiento emociones audio\RavdessTessSavee\datos_crudos\tess\TESS Toronto emotional speech set data\OAF_happy\OAF_home_happy.wav,TESS,OAF,happy,happy,OAF_home_happy,OAF_home_happy.wav,test
C:\Users\34722\OneDrive\Escritorio\TFG\Reconocimiento emociones audio\RavdessTessSavee\datos_crudos\tess\TESS Toronto emotional speech set data\OAF_happy\OAF_hurl_happy.wav,TESS,OAF,happy,happy,OAF_hurl_happy,OAF_hurl_happy.wav,train
C:\Users\34722\OneDrive\Escritorio\TFG\Reconocimiento emociones audio\RavdessTessSavee\datos_crudos\tess\TESS Toronto emotional speech set data\OAF_happy\OAF_hush_happy.wav,TESS,OAF,happy,happy,OAF_hush_happy,OAF_hush_happy.wav,test
C:\Users\34722\OneDrive\Escritorio\TFG\Reconocimiento emociones audio\RavdessTessSavee\datos_crudos\tess\TESS Toronto emotional speech set data\OAF_happy\OAF_jail_happy.wav,TESS,OAF,happy,happy,OAF_jail_happy,OAF_jail_happy.wav,train
C:\Users\34722\OneDrive\Escritorio\TFG\Reconocimiento emociones audio\RavdessTessSavee\datos_crudos\tess\TESS Toronto emotional speech set data\OAF_happy\OAF_jar_happy.wav,TESS,OAF,happy,happy,OAF_jar_happy,OAF_jar_happy.wav,train
C:\Users\34722\OneDrive\Escritorio\TFG\Reconocimiento emociones audio\RavdessTessSavee\datos_crudos\tess\TESS Toronto emotional speech set data\OAF_happy\OAF_join_happy.wav,TESS,OAF,happy,happy,OAF_join_happy,OAF_join_happy.wav,train
C:\Users\34722\OneDrive\Escritorio\TFG\Reconocimiento emociones audio\RavdessTessSavee\datos_crudos\tess\TESS Toronto emotional speech set data\OAF_happy\OAF_judge_happy.wav,TESS,OAF,happy,happy,OAF_judge_happy,OAF_judge_happy.wav,test
C:\Users\34722\OneDrive\Escritorio\TFG\Reconocimiento emociones audio\RavdessTessSavee\datos_crudos\tess\TESS Toronto emotional speech set data\OAF_happy\OAF_jug_happy.wav,TESS,OAF,happy,happy,OAF_jug_happy,OAF_jug_happy.wav,train
C:\Users\34722\OneDrive\Escritorio\TFG\Reconocimiento emociones audio\RavdessTessSavee\datos_crudos\tess\TESS Toronto emotional speech set data\OAF_happy\OAF_juice_happy.wav,TESS,OAF,happy,happy,OAF_juice_happy,OAF_juice_happy.wav,train
C:\Users\34722\OneDrive\Escritorio\TFG\Reconocimiento emociones audio\RavdessTessSavee\datos_crudos\tess\TESS Toronto emotional speech set data\OAF_happy\OAF_keen_happy.wav,TESS,OAF,happy,happy,OAF_keen_happy,OAF_keen_happy.wav,train
C:\Users\34722\OneDrive\Escritorio\TFG\Reconocimiento emociones audio\RavdessTessSavee\datos_crudos\tess\TESS Toronto emotional speech set data\OAF_happy\OAF_keep_happy.wav,TESS,OAF,happy,happy,OAF_keep_happy,OAF_keep_happy.wav,train
C:\Users\34722\OneDrive\Escritorio\TFG\Reconocimiento emociones audio\RavdessTessSavee\datos_crudos\tess\TESS Toronto emotional speech set data\OAF_happy\OAF_keg_happy.wav,TESS,OAF,happy,happy,OAF_keg_happy,OAF_keg_happy.wav,test
C:\Users\34722\OneDrive\Escritorio\TFG\Reconocimiento emociones audio\RavdessTessSavee\datos_crudos\tess\TESS Toronto emotional speech set data\OAF_happy\OAF_kick_happy.wav,TESS,OAF,happy,happy,OAF_kick_happy,OAF_kick_happy.wav,train
C:\Users\34722\OneDrive\Escritorio\TFG\Reconocimiento emociones audio\RavdessTessSavee\datos_crudos\tess\TESS Toronto emotional speech set data\OAF_happy\OAF_kill_happy.wav,TESS,OAF,happy,happy,OAF_kill_happy,OAF_kill_happy.wav,test
C:\Users\34722\OneDrive\Escritorio\TFG\Reconocimiento emociones audio\RavdessTessSavee\datos_crudos\tess\TESS Toronto emotional speech set data\OAF_happy\OAF_king_happy.wav,TESS,OAF,happy,happy,OAF_king_happy,OAF_king_happy.wav,train
C:\Users\34722\OneDrive\Escritorio\TFG\Reconocimiento emociones audio\RavdessTessSavee\datos_crudos\tess\TESS Toronto emotional speech set data\OAF_happy\OAF_kite_happy.wav,TESS,OAF,happy,happy,OAF_kite_happy,OAF_kite_happy.wav,train
C:\Users\34722\OneDrive\Escritorio\TFG\Reconocimiento emociones audio\RavdessTessSavee\datos_crudos\tess\TESS Toronto emotional speech set data\OAF_happy\OAF_knock_happy.wav,TESS,OAF,happy,happy,OAF_knock_happy,OAF_knock_happy.wav,train
C:\Users\34722\OneDrive\Escritorio\TFG\Reconocimiento emociones audio\RavdessTessSavee\datos_crudos\tess\TESS Toronto emotional speech set data\OAF_happy\OAF_late_happy.wav,TESS,OAF,happy,happy,OAF_late_happy,OAF_late_happy.wav,train
C:\Users\34722\OneDrive\Escritorio\TFG\Reconocimiento emociones audio\RavdessTessSavee\datos_crudos\tess\TESS Toronto emotional speech set data\OAF_happy\OAF_laud_happy.wav,TESS,OAF,happy,happy,OAF_laud_happy,OAF_laud_happy.wav,test
C:\Users\34722\OneDrive\Escritorio\TFG\Reconocimiento emociones audio\RavdessTessSavee\datos_crudos\tess\TESS Toronto emotional speech set data\OAF_happy\OAF_lean_happy.wav,TESS,OAF,happy,happy,OAF_lean_happy,OAF_lean_happy.wav,train
C:\Users\34722\OneDrive\Escritorio\TFG\Reconocimiento emociones audio\RavdessTessSavee\datos_crudos\tess\TESS Toronto emotional speech set data\OAF_happy\OAF_learn_happy.wav,TESS,OAF,happy,happy,OAF_learn_happy,OAF_learn_happy.wav,valid
C:\Users\34722\OneDrive\Escritorio\TFG\Reconocimiento emociones audio\RavdessTessSavee\datos_crudos\tess\TESS Toronto emotional speech set data\OAF_happy\OAF_lease_happy.wav,TESS,OAF,happy,happy,OAF_lease_happy,OAF_lease_happy.wav,train
C:\Users\34722\OneDrive\Escritorio\TFG\Reconocimiento emociones audio\RavdessTessSavee\datos_crudos\tess\TESS Toronto emotional speech set data\OAF_happy\OAF_lid_happy.wav,TESS,OAF,happy,happy,OAF_lid_happy,OAF_lid_happy.wav,train
C:\Users\34722\OneDrive\Escritorio\TFG\Reconocimiento emociones audio\RavdessTessSavee\datos_crudos\tess\TESS Toronto emotional speech set data\OAF_happy\OAF_life_happy.wav,TESS,OAF,happy,happy,OAF_life_happy,OAF_life_happy.wav,train
C:\Users\34722\OneDrive\Escritorio\TFG\Reconocimiento emociones audio\RavdessTessSavee\datos_crudos\tess\TESS Toronto emotional speech set data\OAF_happy\OAF_limb_happy.wav,TESS,OAF,happy,happy,OAF_limb_happy,OAF_limb_happy.wav,train
C:\Users\34722\OneDrive\Escritorio\TFG\Reconocimiento emociones audio\RavdessTessSavee\datos_crudos\tess\TESS Toronto emotional speech set data\OAF_happy\OAF_live_happy.wav,TESS,OAF,happy,happy,OAF_live_happy,OAF_live_happy.wav,train
C:\Users\34722\OneDrive\Escritorio\TFG\Reconocimiento emociones audio\RavdessTessSavee\datos_crudos\tess\TESS Toronto emotional speech set data\OAF_happy\OAF_loaf_happy.wav,TESS,OAF,happy,happy,OAF_loaf_happy,OAF_loaf_happy.wav,train
C:\Users\34722\OneDrive\Escritorio\TFG\Reconocimiento emociones audio\RavdessTessSavee\datos_crudos\tess\TESS Toronto emotional speech set data\OAF_happy\OAF_long_happy.wav,TESS,OAF,happy,happy,OAF_long_happy,OAF_long_happy.wav,train
C:\Users\34722\OneDrive\Escritorio\TFG\Reconocimiento emociones audio\RavdessTessSavee\datos_crudos\tess\TESS Toronto emotional speech set data\OAF_happy\OAF_lore_happy.wav,TESS,OAF,happy,happy,OAF_lore_happy,OAF_lore_happy.wav,train
C:\Users\34722\OneDrive\Escritorio\TFG\Reconocimiento emociones audio\RavdessTessSavee\datos_crudos\tess\TESS Toronto emotional speech set data\OAF_happy\OAF_lose_happy.wav,TESS,OAF,happy,happy,OAF_lose_happy,OAF_lose_happy.wav,train
C:\Users\34722\OneDrive\Escritorio\TFG\Reconocimiento emociones audio\RavdessTessSavee\datos_crudos\tess\TESS Toronto emotional speech set data\OAF_happy\OAF_lot_happy.wav,TESS,OAF,happy,happy,OAF_lot_happy,OAF_lot_happy.wav,test
C:\Users\34722\OneDrive\Escritorio\TFG\Reconocimiento emociones audio\RavdessTessSavee\datos_crudos\tess\TESS Toronto emotional speech set data\OAF_happy\OAF_love_happy.wav,TESS,OAF,happy,happy,OAF_love_happy,OAF_love_happy.wav,train
C:\Users\34722\OneDrive\Escritorio\TFG\Reconocimiento emociones audio\RavdessTessSavee\datos_crudos\tess\TESS Toronto emotional speech set data\OAF_happy\OAF_luck_happy.wav,TESS,OAF,happy,happy,OAF_luck_happy,OAF_luck_happy.wav,train
C:\Users\34722\OneDrive\Escritorio\TFG\Reconocimiento emociones audio\RavdessTessSavee\datos_crudos\tess\TESS Toronto emotional speech set data\OAF_happy\OAF_make_happy.wav,TESS,OAF,happy,happy,OAF_make_happy,OAF_make_happy.wav,test
C:\Users\34722\OneDrive\Escritorio\TFG\Reconocimiento emociones audio\RavdessTessSavee\datos_crudos\tess\TESS Toronto emotional speech set data\OAF_happy\OAF_match_happy.wav,TESS,OAF,happy,happy,OAF_match_happy,OAF_match_happy.wav,train
C:\Users\34722\OneDrive\Escritorio\TFG\Reconocimiento emociones audio\RavdessTessSavee\datos_crudos\tess\TESS Toronto emotional speech set data\OAF_happy\OAF_merge_happy.wav,TESS,OAF,happy,happy,OAF_merge_happy,OAF_merge_happy.wav,train
C:\Users\34722\OneDrive\Escritorio\TFG\Reconocimiento emociones audio\RavdessTessSavee\datos_crudos\tess\TESS Toronto emotional speech set data\OAF_happy\OAF_mess_happy.wav,TESS,OAF,happy,happy,OAF_mess_happy,OAF_mess_happy.wav,train
C:\Users\34722\OneDrive\Escritorio\TFG\Reconocimiento emociones audio\RavdessTessSavee\datos_crudos\tess\TESS Toronto emotional speech set data\OAF_happy\OAF_met_happy.wav,TESS,OAF,happy,happy,OAF_met_happy,OAF_met_happy.wav,train
C:\Users\34722\OneDrive\Escritorio\TFG\Reconocimiento emociones audio\RavdessTessSavee\datos_crudos\tess\TESS Toronto emotional speech set data\OAF_happy\OAF_mill_happy.wav,TESS,OAF,happy,happy,OAF_mill_happy,OAF_mill_happy.wav,train
C:\Users\34722\OneDrive\Escritorio\TFG\Reconocimiento emociones audio\RavdessTessSavee\datos_crudos\tess\TESS Toronto emotional speech set data\OAF_happy\OAF_mob_happy.wav,TESS,OAF,happy,happy,OAF_mob_happy,OAF_mob_happy.wav,valid
C:\Users\34722\OneDrive\Escritorio\TFG\Reconocimiento emociones audio\RavdessTessSavee\datos_crudos\tess\TESS Toronto emotional speech set data\OAF_happy\OAF_mode_happy.wav,TESS,OAF,happy,happy,OAF_mode_happy,OAF_mode_happy.wav,train
C:\Users\34722\OneDrive\Escritorio\TFG\Reconocimiento emociones audio\RavdessTessSavee\datos_crudos\tess\TESS Toronto emotional speech set data\OAF_happy\OAF_mood_happy.wav,TESS,OAF,happy,happy,OAF_mood_happy,OAF_mood_happy.wav,train
C:\Users\34722\OneDrive\Escritorio\TFG\Reconocimiento emociones audio\RavdessTessSavee\datos_crudos\tess\TESS Toronto emotional speech set data\OAF_happy\OAF_moon_happy.wav,TESS,OAF,happy,happy,OAF_moon_happy,OAF_moon_happy.wav,test
C:\Users\34722\OneDrive\Escritorio\TFG\Reconocimiento emociones audio\RavdessTessSavee\datos_crudos\tess\TESS Toronto emotional speech set data\OAF_happy\OAF_mop_happy.wav,TESS,OAF,happy,happy,OAF_mop_happy,OAF_mop_happy.wav,test
C:\Users\34722\OneDrive\Escritorio\TFG\Reconocimiento emociones audio\RavdessTessSavee\datos_crudos\tess\TESS Toronto emotional speech set data\OAF_happy\OAF_mouse_happy.wav,TESS,OAF,happy,happy,OAF_mouse_happy,OAF_mouse_happy.wav,test
C:\Users\34722\OneDrive\Escritorio\TFG\Reconocimiento emociones audio\RavdessTessSavee\datos_crudos\tess\TESS Toronto emotional speech set data\OAF_happy\OAF_nag_happy.wav,TESS,OAF,happy,happy,OAF_nag_happy,OAF_nag_happy.wav,train
C:\Users\34722\OneDrive\Escritorio\TFG\Reconocimiento emociones audio\RavdessTessSavee\datos_crudos\tess\TESS Toronto emotional speech set data\OAF_happy\OAF_name_happy.wav,TESS,OAF,happy,happy,OAF_name_happy,OAF_name_happy.wav,train
C:\Users\34722\OneDrive\Escritorio\TFG\Reconocimiento emociones audio\RavdessTessSavee\datos_crudos\tess\TESS Toronto emotional speech set data\OAF_happy\OAF_near_happy.wav,TESS,OAF,happy,happy,OAF_near_happy,OAF_near_happy.wav,train
C:\Users\34722\OneDrive\Escritorio\TFG\Reconocimiento emociones audio\RavdessTessSavee\datos_crudos\tess\TESS Toronto emotional speech set data\OAF_happy\OAF_neat_happy.wav,TESS,OAF,happy,happy,OAF_neat_happy,OAF_neat_happy.wav,valid
C:\Users\34722\OneDrive\Escritorio\TFG\Reconocimiento emociones audio\RavdessTessSavee\datos_crudos\tess\TESS Toronto emotional speech set data\OAF_happy\OAF_nice_happy.wav,TESS,OAF,happy,happy,OAF_nice_happy,OAF_nice_happy.wav,train
C:\Users\34722\OneDrive\Escritorio\TFG\Reconocimiento emociones audio\RavdessTessSavee\datos_crudos\tess\TESS Toronto emotional speech set data\OAF_happy\OAF_note_happy.wav,TESS,OAF,happy,happy,OAF_note_happy,OAF_note_happy.wav,train
C:\Users\34722\OneDrive\Escritorio\TFG\Reconocimiento emociones audio\RavdessTessSavee\datos_crudos\tess\TESS Toronto emotional speech set data\OAF_happy\OAF_numb_happy.wav,TESS,OAF,happy,happy,OAF_numb_happy,OAF_numb_happy.wav,train
C:\Users\34722\OneDrive\Escritorio\TFG\Reconocimiento emociones audio\RavdessTessSavee\datos_crudos\tess\TESS Toronto emotional speech set data\OAF_happy\OAF_pad_happy.wav,TESS,OAF,happy,happy,OAF_pad_happy,OAF_pad_happy.wav,train
C:\Users\34722\OneDrive\Escritorio\TFG\Reconocimiento emociones audio\RavdessTessSavee\datos_crudos\tess\TESS Toronto emotional speech set data\OAF_happy\OAF_page_happy.wav,TESS,OAF,happy,happy,OAF_page_happy,OAF_page_happy.wav,train
C:\Users\34722\OneDrive\Escritorio\TFG\Reconocimiento emociones audio\RavdessTessSavee\datos_crudos\tess\TESS Toronto emotional speech set data\OAF_happy\OAF_pain_happy.wav,TESS,OAF,happy,happy,OAF_pain_happy,OAF_pain_happy.wav,train
C:\Users\34722\OneDrive\Escritorio\TFG\Reconocimiento emociones audio\RavdessTessSavee\datos_crudos\tess\TESS Toronto emotional speech set data\OAF_happy\OAF_pass_happy.wav,TESS,OAF,happy,happy,OAF_pass_happy,OAF_pass_happy.wav,train
C:\Users\34722\OneDrive\Escritorio\TFG\Reconocimiento emociones audio\RavdessTessSavee\datos_crudos\tess\TESS Toronto emotional speech set data\OAF_happy\OAF_pearl_happy.wav,TESS,OAF,happy,happy,OAF_pearl_happy,OAF_pearl_happy.wav,train
C:\Users\34722\OneDrive\Escritorio\TFG\Reconocimiento emociones audio\RavdessTessSavee\datos_crudos\tess\TESS Toronto emotional speech set data\OAF_happy\OAF_peg_happy.wav,TESS,OAF,happy,happy,OAF_peg_happy,OAF_peg_happy.wav,train
C:\Users\34722\OneDrive\Escritorio\TFG\Reconocimiento emociones audio\RavdessTessSavee\datos_crudos\tess\TESS Toronto emotional speech set data\OAF_happy\OAF_perch_happy.wav,TESS,OAF,happy,happy,OAF_perch_happy,OAF_perch_happy.wav,train
C:\Users\34722\OneDrive\Escritorio\TFG\Reconocimiento emociones audio\RavdessTessSavee\datos_crudos\tess\TESS Toronto emotional speech set data\OAF_happy\OAF_phone_happy.wav,TESS,OAF,happy,happy,OAF_phone_happy,OAF_phone_happy.wav,test
C:\Users\34722\OneDrive\Escritorio\TFG\Reconocimiento emociones audio\RavdessTessSavee\datos_crudos\tess\TESS Toronto emotional speech set data\OAF_happy\OAF_pick_happy.wav,TESS,OAF,happy,happy,OAF_pick_happy,OAF_pick_happy.wav,train
C:\Users\34722\OneDrive\Escritorio\TFG\Reconocimiento emociones audio\RavdessTessSavee\datos_crudos\tess\TESS Toronto emotional speech set data\OAF_happy\OAF_pike_happy.wav,TESS,OAF,happy,happy,OAF_pike_happy,OAF_pike_happy.wav,test
C:\Users\34722\OneDrive\Escritorio\TFG\Reconocimiento emociones audio\RavdessTessSavee\datos_crudos\tess\TESS Toronto emotional speech set data\OAF_happy\OAF_pole_happy.wav,TESS,OAF,happy,happy,OAF_pole_happy,OAF_pole_happy.wav,train
C:\Users\34722\OneDrive\Escritorio\TFG\Reconocimiento emociones audio\RavdessTessSavee\datos_crudos\tess\TESS Toronto emotional speech set data\OAF_happy\OAF_pool_happy.wav,TESS,OAF,happy,happy,OAF_pool_happy,OAF_pool_happy.wav,train
C:\Users\34722\OneDrive\Escritorio\TFG\Reconocimiento emociones audio\RavdessTessSavee\datos_crudos\tess\TESS Toronto emotional speech set data\OAF_happy\OAF_puff_happy.wav,TESS,OAF,happy,happy,OAF_puff_happy,OAF_puff_happy.wav,train
C:\Users\34722\OneDrive\Escritorio\TFG\Reconocimiento emociones audio\RavdessTessSavee\datos_crudos\tess\TESS Toronto emotional speech set data\OAF_happy\OAF_rag_happy.wav,TESS,OAF,happy,happy,OAF_rag_happy,OAF_rag_happy.wav,train
C:\Users\34722\OneDrive\Escritorio\TFG\Reconocimiento emociones audio\RavdessTessSavee\datos_crudos\tess\TESS Toronto emotional speech set data\OAF_happy\OAF_raid_happy.wav,TESS,OAF,happy,happy,OAF_raid_happy,OAF_raid_happy.wav,train
C:\Users\34722\OneDrive\Escritorio\TFG\Reconocimiento emociones audio\RavdessTessSavee\datos_crudos\tess\TESS Toronto emotional speech set data\OAF_happy\OAF_rain_happy.wav,TESS,OAF,happy,happy,OAF_rain_happy,OAF_rain_happy.wav,train
C:\Users\34722\OneDrive\Escritorio\TFG\Reconocimiento emociones audio\RavdessTessSavee\datos_crudos\tess\TESS Toronto emotional speech set data\OAF_happy\OAF_raise_happy.wav,TESS,OAF,happy,happy,OAF_raise_happy,OAF_raise_happy.wav,test
C:\Users\34722\OneDrive\Escritorio\TFG\Reconocimiento emociones audio\RavdessTessSavee\datos_crudos\tess\TESS Toronto emotional speech set data\OAF_happy\OAF_rat_happy.wav,TESS,OAF,happy,happy,OAF_rat_happy,OAF_rat_happy.wav,train
C:\Users\34722\OneDrive\Escritorio\TFG\Reconocimiento emociones audio\RavdessTessSavee\datos_crudos\tess\TESS Toronto emotional speech set data\OAF_happy\OAF_reach_happy.wav,TESS,OAF,happy,happy,OAF_reach_happy,OAF_reach_happy.wav,train
C:\Users\34722\OneDrive\Escritorio\TFG\Reconocimiento emociones audio\RavdessTessSavee\datos_crudos\tess\TESS Toronto emotional speech set data\OAF_happy\OAF_read_happy.wav,TESS,OAF,happy,happy,OAF_read_happy,OAF_read_happy.wav,test
C:\Users\34722\OneDrive\Escritorio\TFG\Reconocimiento emociones audio\RavdessTessSavee\datos_crudos\tess\TESS Toronto emotional speech set data\OAF_happy\OAF_red_happy.wav,TESS,OAF,happy,happy,OAF_red_happy,OAF_red_happy.wav,train
C:\Users\34722\OneDrive\Escritorio\TFG\Reconocimiento emociones audio\RavdessTessSavee\datos_crudos\tess\TESS Toronto emotional speech set data\OAF_happy\OAF_ring_happy.wav,TESS,OAF,happy,happy,OAF_ring_happy,OAF_ring_happy.wav,valid
C:\Users\34722\OneDrive\Escritorio\TFG\Reconocimiento emociones audio\RavdessTessSavee\datos_crudos\tess\TESS Toronto emotional speech set data\OAF_happy\OAF_ripe_happy.wav,TESS,OAF,happy,happy,OAF_ripe_happy,OAF_ripe_happy.wav,valid
C:\Users\34722\OneDrive\Escritorio\TFG\Reconocimiento emociones audio\RavdessTessSavee\datos_crudos\tess\TESS Toronto emotional speech set data\OAF_happy\OAF_road_happy.wav,TESS,OAF,happy,happy,OAF_road_happy,OAF_road_happy.wav,valid
C:\Users\34722\OneDrive\Escritorio\TFG\Reconocimiento emociones audio\RavdessTessSavee\datos_crudos\tess\TESS Toronto emotional speech set data\OAF_happy\OAF_room_happy.wav,TESS,OAF,happy,happy,OAF_room_happy,OAF_room_happy.wav,train
C:\Users\34722\OneDrive\Escritorio\TFG\Reconocimiento emociones audio\RavdessTessSavee\datos_crudos\tess\TESS Toronto emotional speech set data\OAF_happy\OAF_rose_happy.wav,TESS,OAF,happy,happy,OAF_rose_happy,OAF_rose_happy.wav,train
C:\Users\34722\OneDrive\Escritorio\TFG\Reconocimiento emociones audio\RavdessTessSavee\datos_crudos\tess\TESS Toronto emotional speech set data\OAF_happy\OAF_rot_happy.wav,TESS,OAF,happy,happy,OAF_rot_happy,OAF_rot_happy.wav,train
C:\Users\34722\OneDrive\Escritorio\TFG\Reconocimiento emociones audio\RavdessTessSavee\datos_crudos\tess\TESS Toronto emotional speech set data\OAF_happy\OAF_rough_happy.wav,TESS,OAF,happy,happy,OAF_rough_happy,OAF_rough_happy.wav,train
C:\Users\34722\OneDrive\Escritorio\TFG\Reconocimiento emociones audio\RavdessTessSavee\datos_crudos\tess\TESS Toronto emotional speech set data\OAF_happy\OAF_rush_happy.wav,TESS,OAF,happy,happy,OAF_rush_happy,OAF_rush_happy.wav,train
C:\Users\34722\OneDrive\Escritorio\TFG\Reconocimiento emociones audio\RavdessTessSavee\datos_crudos\tess\TESS Toronto emotional speech set data\OAF_happy\OAF_said_happy.wav,TESS,OAF,happy,happy,OAF_said_happy,OAF_said_happy.wav,train
C:\Users\34722\OneDrive\Escritorio\TFG\Reconocimiento emociones audio\RavdessTessSavee\datos_crudos\tess\TESS Toronto emotional speech set data\OAF_happy\OAF_sail_happy.wav,TESS,OAF,happy,happy,OAF_sail_happy,OAF_sail_happy.wav,train
C:\Users\34722\OneDrive\Escritorio\TFG\Reconocimiento emociones audio\RavdessTessSavee\datos_crudos\tess\TESS Toronto emotional speech set data\OAF_happy\OAF_search_happy.wav,TESS,OAF,happy,happy,OAF_search_happy,OAF_search_happy.wav,train
C:\Users\34722\OneDrive\Escritorio\TFG\Reconocimiento emociones audio\RavdessTessSavee\datos_crudos\tess\TESS Toronto emotional speech set data\OAF_happy\OAF_seize_happy.wav,TESS,OAF,happy,happy,OAF_seize_happy,OAF_seize_happy.wav,train
C:\Users\34722\OneDrive\Escritorio\TFG\Reconocimiento emociones audio\RavdessTessSavee\datos_crudos\tess\TESS Toronto emotional speech set data\OAF_happy\OAF_sell_happy.wav,TESS,OAF,happy,happy,OAF_sell_happy,OAF_sell_happy.wav,test
C:\Users\34722\OneDrive\Escritorio\TFG\Reconocimiento emociones audio\RavdessTessSavee\datos_crudos\tess\TESS Toronto emotional speech set data\OAF_happy\OAF_shack_happy.wav,TESS,OAF,happy,happy,OAF_shack_happy,OAF_shack_happy.wav,train
C:\Users\34722\OneDrive\Escritorio\TFG\Reconocimiento emociones audio\RavdessTessSavee\datos_crudos\tess\TESS Toronto emotional speech set data\OAF_happy\OAF_shall_happy.wav,TESS,OAF,happy,happy,OAF_shall_happy,OAF_shall_happy.wav,train
C:\Users\34722\OneDrive\Escritorio\TFG\Reconocimiento emociones audio\RavdessTessSavee\datos_crudos\tess\TESS Toronto emotional speech set data\OAF_happy\OAF_shawl_happy.wav,TESS,OAF,happy,happy,OAF_shawl_happy,OAF_shawl_happy.wav,valid
C:\Users\34722\OneDrive\Escritorio\TFG\Reconocimiento emociones audio\RavdessTessSavee\datos_crudos\tess\TESS Toronto emotional speech set data\OAF_happy\OAF_sheep_happy.wav,TESS,OAF,happy,happy,OAF_sheep_happy,OAF_sheep_happy.wav,train
C:\Users\34722\OneDrive\Escritorio\TFG\Reconocimiento emociones audio\RavdessTessSavee\datos_crudos\tess\TESS Toronto emotional speech set data\OAF_happy\OAF_shirt_happy.wav,TESS,OAF,happy,happy,OAF_shirt_happy,OAF_shirt_happy.wav,train
C:\Users\34722\OneDrive\Escritorio\TFG\Reconocimiento emociones audio\RavdessTessSavee\datos_crudos\tess\TESS Toronto emotional speech set data\OAF_happy\OAF_should_happy.wav,TESS,OAF,happy,happy,OAF_should_happy,OAF_should_happy.wav,train
C:\Users\34722\OneDrive\Escritorio\TFG\Reconocimiento emociones audio\RavdessTessSavee\datos_crudos\tess\TESS Toronto emotional speech set data\OAF_happy\OAF_shout_happy.wav,TESS,OAF,happy,happy,OAF_shout_happy,OAF_shout_happy.wav,test
C:\Users\34722\OneDrive\Escritorio\TFG\Reconocimiento emociones audio\RavdessTessSavee\datos_crudos\tess\TESS Toronto emotional speech set data\OAF_happy\OAF_size_happy.wav,TESS,OAF,happy,happy,OAF_size_happy,OAF_size_happy.wav,train
C:\Users\34722\OneDrive\Escritorio\TFG\Reconocimiento emociones audio\RavdessTessSavee\datos_crudos\tess\TESS Toronto emotional speech set data\OAF_happy\OAF_soap_happy.wav,TESS,OAF,happy,happy,OAF_soap_happy,OAF_soap_happy.wav,valid
C:\Users\34722\OneDrive\Escritorio\TFG\Reconocimiento emociones audio\RavdessTessSavee\datos_crudos\tess\TESS Toronto emotional speech set data\OAF_happy\OAF_soup_happy.wav,TESS,OAF,happy,happy,OAF_soup_happy,OAF_soup_happy.wav,valid
C:\Users\34722\OneDrive\Escritorio\TFG\Reconocimiento emociones audio\RavdessTessSavee\datos_crudos\tess\TESS Toronto emotional speech set data\OAF_happy\OAF_sour_happy.wav,TESS,OAF,happy,happy,OAF_sour_happy,OAF_sour_happy.wav,valid
C:\Users\34722\OneDrive\Escritorio\TFG\Reconocimiento emociones audio\RavdessTessSavee\datos_crudos\tess\TESS Toronto emotional speech set data\OAF_happy\OAF_south_happy.wav,TESS,OAF,happy,happy,OAF_south_happy,OAF_south_happy.wav,train
C:\Users\34722\OneDrive\Escritorio\TFG\Reconocimiento emociones audio\RavdessTessSavee\datos_crudos\tess\TESS Toronto emotional speech set data\OAF_happy\OAF_sub_happy.wav,TESS,OAF,happy,happy,OAF_sub_happy,OAF_sub_happy.wav,train
C:\Users\34722\OneDrive\Escritorio\TFG\Reconocimiento emociones audio\RavdessTessSavee\datos_crudos\tess\TESS Toronto emotional speech set data\OAF_happy\OAF_such_happy.wav,TESS,OAF,happy,happy,OAF_such_happy,OAF_such_happy.wav,train
C:\Users\34722\OneDrive\Escritorio\TFG\Reconocimiento emociones audio\RavdessTessSavee\datos_crudos\tess\TESS Toronto emotional speech set data\OAF_happy\OAF_sure_happy.wav,TESS,OAF,happy,happy,OAF_sure_happy,OAF_sure_happy.wav,train
C:\Users\34722\OneDrive\Escritorio\TFG\Reconocimiento emociones audio\RavdessTessSavee\datos_crudos\tess\TESS Toronto emotional speech set data\OAF_happy\OAF_take_happy.wav,TESS,OAF,happy,happy,OAF_take_happy,OAF_take_happy.wav,train
C:\Users\34722\OneDrive\Escritorio\TFG\Reconocimiento emociones audio\RavdessTessSavee\datos_crudos\tess\TESS Toronto emotional speech set data\OAF_happy\OAF_talk_happy.wav,TESS,OAF,happy,happy,OAF_talk_happy,OAF_talk_happy.wav,valid
C:\Users\34722\OneDrive\Escritorio\TFG\Reconocimiento emociones audio\RavdessTessSavee\datos_crudos\tess\TESS Toronto emotional speech set data\OAF_happy\OAF_tape_happy.wav,TESS,OAF,happy,happy,OAF_tape_happy,OAF_tape_happy.wav,train
C:\Users\34722\OneDrive\Escritorio\TFG\Reconocimiento emociones audio\RavdessTessSavee\datos_crudos\tess\TESS Toronto emotional speech set data\OAF_happy\OAF_team_happy.wav,TESS,OAF,happy,happy,OAF_team_happy,OAF_team_happy.wav,valid
C:\Users\34722\OneDrive\Escritorio\TFG\Reconocimiento emociones audio\RavdessTessSavee\datos_crudos\tess\TESS Toronto emotional speech set data\OAF_happy\OAF_tell_happy.wav,TESS,OAF,happy,happy,OAF_tell_happy,OAF_tell_happy.wav,train
C:\Users\34722\OneDrive\Escritorio\TFG\Reconocimiento emociones audio\RavdessTessSavee\datos_crudos\tess\TESS Toronto emotional speech set data\OAF_happy\OAF_thin_happy.wav,TESS,OAF,happy,happy,OAF_thin_happy,OAF_thin_happy.wav,train
C:\Users\34722\OneDrive\Escritorio\TFG\Reconocimiento emociones audio\RavdessTessSavee\datos_crudos\tess\TESS Toronto emotional speech set data\OAF_happy\OAF_third_happy.wav,TESS,OAF,happy,happy,OAF_third_happy,OAF_third_happy.wav,test
C:\Users\34722\OneDrive\Escritorio\TFG\Reconocimiento emociones audio\RavdessTessSavee\datos_crudos\tess\TESS Toronto emotional speech set data\OAF_happy\OAF_thought_happy.wav,TESS,OAF,happy,happy,OAF_thought_happy,OAF_thought_happy.wav,train
C:\Users\34722\OneDrive\Escritorio\TFG\Reconocimiento emociones audio\RavdessTessSavee\datos_crudos\tess\TESS Toronto emotional speech set data\OAF_happy\OAF_thumb_happy.wav,TESS,OAF,happy,happy,OAF_thumb_happy,OAF_thumb_happy.wav,train
C:\Users\34722\OneDrive\Escritorio\TFG\Reconocimiento emociones audio\RavdessTessSavee\datos_crudos\tess\TESS Toronto emotional speech set data\OAF_happy\OAF_time_happy.wav,TESS,OAF,happy,happy,OAF_time_happy,OAF_time_happy.wav,train
C:\Users\34722\OneDrive\Escritorio\TFG\Reconocimiento emociones audio\RavdessTessSavee\datos_crudos\tess\TESS Toronto emotional speech set data\OAF_happy\OAF_tip_happy.wav,TESS,OAF,happy,happy,OAF_tip_happy,OAF_tip_happy.wav,test
C:\Users\34722\OneDrive\Escritorio\TFG\Reconocimiento emociones audio\RavdessTessSavee\datos_crudos\tess\TESS Toronto emotional speech set data\OAF_happy\OAF_tire_happy.wav,TESS,OAF,happy,happy,OAF_tire_happy,OAF_tire_happy.wav,valid
C:\Users\34722\OneDrive\Escritorio\TFG\Reconocimiento emociones audio\RavdessTessSavee\datos_crudos\tess\TESS Toronto emotional speech set data\OAF_happy\OAF_ton_happy.wav,TESS,OAF,happy,happy,OAF_ton_happy,OAF_ton_happy.wav,valid
C:\Users\34722\OneDrive\Escritorio\TFG\Reconocimiento emociones audio\RavdessTessSavee\datos_crudos\tess\TESS Toronto emotional speech set data\OAF_happy\OAF_tool_happy.wav,TESS,OAF,happy,happy,OAF_tool_happy,OAF_tool_happy.wav,train
C:\Users\34722\OneDrive\Escritorio\TFG\Reconocimiento emociones audio\RavdessTessSavee\datos_crudos\tess\TESS Toronto emotional speech set data\OAF_happy\OAF_tough_happy.wav,TESS,OAF,happy,happy,OAF_tough_happy,OAF_tough_happy.wav,train
C:\Users\34722\OneDrive\Escritorio\TFG\Reconocimiento emociones audio\RavdessTessSavee\datos_crudos\tess\TESS Toronto emotional speech set data\OAF_happy\OAF_turn_happy.wav,TESS,OAF,happy,happy,OAF_turn_happy,OAF_turn_happy.wav,train
C:\Users\34722\OneDrive\Escritorio\TFG\Reconocimiento emociones audio\RavdessTessSavee\datos_crudos\tess\TESS Toronto emotional speech set data\OAF_happy\OAF_vine_happy.wav,TESS,OAF,happy,happy,OAF_vine_happy,OAF_vine_happy.wav,train
C:\Users\34722\OneDrive\Escritorio\TFG\Reconocimiento emociones audio\RavdessTessSavee\datos_crudos\tess\TESS Toronto emotional speech set data\OAF_happy\OAF_voice_happy.wav,TESS,OAF,happy,happy,OAF_voice_happy,OAF_voice_happy.wav,train
C:\Users\34722\OneDrive\Escritorio\TFG\Reconocimiento emociones audio\RavdessTessSavee\datos_crudos\tess\TESS Toronto emotional speech set data\OAF_happy\OAF_void_happy.wav,TESS,OAF,happy,happy,OAF_void_happy,OAF_void_happy.wav,train
C:\Users\34722\OneDrive\Escritorio\TFG\Reconocimiento emociones audio\RavdessTessSavee\datos_crudos\tess\TESS Toronto emotional speech set data\OAF_happy\OAF_vote_happy.wav,TESS,OAF,happy,happy,OAF_vote_happy,OAF_vote_happy.wav,train
C:\Users\34722\OneDrive\Escritorio\TFG\Reconocimiento emociones audio\RavdessTessSavee\datos_crudos\tess\TESS Toronto emotional speech set data\OAF_happy\OAF_wag_happy.wav,TESS,OAF,happy,happy,OAF_wag_happy,OAF_wag_happy.wav,valid
C:\Users\34722\OneDrive\Escritorio\TFG\Reconocimiento emociones audio\RavdessTessSavee\datos_crudos\tess\TESS Toronto emotional speech set data\OAF_happy\OAF_walk_happy.wav,TESS,OAF,happy,happy,OAF_walk_happy,OAF_walk_happy.wav,train
C:\Users\34722\OneDrive\Escritorio\TFG\Reconocimiento emociones audio\RavdessTessSavee\datos_crudos\tess\TESS Toronto emotional speech set data\OAF_happy\OAF_wash_happy.wav,TESS,OAF,happy,happy,OAF_wash_happy,OAF_wash_happy.wav,train
C:\Users\34722\OneDrive\Escritorio\TFG\Reconocimiento emociones audio\RavdessTessSavee\datos_crudos\tess\TESS Toronto emotional speech set data\OAF_happy\OAF_week_happy.wav,TESS,OAF,happy,happy,OAF_week_happy,OAF_week_happy.wav,train
C:\Users\34722\OneDrive\Escritorio\TFG\Reconocimiento emociones audio\RavdessTessSavee\datos_crudos\tess\TESS Toronto emotional speech set data\OAF_happy\OAF_wheat_happy.wav,TESS,OAF,happy,happy,OAF_wheat_happy,OAF_wheat_happy.wav,train
C:\Users\34722\OneDrive\Escritorio\TFG\Reconocimiento emociones audio\RavdessTessSavee\datos_crudos\tess\TESS Toronto emotional speech set data\OAF_happy\OAF_when_happy.wav,TESS,OAF,happy,happy,OAF_when_happy,OAF_when_happy.wav,train
C:\Users\34722\OneDrive\Escritorio\TFG\Reconocimiento emociones audio\RavdessTessSavee\datos_crudos\tess\TESS Toronto emotional speech set data\OAF_happy\OAF_which_happy.wav,TESS,OAF,happy,happy,OAF_which_happy,OAF_which_happy.wav,valid
C:\Users\34722\OneDrive\Escritorio\TFG\Reconocimiento emociones audio\RavdessTessSavee\datos_crudos\tess\TESS Toronto emotional speech set data\OAF_happy\OAF_whip_happy.wav,TESS,OAF,happy,happy,OAF_whip_happy,OAF_whip_happy.wav,valid
C:\Users\34722\OneDrive\Escritorio\TFG\Reconocimiento emociones audio\RavdessTessSavee\datos_crudos\tess\TESS Toronto emotional speech set data\OAF_happy\OAF_white_happy.wav,TESS,OAF,happy,happy,OAF_white_happy,OAF_white_happy.wav,train
C:\Users\34722\OneDrive\Escritorio\TFG\Reconocimiento emociones audio\RavdessTessSavee\datos_crudos\tess\TESS Toronto emotional speech set data\OAF_happy\OAF_wife_happy.wav,TESS,OAF,happy,happy,OAF_wife_happy,OAF_wife_happy.wav,train
C:\Users\34722\OneDrive\Escritorio\TFG\Reconocimiento emociones audio\RavdessTessSavee\datos_crudos\tess\TESS Toronto emotional speech set data\OAF_happy\OAF_wire_happy.wav,TESS,OAF,happy,happy,OAF_wire_happy,OAF_wire_happy.wav,valid
C:\Users\34722\OneDrive\Escritorio\TFG\Reconocimiento emociones audio\RavdessTessSavee\datos_crudos\tess\TESS Toronto emotional speech set data\OAF_happy\OAF_witch_happy.wav,TESS,OAF,happy,happy,OAF_witch_happy,OAF_witch_happy.wav,train
C:\Users\34722\OneDrive\Escritorio\TFG\Reconocimiento emociones audio\RavdessTessSavee\datos_crudos\tess\TESS Toronto emotional speech set data\OAF_happy\OAF_yearn_happy.wav,TESS,OAF,happy,happy,OAF_yearn_happy,OAF_yearn_happy.wav,train
C:\Users\34722\OneDrive\Escritorio\TFG\Reconocimiento emociones audio\RavdessTessSavee\datos_crudos\tess\TESS Toronto emotional speech set data\OAF_happy\OAF_yes_happy.wav,TESS,OAF,happy,happy,OAF_yes_happy,OAF_yes_happy.wav,train
C:\Users\34722\OneDrive\Escritorio\TFG\Reconocimiento emociones audio\RavdessTessSavee\datos_crudos\tess\TESS Toronto emotional speech set data\OAF_happy\OAF_young_happy.wav,TESS,OAF,happy,happy,OAF_young_happy,OAF_young_happy.wav,test
C:\Users\34722\OneDrive\Escritorio\TFG\Reconocimiento emociones audio\RavdessTessSavee\datos_crudos\tess\TESS Toronto emotional speech set data\OAF_happy\OAF_youth_happy.wav,TESS,OAF,happy,happy,OAF_youth_happy,OAF_youth_happy.wav,train
C:\Users\34722\OneDrive\Escritorio\TFG\Reconocimiento emociones audio\RavdessTessSavee\datos_crudos\tess\TESS Toronto emotional speech set data\OAF_Sad\OAF_back_sad.wav,TESS,OAF,sad,sad,OAF_back_sad,OAF_back_sad.wav,train
C:\Users\34722\OneDrive\Escritorio\TFG\Reconocimiento emociones audio\RavdessTessSavee\datos_crudos\tess\TESS Toronto emotional speech set data\OAF_Sad\OAF_bar_sad.wav,TESS,OAF,sad,sad,OAF_bar_sad,OAF_bar_sad.wav,test
C:\Users\34722\OneDrive\Escritorio\TFG\Reconocimiento emociones audio\RavdessTessSavee\datos_crudos\tess\TESS Toronto emotional speech set data\OAF_Sad\OAF_base_sad.wav,TESS,OAF,sad,sad,OAF_base_sad,OAF_base_sad.wav,valid
C:\Users\34722\OneDrive\Escritorio\TFG\Reconocimiento emociones audio\RavdessTessSavee\datos_crudos\tess\TESS Toronto emotional speech set data\OAF_Sad\OAF_bath_sad.wav,TESS,OAF,sad,sad,OAF_bath_sad,OAF_bath_sad.wav,train
C:\Users\34722\OneDrive\Escritorio\TFG\Reconocimiento emociones audio\RavdessTessSavee\datos_crudos\tess\TESS Toronto emotional speech set data\OAF_Sad\OAF_bean_sad.wav,TESS,OAF,sad,sad,OAF_bean_sad,OAF_bean_sad.wav,train
C:\Users\34722\OneDrive\Escritorio\TFG\Reconocimiento emociones audio\RavdessTessSavee\datos_crudos\tess\TESS Toronto emotional speech set data\OAF_Sad\OAF_beg_sad.wav,TESS,OAF,sad,sad,OAF_beg_sad,OAF_beg_sad.wav,train
C:\Users\34722\OneDrive\Escritorio\TFG\Reconocimiento emociones audio\RavdessTessSavee\datos_crudos\tess\TESS Toronto emotional speech set data\OAF_Sad\OAF_bite_sad.wav,TESS,OAF,sad,sad,OAF_bite_sad,OAF_bite_sad.wav,train
C:\Users\34722\OneDrive\Escritorio\TFG\Reconocimiento emociones audio\RavdessTessSavee\datos_crudos\tess\TESS Toronto emotional speech set data\OAF_Sad\OAF_boat_sad.wav,TESS,OAF,sad,sad,OAF_boat_sad,OAF_boat_sad.wav,train
C:\Users\34722\OneDrive\Escritorio\TFG\Reconocimiento emociones audio\RavdessTessSavee\datos_crudos\tess\TESS Toronto emotional speech set data\OAF_Sad\OAF_bone_sad.wav,TESS,OAF,sad,sad,OAF_bone_sad,OAF_bone_sad.wav,train
C:\Users\34722\OneDrive\Escritorio\TFG\Reconocimiento emociones audio\RavdessTessSavee\datos_crudos\tess\TESS Toronto emotional speech set data\OAF_Sad\OAF_book_sad.wav,TESS,OAF,sad,sad,OAF_book_sad,OAF_book_sad.wav,train
C:\Users\34722\OneDrive\Escritorio\TFG\Reconocimiento emociones audio\RavdessTessSavee\datos_crudos\tess\TESS Toronto emotional speech set data\OAF_Sad\OAF_bought_sad.wav,TESS,OAF,sad,sad,OAF_bought_sad,OAF_bought_sad.wav,train
C:\Users\34722\OneDrive\Escritorio\TFG\Reconocimiento emociones audio\RavdessTessSavee\datos_crudos\tess\TESS Toronto emotional speech set data\OAF_Sad\OAF_burn_sad.wav,TESS,OAF,sad,sad,OAF_burn_sad,OAF_burn_sad.wav,train
C:\Users\34722\OneDrive\Escritorio\TFG\Reconocimiento emociones audio\RavdessTessSavee\datos_crudos\tess\TESS Toronto emotional speech set data\OAF_Sad\OAF_cab_sad.wav,TESS,OAF,sad,sad,OAF_cab_sad,OAF_cab_sad.wav,train
C:\Users\34722\OneDrive\Escritorio\TFG\Reconocimiento emociones audio\RavdessTessSavee\datos_crudos\tess\TESS Toronto emotional speech set data\OAF_Sad\OAF_calm_sad.wav,TESS,OAF,sad,sad,OAF_calm_sad,OAF_calm_sad.wav,train
C:\Users\34722\OneDrive\Escritorio\TFG\Reconocimiento emociones audio\RavdessTessSavee\datos_crudos\tess\TESS Toronto emotional speech set data\OAF_Sad\OAF_came_sad.wav,TESS,OAF,sad,sad,OAF_came_sad,OAF_came_sad.wav,test
C:\Users\34722\OneDrive\Escritorio\TFG\Reconocimiento emociones audio\RavdessTessSavee\datos_crudos\tess\TESS Toronto emotional speech set data\OAF_Sad\OAF_cause_sad.wav,TESS,OAF,sad,sad,OAF_cause_sad,OAF_cause_sad.wav,train
C:\Users\34722\OneDrive\Escritorio\TFG\Reconocimiento emociones audio\RavdessTessSavee\datos_crudos\tess\TESS Toronto emotional speech set data\OAF_Sad\OAF_chain_sad.wav,TESS,OAF,sad,sad,OAF_chain_sad,OAF_chain_sad.wav,train
C:\Users\34722\OneDrive\Escritorio\TFG\Reconocimiento emociones audio\RavdessTessSavee\datos_crudos\tess\TESS Toronto emotional speech set data\OAF_Sad\OAF_chair_sad.wav,TESS,OAF,sad,sad,OAF_chair_sad,OAF_chair_sad.wav,train
C:\Users\34722\OneDrive\Escritorio\TFG\Reconocimiento emociones audio\RavdessTessSavee\datos_crudos\tess\TESS Toronto emotional speech set data\OAF_Sad\OAF_chalk_sad.wav,TESS,OAF,sad,sad,OAF_chalk_sad,OAF_chalk_sad.wav,train
C:\Users\34722\OneDrive\Escritorio\TFG\Reconocimiento emociones audio\RavdessTessSavee\datos_crudos\tess\TESS Toronto emotional speech set data\OAF_Sad\OAF_chat_sad.wav,TESS,OAF,sad,sad,OAF_chat_sad,OAF_chat_sad.wav,train
C:\Users\34722\OneDrive\Escritorio\TFG\Reconocimiento emociones audio\RavdessTessSavee\datos_crudos\tess\TESS Toronto emotional speech set data\OAF_Sad\OAF_check_sad.wav,TESS,OAF,sad,sad,OAF_check_sad,OAF_check_sad.wav,valid
C:\Users\34722\OneDrive\Escritorio\TFG\Reconocimiento emociones audio\RavdessTessSavee\datos_crudos\tess\TESS Toronto emotional speech set data\OAF_Sad\OAF_cheek_sad.wav,TESS,OAF,sad,sad,OAF_cheek_sad,OAF_cheek_sad.wav,train
C:\Users\34722\OneDrive\Escritorio\TFG\Reconocimiento emociones audio\RavdessTessSavee\datos_crudos\tess\TESS Toronto emotional speech set data\OAF_Sad\OAF_chief_sad.wav,TESS,OAF,sad,sad,OAF_chief_sad,OAF_chief_sad.wav,train
C:\Users\34722\OneDrive\Escritorio\TFG\Reconocimiento emociones audio\RavdessTessSavee\datos_crudos\tess\TESS Toronto emotional speech set data\OAF_Sad\OAF_choice_sad.wav,TESS,OAF,sad,sad,OAF_choice_sad,OAF_choice_sad.wav,train
C:\Users\34722\OneDrive\Escritorio\TFG\Reconocimiento emociones audio\RavdessTessSavee\datos_crudos\tess\TESS Toronto emotional speech set data\OAF_Sad\OAF_cool_sad.wav,TESS,OAF,sad,sad,OAF_cool_sad,OAF_cool_sad.wav,test
C:\Users\34722\OneDrive\Escritorio\TFG\Reconocimiento emociones audio\RavdessTessSavee\datos_crudos\tess\TESS Toronto emotional speech set data\OAF_Sad\OAF_dab_sad.wav,TESS,OAF,sad,sad,OAF_dab_sad,OAF_dab_sad.wav,train
C:\Users\34722\OneDrive\Escritorio\TFG\Reconocimiento emociones audio\RavdessTessSavee\datos_crudos\tess\TESS Toronto emotional speech set data\OAF_Sad\OAF_date_sad.wav,TESS,OAF,sad,sad,OAF_date_sad,OAF_date_sad.wav,train
C:\Users\34722\OneDrive\Escritorio\TFG\Reconocimiento emociones audio\RavdessTessSavee\datos_crudos\tess\TESS Toronto emotional speech set data\OAF_Sad\OAF_dead_sad.wav,TESS,OAF,sad,sad,OAF_dead_sad,OAF_dead_sad.wav,train
C:\Users\34722\OneDrive\Escritorio\TFG\Reconocimiento emociones audio\RavdessTessSavee\datos_crudos\tess\TESS Toronto emotional speech set data\OAF_Sad\OAF_death_sad.wav,TESS,OAF,sad,sad,OAF_death_sad,OAF_death_sad.wav,valid
C:\Users\34722\OneDrive\Escritorio\TFG\Reconocimiento emociones audio\RavdessTessSavee\datos_crudos\tess\TESS Toronto emotional speech set data\OAF_Sad\OAF_deep_sad.wav,TESS,OAF,sad,sad,OAF_deep_sad,OAF_deep_sad.wav,train
C:\Users\34722\OneDrive\Escritorio\TFG\Reconocimiento emociones audio\RavdessTessSavee\datos_crudos\tess\TESS Toronto emotional speech set data\OAF_Sad\OAF_dime_sad.wav,TESS,OAF,sad,sad,OAF_dime_sad,OAF_dime_sad.wav,train
C:\Users\34722\OneDrive\Escritorio\TFG\Reconocimiento emociones audio\RavdessTessSavee\datos_crudos\tess\TESS Toronto emotional speech set data\OAF_Sad\OAF_dip_sad.wav,TESS,OAF,sad,sad,OAF_dip_sad,OAF_dip_sad.wav,test
C:\Users\34722\OneDrive\Escritorio\TFG\Reconocimiento emociones audio\RavdessTessSavee\datos_crudos\tess\TESS Toronto emotional speech set data\OAF_Sad\OAF_ditch_sad.wav,TESS,OAF,sad,sad,OAF_ditch_sad,OAF_ditch_sad.wav,train
C:\Users\34722\OneDrive\Escritorio\TFG\Reconocimiento emociones audio\RavdessTessSavee\datos_crudos\tess\TESS Toronto emotional speech set data\OAF_Sad\OAF_dodge_sad.wav,TESS,OAF,sad,sad,OAF_dodge_sad,OAF_dodge_sad.wav,test
C:\Users\34722\OneDrive\Escritorio\TFG\Reconocimiento emociones audio\RavdessTessSavee\datos_crudos\tess\TESS Toronto emotional speech set data\OAF_Sad\OAF_dog_sad.wav,TESS,OAF,sad,sad,OAF_dog_sad,OAF_dog_sad.wav,test
C:\Users\34722\OneDrive\Escritorio\TFG\Reconocimiento emociones audio\RavdessTessSavee\datos_crudos\tess\TESS Toronto emotional speech set data\OAF_Sad\OAF_doll_sad.wav,TESS,OAF,sad,sad,OAF_doll_sad,OAF_doll_sad.wav,valid
C:\Users\34722\OneDrive\Escritorio\TFG\Reconocimiento emociones audio\RavdessTessSavee\datos_crudos\tess\TESS Toronto emotional speech set data\OAF_Sad\OAF_door_sad.wav,TESS,OAF,sad,sad,OAF_door_sad,OAF_door_sad.wav,train
C:\Users\34722\OneDrive\Escritorio\TFG\Reconocimiento emociones audio\RavdessTessSavee\datos_crudos\tess\TESS Toronto emotional speech set data\OAF_Sad\OAF_fail_sad.wav,TESS,OAF,sad,sad,OAF_fail_sad,OAF_fail_sad.wav,test
C:\Users\34722\OneDrive\Escritorio\TFG\Reconocimiento emociones audio\RavdessTessSavee\datos_crudos\tess\TESS Toronto emotional speech set data\OAF_Sad\OAF_fall_sad.wav,TESS,OAF,sad,sad,OAF_fall_sad,OAF_fall_sad.wav,train
C:\Users\34722\OneDrive\Escritorio\TFG\Reconocimiento emociones audio\RavdessTessSavee\datos_crudos\tess\TESS Toronto emotional speech set data\OAF_Sad\OAF_far_sad.wav,TESS,OAF,sad,sad,OAF_far_sad,OAF_far_sad.wav,valid
C:\Users\34722\OneDrive\Escritorio\TFG\Reconocimiento emociones audio\RavdessTessSavee\datos_crudos\tess\TESS Toronto emotional speech set data\OAF_Sad\OAF_fat_sad.wav,TESS,OAF,sad,sad,OAF_fat_sad,OAF_fat_sad.wav,train
C:\Users\34722\OneDrive\Escritorio\TFG\Reconocimiento emociones audio\RavdessTessSavee\datos_crudos\tess\TESS Toronto emotional speech set data\OAF_Sad\OAF_fit_sad.wav,TESS,OAF,sad,sad,OAF_fit_sad,OAF_fit_sad.wav,test
C:\Users\34722\OneDrive\Escritorio\TFG\Reconocimiento emociones audio\RavdessTessSavee\datos_crudos\tess\TESS Toronto emotional speech set data\OAF_Sad\OAF_five_sad.wav,TESS,OAF,sad,sad,OAF_five_sad,OAF_five_sad.wav,train
C:\Users\34722\OneDrive\Escritorio\TFG\Reconocimiento emociones audio\RavdessTessSavee\datos_crudos\tess\TESS Toronto emotional speech set data\OAF_Sad\OAF_food_sad.wav,TESS,OAF,sad,sad,OAF_food_sad,OAF_food_sad.wav,valid
C:\Users\34722\OneDrive\Escritorio\TFG\Reconocimiento emociones audio\RavdessTessSavee\datos_crudos\tess\TESS Toronto emotional speech set data\OAF_Sad\OAF_gap_sad.wav,TESS,OAF,sad,sad,OAF_gap_sad,OAF_gap_sad.wav,test
C:\Users\34722\OneDrive\Escritorio\TFG\Reconocimiento emociones audio\RavdessTessSavee\datos_crudos\tess\TESS Toronto emotional speech set data\OAF_Sad\OAF_gas_sad.wav,TESS,OAF,sad,sad,OAF_gas_sad,OAF_gas_sad.wav,train
C:\Users\34722\OneDrive\Escritorio\TFG\Reconocimiento emociones audio\RavdessTessSavee\datos_crudos\tess\TESS Toronto emotional speech set data\OAF_Sad\OAF_gaze_sad.wav,TESS,OAF,sad,sad,OAF_gaze_sad,OAF_gaze_sad.wav,valid
C:\Users\34722\OneDrive\Escritorio\TFG\Reconocimiento emociones audio\RavdessTessSavee\datos_crudos\tess\TESS Toronto emotional speech set data\OAF_Sad\OAF_germ_sad.wav,TESS,OAF,sad,sad,OAF_germ_sad,OAF_germ_sad.wav,test
C:\Users\34722\OneDrive\Escritorio\TFG\Reconocimiento emociones audio\RavdessTessSavee\datos_crudos\tess\TESS Toronto emotional speech set data\OAF_Sad\OAF_get_sad.wav,TESS,OAF,sad,sad,OAF_get_sad,OAF_get_sad.wav,train
C:\Users\34722\OneDrive\Escritorio\TFG\Reconocimiento emociones audio\RavdessTessSavee\datos_crudos\tess\TESS Toronto emotional speech set data\OAF_Sad\OAF_gin_sad.wav,TESS,OAF,sad,sad,OAF_gin_sad,OAF_gin_sad.wav,train
C:\Users\34722\OneDrive\Escritorio\TFG\Reconocimiento emociones audio\RavdessTessSavee\datos_crudos\tess\TESS Toronto emotional speech set data\OAF_Sad\OAF_goal_sad.wav,TESS,OAF,sad,sad,OAF_goal_sad,OAF_goal_sad.wav,valid
C:\Users\34722\OneDrive\Escritorio\TFG\Reconocimiento emociones audio\RavdessTessSavee\datos_crudos\tess\TESS Toronto emotional speech set data\OAF_Sad\OAF_good_sad.wav,TESS,OAF,sad,sad,OAF_good_sad,OAF_good_sad.wav,train
C:\Users\34722\OneDrive\Escritorio\TFG\Reconocimiento emociones audio\RavdessTessSavee\datos_crudos\tess\TESS Toronto emotional speech set data\OAF_Sad\OAF_goose_sad.wav,TESS,OAF,sad,sad,OAF_goose_sad,OAF_goose_sad.wav,train
C:\Users\34722\OneDrive\Escritorio\TFG\Reconocimiento emociones audio\RavdessTessSavee\datos_crudos\tess\TESS Toronto emotional speech set data\OAF_Sad\OAF_gun_sad.wav,TESS,OAF,sad,sad,OAF_gun_sad,OAF_gun_sad.wav,test
C:\Users\34722\OneDrive\Escritorio\TFG\Reconocimiento emociones audio\RavdessTessSavee\datos_crudos\tess\TESS Toronto emotional speech set data\OAF_Sad\OAF_half_sad.wav,TESS,OAF,sad,sad,OAF_half_sad,OAF_half_sad.wav,train
C:\Users\34722\OneDrive\Escritorio\TFG\Reconocimiento emociones audio\RavdessTessSavee\datos_crudos\tess\TESS Toronto emotional speech set data\OAF_Sad\OAF_hall_sad.wav,TESS,OAF,sad,sad,OAF_hall_sad,OAF_hall_sad.wav,train
C:\Users\34722\OneDrive\Escritorio\TFG\Reconocimiento emociones audio\RavdessTessSavee\datos_crudos\tess\TESS Toronto emotional speech set data\OAF_Sad\OAF_hash_sad.wav,TESS,OAF,sad,sad,OAF_hash_sad,OAF_hash_sad.wav,test
C:\Users\34722\OneDrive\Escritorio\TFG\Reconocimiento emociones audio\RavdessTessSavee\datos_crudos\tess\TESS Toronto emotional speech set data\OAF_Sad\OAF_hate_sad.wav,TESS,OAF,sad,sad,OAF_hate_sad,OAF_hate_sad.wav,valid
C:\Users\34722\OneDrive\Escritorio\TFG\Reconocimiento emociones audio\RavdessTessSavee\datos_crudos\tess\TESS Toronto emotional speech set data\OAF_Sad\OAF_have_sad.wav,TESS,OAF,sad,sad,OAF_have_sad,OAF_have_sad.wav,train
C:\Users\34722\OneDrive\Escritorio\TFG\Reconocimiento emociones audio\RavdessTessSavee\datos_crudos\tess\TESS Toronto emotional speech set data\OAF_Sad\OAF_haze_sad.wav,TESS,OAF,sad,sad,OAF_haze_sad,OAF_haze_sad.wav,train
C:\Users\34722\OneDrive\Escritorio\TFG\Reconocimiento emociones audio\RavdessTessSavee\datos_crudos\tess\TESS Toronto emotional speech set data\OAF_Sad\OAF_hire_sad.wav,TESS,OAF,sad,sad,OAF_hire_sad,OAF_hire_sad.wav,train
C:\Users\34722\OneDrive\Escritorio\TFG\Reconocimiento emociones audio\RavdessTessSavee\datos_crudos\tess\TESS Toronto emotional speech set data\OAF_Sad\OAF_hit_sad.wav,TESS,OAF,sad,sad,OAF_hit_sad,OAF_hit_sad.wav,valid
C:\Users\34722\OneDrive\Escritorio\TFG\Reconocimiento emociones audio\RavdessTessSavee\datos_crudos\tess\TESS Toronto emotional speech set data\OAF_Sad\OAF_hole_sad.wav,TESS,OAF,sad,sad,OAF_hole_sad,OAF_hole_sad.wav,train
C:\Users\34722\OneDrive\Escritorio\TFG\Reconocimiento emociones audio\RavdessTessSavee\datos_crudos\tess\TESS Toronto emotional speech set data\OAF_Sad\OAF_home_sad.wav,TESS,OAF,sad,sad,OAF_home_sad,OAF_home_sad.wav,train
C:\Users\34722\OneDrive\Escritorio\TFG\Reconocimiento emociones audio\RavdessTessSavee\datos_crudos\tess\TESS Toronto emotional speech set data\OAF_Sad\OAF_hurl_sad.wav,TESS,OAF,sad,sad,OAF_hurl_sad,OAF_hurl_sad.wav,test
C:\Users\34722\OneDrive\Escritorio\TFG\Reconocimiento emociones audio\RavdessTessSavee\datos_crudos\tess\TESS Toronto emotional speech set data\OAF_Sad\OAF_hush_sad.wav,TESS,OAF,sad,sad,OAF_hush_sad,OAF_hush_sad.wav,train
C:\Users\34722\OneDrive\Escritorio\TFG\Reconocimiento emociones audio\RavdessTessSavee\datos_crudos\tess\TESS Toronto emotional speech set data\OAF_Sad\OAF_jail_sad.wav,TESS,OAF,sad,sad,OAF_jail_sad,OAF_jail_sad.wav,train
C:\Users\34722\OneDrive\Escritorio\TFG\Reconocimiento emociones audio\RavdessTessSavee\datos_crudos\tess\TESS Toronto emotional speech set data\OAF_Sad\OAF_jar_sad.wav,TESS,OAF,sad,sad,OAF_jar_sad,OAF_jar_sad.wav,test
C:\Users\34722\OneDrive\Escritorio\TFG\Reconocimiento emociones audio\RavdessTessSavee\datos_crudos\tess\TESS Toronto emotional speech set data\OAF_Sad\OAF_join_sad.wav,TESS,OAF,sad,sad,OAF_join_sad,OAF_join_sad.wav,train
C:\Users\34722\OneDrive\Escritorio\TFG\Reconocimiento emociones audio\RavdessTessSavee\datos_crudos\tess\TESS Toronto emotional speech set data\OAF_Sad\OAF_judge_sad.wav,TESS,OAF,sad,sad,OAF_judge_sad,OAF_judge_sad.wav,train
C:\Users\34722\OneDrive\Escritorio\TFG\Reconocimiento emociones audio\RavdessTessSavee\datos_crudos\tess\TESS Toronto emotional speech set data\OAF_Sad\OAF_jug_sad.wav,TESS,OAF,sad,sad,OAF_jug_sad,OAF_jug_sad.wav,train
C:\Users\34722\OneDrive\Escritorio\TFG\Reconocimiento emociones audio\RavdessTessSavee\datos_crudos\tess\TESS Toronto emotional speech set data\OAF_Sad\OAF_juice_sad.wav,TESS,OAF,sad,sad,OAF_juice_sad,OAF_juice_sad.wav,train
C:\Users\34722\OneDrive\Escritorio\TFG\Reconocimiento emociones audio\RavdessTessSavee\datos_crudos\tess\TESS Toronto emotional speech set data\OAF_Sad\OAF_keen_sad.wav,TESS,OAF,sad,sad,OAF_keen_sad,OAF_keen_sad.wav,train
C:\Users\34722\OneDrive\Escritorio\TFG\Reconocimiento emociones audio\RavdessTessSavee\datos_crudos\tess\TESS Toronto emotional speech set data\OAF_Sad\OAF_keep_sad.wav,TESS,OAF,sad,sad,OAF_keep_sad,OAF_keep_sad.wav,train
C:\Users\34722\OneDrive\Escritorio\TFG\Reconocimiento emociones audio\RavdessTessSavee\datos_crudos\tess\TESS Toronto emotional speech set data\OAF_Sad\OAF_keg_sad.wav,TESS,OAF,sad,sad,OAF_keg_sad,OAF_keg_sad.wav,train
C:\Users\34722\OneDrive\Escritorio\TFG\Reconocimiento emociones audio\RavdessTessSavee\datos_crudos\tess\TESS Toronto emotional speech set data\OAF_Sad\OAF_kick_sad.wav,TESS,OAF,sad,sad,OAF_kick_sad,OAF_kick_sad.wav,test
C:\Users\34722\OneDrive\Escritorio\TFG\Reconocimiento emociones audio\RavdessTessSavee\datos_crudos\tess\TESS Toronto emotional speech set data\OAF_Sad\OAF_kill_sad.wav,TESS,OAF,sad,sad,OAF_kill_sad,OAF_kill_sad.wav,train
C:\Users\34722\OneDrive\Escritorio\TFG\Reconocimiento emociones audio\RavdessTessSavee\datos_crudos\tess\TESS Toronto emotional speech set data\OAF_Sad\OAF_king_sad.wav,TESS,OAF,sad,sad,OAF_king_sad,OAF_king_sad.wav,train
C:\Users\34722\OneDrive\Escritorio\TFG\Reconocimiento emociones audio\RavdessTessSavee\datos_crudos\tess\TESS Toronto emotional speech set data\OAF_Sad\OAF_kite_sad.wav,TESS,OAF,sad,sad,OAF_kite_sad,OAF_kite_sad.wav,valid
C:\Users\34722\OneDrive\Escritorio\TFG\Reconocimiento emociones audio\RavdessTessSavee\datos_crudos\tess\TESS Toronto emotional speech set data\OAF_Sad\OAF_knock_sad.wav,TESS,OAF,sad,sad,OAF_knock_sad,OAF_knock_sad.wav,test
C:\Users\34722\OneDrive\Escritorio\TFG\Reconocimiento emociones audio\RavdessTessSavee\datos_crudos\tess\TESS Toronto emotional speech set data\OAF_Sad\OAF_late_sad.wav,TESS,OAF,sad,sad,OAF_late_sad,OAF_late_sad.wav,train
C:\Users\34722\OneDrive\Escritorio\TFG\Reconocimiento emociones audio\RavdessTessSavee\datos_crudos\tess\TESS Toronto emotional speech set data\OAF_Sad\OAF_laud_sad.wav,TESS,OAF,sad,sad,OAF_laud_sad,OAF_laud_sad.wav,train
C:\Users\34722\OneDrive\Escritorio\TFG\Reconocimiento emociones audio\RavdessTessSavee\datos_crudos\tess\TESS Toronto emotional speech set data\OAF_Sad\OAF_lean_sad.wav,TESS,OAF,sad,sad,OAF_lean_sad,OAF_lean_sad.wav,test
C:\Users\34722\OneDrive\Escritorio\TFG\Reconocimiento emociones audio\RavdessTessSavee\datos_crudos\tess\TESS Toronto emotional speech set data\OAF_Sad\OAF_learn_sad.wav,TESS,OAF,sad,sad,OAF_learn_sad,OAF_learn_sad.wav,train
C:\Users\34722\OneDrive\Escritorio\TFG\Reconocimiento emociones audio\RavdessTessSavee\datos_crudos\tess\TESS Toronto emotional speech set data\OAF_Sad\OAF_lease_sad.wav,TESS,OAF,sad,sad,OAF_lease_sad,OAF_lease_sad.wav,test
C:\Users\34722\OneDrive\Escritorio\TFG\Reconocimiento emociones audio\RavdessTessSavee\datos_crudos\tess\TESS Toronto emotional speech set data\OAF_Sad\OAF_lid_sad.wav,TESS,OAF,sad,sad,OAF_lid_sad,OAF_lid_sad.wav,train
C:\Users\34722\OneDrive\Escritorio\TFG\Reconocimiento emociones audio\RavdessTessSavee\datos_crudos\tess\TESS Toronto emotional speech set data\OAF_Sad\OAF_life_sad.wav,TESS,OAF,sad,sad,OAF_life_sad,OAF_life_sad.wav,train
C:\Users\34722\OneDrive\Escritorio\TFG\Reconocimiento emociones audio\RavdessTessSavee\datos_crudos\tess\TESS Toronto emotional speech set data\OAF_Sad\OAF_limb_sad.wav,TESS,OAF,sad,sad,OAF_limb_sad,OAF_limb_sad.wav,train
C:\Users\34722\OneDrive\Escritorio\TFG\Reconocimiento emociones audio\RavdessTessSavee\datos_crudos\tess\TESS Toronto emotional speech set data\OAF_Sad\OAF_live_sad.wav,TESS,OAF,sad,sad,OAF_live_sad,OAF_live_sad.wav,train
C:\Users\34722\OneDrive\Escritorio\TFG\Reconocimiento emociones audio\RavdessTessSavee\datos_crudos\tess\TESS Toronto emotional speech set data\OAF_Sad\OAF_loaf_sad.wav,TESS,OAF,sad,sad,OAF_loaf_sad,OAF_loaf_sad.wav,train
C:\Users\34722\OneDrive\Escritorio\TFG\Reconocimiento emociones audio\RavdessTessSavee\datos_crudos\tess\TESS Toronto emotional speech set data\OAF_Sad\OAF_long_sad.wav,TESS,OAF,sad,sad,OAF_long_sad,OAF_long_sad.wav,train
C:\Users\34722\OneDrive\Escritorio\TFG\Reconocimiento emociones audio\RavdessTessSavee\datos_crudos\tess\TESS Toronto emotional speech set data\OAF_Sad\OAF_lore_sad.wav,TESS,OAF,sad,sad,OAF_lore_sad,OAF_lore_sad.wav,train
C:\Users\34722\OneDrive\Escritorio\TFG\Reconocimiento emociones audio\RavdessTessSavee\datos_crudos\tess\TESS Toronto emotional speech set data\OAF_Sad\OAF_lose_sad.wav,TESS,OAF,sad,sad,OAF_lose_sad,OAF_lose_sad.wav,valid
C:\Users\34722\OneDrive\Escritorio\TFG\Reconocimiento emociones audio\RavdessTessSavee\datos_crudos\tess\TESS Toronto emotional speech set data\OAF_Sad\OAF_lot_sad.wav,TESS,OAF,sad,sad,OAF_lot_sad,OAF_lot_sad.wav,valid
C:\Users\34722\OneDrive\Escritorio\TFG\Reconocimiento emociones audio\RavdessTessSavee\datos_crudos\tess\TESS Toronto emotional speech set data\OAF_Sad\OAF_love_sad.wav,TESS,OAF,sad,sad,OAF_love_sad,OAF_love_sad.wav,train
C:\Users\34722\OneDrive\Escritorio\TFG\Reconocimiento emociones audio\RavdessTessSavee\datos_crudos\tess\TESS Toronto emotional speech set data\OAF_Sad\OAF_luck_sad.wav,TESS,OAF,sad,sad,OAF_luck_sad,OAF_luck_sad.wav,test
C:\Users\34722\OneDrive\Escritorio\TFG\Reconocimiento emociones audio\RavdessTessSavee\datos_crudos\tess\TESS Toronto emotional speech set data\OAF_Sad\OAF_make_sad.wav,TESS,OAF,sad,sad,OAF_make_sad,OAF_make_sad.wav,train
C:\Users\34722\OneDrive\Escritorio\TFG\Reconocimiento emociones audio\RavdessTessSavee\datos_crudos\tess\TESS Toronto emotional speech set data\OAF_Sad\OAF_match_sad.wav,TESS,OAF,sad,sad,OAF_match_sad,OAF_match_sad.wav,train
C:\Users\34722\OneDrive\Escritorio\TFG\Reconocimiento emociones audio\RavdessTessSavee\datos_crudos\tess\TESS Toronto emotional speech set data\OAF_Sad\OAF_merge_sad.wav,TESS,OAF,sad,sad,OAF_merge_sad,OAF_merge_sad.wav,valid
C:\Users\34722\OneDrive\Escritorio\TFG\Reconocimiento emociones audio\RavdessTessSavee\datos_crudos\tess\TESS Toronto emotional speech set data\OAF_Sad\OAF_mess_sad.wav,TESS,OAF,sad,sad,OAF_mess_sad,OAF_mess_sad.wav,valid
C:\Users\34722\OneDrive\Escritorio\TFG\Reconocimiento emociones audio\RavdessTessSavee\datos_crudos\tess\TESS Toronto emotional speech set data\OAF_Sad\OAF_met_sad.wav,TESS,OAF,sad,sad,OAF_met_sad,OAF_met_sad.wav,valid
C:\Users\34722\OneDrive\Escritorio\TFG\Reconocimiento emociones audio\RavdessTessSavee\datos_crudos\tess\TESS Toronto emotional speech set data\OAF_Sad\OAF_mill_sad.wav,TESS,OAF,sad,sad,OAF_mill_sad,OAF_mill_sad.wav,test
C:\Users\34722\OneDrive\Escritorio\TFG\Reconocimiento emociones audio\RavdessTessSavee\datos_crudos\tess\TESS Toronto emotional speech set data\OAF_Sad\OAF_mob_sad.wav,TESS,OAF,sad,sad,OAF_mob_sad,OAF_mob_sad.wav,train
C:\Users\34722\OneDrive\Escritorio\TFG\Reconocimiento emociones audio\RavdessTessSavee\datos_crudos\tess\TESS Toronto emotional speech set data\OAF_Sad\OAF_mode_sad.wav,TESS,OAF,sad,sad,OAF_mode_sad,OAF_mode_sad.wav,train
C:\Users\34722\OneDrive\Escritorio\TFG\Reconocimiento emociones audio\RavdessTessSavee\datos_crudos\tess\TESS Toronto emotional speech set data\OAF_Sad\OAF_mood_sad.wav,TESS,OAF,sad,sad,OAF_mood_sad,OAF_mood_sad.wav,train
C:\Users\34722\OneDrive\Escritorio\TFG\Reconocimiento emociones audio\RavdessTessSavee\datos_crudos\tess\TESS Toronto emotional speech set data\OAF_Sad\OAF_moon_sad.wav,TESS,OAF,sad,sad,OAF_moon_sad,OAF_moon_sad.wav,train
C:\Users\34722\OneDrive\Escritorio\TFG\Reconocimiento emociones audio\RavdessTessSavee\datos_crudos\tess\TESS Toronto emotional speech set data\OAF_Sad\OAF_mop_sad.wav,TESS,OAF,sad,sad,OAF_mop_sad,OAF_mop_sad.wav,test
C:\Users\34722\OneDrive\Escritorio\TFG\Reconocimiento emociones audio\RavdessTessSavee\datos_crudos\tess\TESS Toronto emotional speech set data\OAF_Sad\OAF_mouse_sad.wav,TESS,OAF,sad,sad,OAF_mouse_sad,OAF_mouse_sad.wav,train
C:\Users\34722\OneDrive\Escritorio\TFG\Reconocimiento emociones audio\RavdessTessSavee\datos_crudos\tess\TESS Toronto emotional speech set data\OAF_Sad\OAF_nag_sad.wav,TESS,OAF,sad,sad,OAF_nag_sad,OAF_nag_sad.wav,train
C:\Users\34722\OneDrive\Escritorio\TFG\Reconocimiento emociones audio\RavdessTessSavee\datos_crudos\tess\TESS Toronto emotional speech set data\OAF_Sad\OAF_name_sad.wav,TESS,OAF,sad,sad,OAF_name_sad,OAF_name_sad.wav,train
C:\Users\34722\OneDrive\Escritorio\TFG\Reconocimiento emociones audio\RavdessTessSavee\datos_crudos\tess\TESS Toronto emotional speech set data\OAF_Sad\OAF_near_sad.wav,TESS,OAF,sad,sad,OAF_near_sad,OAF_near_sad.wav,train
C:\Users\34722\OneDrive\Escritorio\TFG\Reconocimiento emociones audio\RavdessTessSavee\datos_crudos\tess\TESS Toronto emotional speech set data\OAF_Sad\OAF_neat_sad.wav,TESS,OAF,sad,sad,OAF_neat_sad,OAF_neat_sad.wav,train
C:\Users\34722\OneDrive\Escritorio\TFG\Reconocimiento emociones audio\RavdessTessSavee\datos_crudos\tess\TESS Toronto emotional speech set data\OAF_Sad\OAF_nice_sad.wav,TESS,OAF,sad,sad,OAF_nice_sad,OAF_nice_sad.wav,train
C:\Users\34722\OneDrive\Escritorio\TFG\Reconocimiento emociones audio\RavdessTessSavee\datos_crudos\tess\TESS Toronto emotional speech set data\OAF_Sad\OAF_note_sad.wav,TESS,OAF,sad,sad,OAF_note_sad,OAF_note_sad.wav,train
C:\Users\34722\OneDrive\Escritorio\TFG\Reconocimiento emociones audio\RavdessTessSavee\datos_crudos\tess\TESS Toronto emotional speech set data\OAF_Sad\OAF_numb_sad.wav,TESS,OAF,sad,sad,OAF_numb_sad,OAF_numb_sad.wav,train
C:\Users\34722\OneDrive\Escritorio\TFG\Reconocimiento emociones audio\RavdessTessSavee\datos_crudos\tess\TESS Toronto emotional speech set data\OAF_Sad\OAF_pad_sad.wav,TESS,OAF,sad,sad,OAF_pad_sad,OAF_pad_sad.wav,train
C:\Users\34722\OneDrive\Escritorio\TFG\Reconocimiento emociones audio\RavdessTessSavee\datos_crudos\tess\TESS Toronto emotional speech set data\OAF_Sad\OAF_page_sad.wav,TESS,OAF,sad,sad,OAF_page_sad,OAF_page_sad.wav,train
C:\Users\34722\OneDrive\Escritorio\TFG\Reconocimiento emociones audio\RavdessTessSavee\datos_crudos\tess\TESS Toronto emotional speech set data\OAF_Sad\OAF_pain_sad.wav,TESS,OAF,sad,sad,OAF_pain_sad,OAF_pain_sad.wav,train
C:\Users\34722\OneDrive\Escritorio\TFG\Reconocimiento emociones audio\RavdessTessSavee\datos_crudos\tess\TESS Toronto emotional speech set data\OAF_Sad\OAF_pass_sad.wav,TESS,OAF,sad,sad,OAF_pass_sad,OAF_pass_sad.wav,train
C:\Users\34722\OneDrive\Escritorio\TFG\Reconocimiento emociones audio\RavdessTessSavee\datos_crudos\tess\TESS Toronto emotional speech set data\OAF_Sad\OAF_pearl_sad.wav,TESS,OAF,sad,sad,OAF_pearl_sad,OAF_pearl_sad.wav,train
C:\Users\34722\OneDrive\Escritorio\TFG\Reconocimiento emociones audio\RavdessTessSavee\datos_crudos\tess\TESS Toronto emotional speech set data\OAF_Sad\OAF_peg_sad.wav,TESS,OAF,sad,sad,OAF_peg_sad,OAF_peg_sad.wav,train
C:\Users\34722\OneDrive\Escritorio\TFG\Reconocimiento emociones audio\RavdessTessSavee\datos_crudos\tess\TESS Toronto emotional speech set data\OAF_Sad\OAF_perch_sad.wav,TESS,OAF,sad,sad,OAF_perch_sad,OAF_perch_sad.wav,test
C:\Users\34722\OneDrive\Escritorio\TFG\Reconocimiento emociones audio\RavdessTessSavee\datos_crudos\tess\TESS Toronto emotional speech set data\OAF_Sad\OAF_phone_sad.wav,TESS,OAF,sad,sad,OAF_phone_sad,OAF_phone_sad.wav,test
C:\Users\34722\OneDrive\Escritorio\TFG\Reconocimiento emociones audio\RavdessTessSavee\datos_crudos\tess\TESS Toronto emotional speech set data\OAF_Sad\OAF_pick_sad.wav,TESS,OAF,sad,sad,OAF_pick_sad,OAF_pick_sad.wav,valid
C:\Users\34722\OneDrive\Escritorio\TFG\Reconocimiento emociones audio\RavdessTessSavee\datos_crudos\tess\TESS Toronto emotional speech set data\OAF_Sad\OAF_pike_sad.wav,TESS,OAF,sad,sad,OAF_pike_sad,OAF_pike_sad.wav,train
C:\Users\34722\OneDrive\Escritorio\TFG\Reconocimiento emociones audio\RavdessTessSavee\datos_crudos\tess\TESS Toronto emotional speech set data\OAF_Sad\OAF_pole_sad.wav,TESS,OAF,sad,sad,OAF_pole_sad,OAF_pole_sad.wav,train
C:\Users\34722\OneDrive\Escritorio\TFG\Reconocimiento emociones audio\RavdessTessSavee\datos_crudos\tess\TESS Toronto emotional speech set data\OAF_Sad\OAF_pool_sad.wav,TESS,OAF,sad,sad,OAF_pool_sad,OAF_pool_sad.wav,train
C:\Users\34722\OneDrive\Escritorio\TFG\Reconocimiento emociones audio\RavdessTessSavee\datos_crudos\tess\TESS Toronto emotional speech set data\OAF_Sad\OAF_puff_sad.wav,TESS,OAF,sad,sad,OAF_puff_sad,OAF_puff_sad.wav,train
C:\Users\34722\OneDrive\Escritorio\TFG\Reconocimiento emociones audio\RavdessTessSavee\datos_crudos\tess\TESS Toronto emotional speech set data\OAF_Sad\OAF_rag_sad.wav,TESS,OAF,sad,sad,OAF_rag_sad,OAF_rag_sad.wav,train
C:\Users\34722\OneDrive\Escritorio\TFG\Reconocimiento emociones audio\RavdessTessSavee\datos_crudos\tess\TESS Toronto emotional speech set data\OAF_Sad\OAF_raid_sad.wav,TESS,OAF,sad,sad,OAF_raid_sad,OAF_raid_sad.wav,test
C:\Users\34722\OneDrive\Escritorio\TFG\Reconocimiento emociones audio\RavdessTessSavee\datos_crudos\tess\TESS Toronto emotional speech set data\OAF_Sad\OAF_rain_sad.wav,TESS,OAF,sad,sad,OAF_rain_sad,OAF_rain_sad.wav,test
C:\Users\34722\OneDrive\Escritorio\TFG\Reconocimiento emociones audio\RavdessTessSavee\datos_crudos\tess\TESS Toronto emotional speech set data\OAF_Sad\OAF_raise_sad.wav,TESS,OAF,sad,sad,OAF_raise_sad,OAF_raise_sad.wav,train
C:\Users\34722\OneDrive\Escritorio\TFG\Reconocimiento emociones audio\RavdessTessSavee\datos_crudos\tess\TESS Toronto emotional speech set data\OAF_Sad\OAF_rat_sad.wav,TESS,OAF,sad,sad,OAF_rat_sad,OAF_rat_sad.wav,test
C:\Users\34722\OneDrive\Escritorio\TFG\Reconocimiento emociones audio\RavdessTessSavee\datos_crudos\tess\TESS Toronto emotional speech set data\OAF_Sad\OAF_reach_sad.wav,TESS,OAF,sad,sad,OAF_reach_sad,OAF_reach_sad.wav,valid
C:\Users\34722\OneDrive\Escritorio\TFG\Reconocimiento emociones audio\RavdessTessSavee\datos_crudos\tess\TESS Toronto emotional speech set data\OAF_Sad\OAF_read_sad.wav,TESS,OAF,sad,sad,OAF_read_sad,OAF_read_sad.wav,train
C:\Users\34722\OneDrive\Escritorio\TFG\Reconocimiento emociones audio\RavdessTessSavee\datos_crudos\tess\TESS Toronto emotional speech set data\OAF_Sad\OAF_red_sad.wav,TESS,OAF,sad,sad,OAF_red_sad,OAF_red_sad.wav,valid
C:\Users\34722\OneDrive\Escritorio\TFG\Reconocimiento emociones audio\RavdessTessSavee\datos_crudos\tess\TESS Toronto emotional speech set data\OAF_Sad\OAF_ring_sad.wav,TESS,OAF,sad,sad,OAF_ring_sad,OAF_ring_sad.wav,train
C:\Users\34722\OneDrive\Escritorio\TFG\Reconocimiento emociones audio\RavdessTessSavee\datos_crudos\tess\TESS Toronto emotional speech set data\OAF_Sad\OAF_ripe_sad.wav,TESS,OAF,sad,sad,OAF_ripe_sad,OAF_ripe_sad.wav,test
C:\Users\34722\OneDrive\Escritorio\TFG\Reconocimiento emociones audio\RavdessTessSavee\datos_crudos\tess\TESS Toronto emotional speech set data\OAF_Sad\OAF_road_sad.wav,TESS,OAF,sad,sad,OAF_road_sad,OAF_road_sad.wav,train
C:\Users\34722\OneDrive\Escritorio\TFG\Reconocimiento emociones audio\RavdessTessSavee\datos_crudos\tess\TESS Toronto emotional speech set data\OAF_Sad\OAF_room_sad.wav,TESS,OAF,sad,sad,OAF_room_sad,OAF_room_sad.wav,train
C:\Users\34722\OneDrive\Escritorio\TFG\Reconocimiento emociones audio\RavdessTessSavee\datos_crudos\tess\TESS Toronto emotional speech set data\OAF_Sad\OAF_rose_sad.wav,TESS,OAF,sad,sad,OAF_rose_sad,OAF_rose_sad.wav,test
C:\Users\34722\OneDrive\Escritorio\TFG\Reconocimiento emociones audio\RavdessTessSavee\datos_crudos\tess\TESS Toronto emotional speech set data\OAF_Sad\OAF_rot_sad.wav,TESS,OAF,sad,sad,OAF_rot_sad,OAF_rot_sad.wav,train
C:\Users\34722\OneDrive\Escritorio\TFG\Reconocimiento emociones audio\RavdessTessSavee\datos_crudos\tess\TESS Toronto emotional speech set data\OAF_Sad\OAF_rough_sad.wav,TESS,OAF,sad,sad,OAF_rough_sad,OAF_rough_sad.wav,train
C:\Users\34722\OneDrive\Escritorio\TFG\Reconocimiento emociones audio\RavdessTessSavee\datos_crudos\tess\TESS Toronto emotional speech set data\OAF_Sad\OAF_rush_sad.wav,TESS,OAF,sad,sad,OAF_rush_sad,OAF_rush_sad.wav,valid
C:\Users\34722\OneDrive\Escritorio\TFG\Reconocimiento emociones audio\RavdessTessSavee\datos_crudos\tess\TESS Toronto emotional speech set data\OAF_Sad\OAF_said_sad.wav,TESS,OAF,sad,sad,OAF_said_sad,OAF_said_sad.wav,train
C:\Users\34722\OneDrive\Escritorio\TFG\Reconocimiento emociones audio\RavdessTessSavee\datos_crudos\tess\TESS Toronto emotional speech set data\OAF_Sad\OAF_sail_sad.wav,TESS,OAF,sad,sad,OAF_sail_sad,OAF_sail_sad.wav,train
C:\Users\34722\OneDrive\Escritorio\TFG\Reconocimiento emociones audio\RavdessTessSavee\datos_crudos\tess\TESS Toronto emotional speech set data\OAF_Sad\OAF_search_sad.wav,TESS,OAF,sad,sad,OAF_search_sad,OAF_search_sad.wav,valid
C:\Users\34722\OneDrive\Escritorio\TFG\Reconocimiento emociones audio\RavdessTessSavee\datos_crudos\tess\TESS Toronto emotional speech set data\OAF_Sad\OAF_seize_sad.wav,TESS,OAF,sad,sad,OAF_seize_sad,OAF_seize_sad.wav,test
C:\Users\34722\OneDrive\Escritorio\TFG\Reconocimiento emociones audio\RavdessTessSavee\datos_crudos\tess\TESS Toronto emotional speech set data\OAF_Sad\OAF_sell_sad.wav,TESS,OAF,sad,sad,OAF_sell_sad,OAF_sell_sad.wav,train
C:\Users\34722\OneDrive\Escritorio\TFG\Reconocimiento emociones audio\RavdessTessSavee\datos_crudos\tess\TESS Toronto emotional speech set data\OAF_Sad\OAF_shack_sad.wav,TESS,OAF,sad,sad,OAF_shack_sad,OAF_shack_sad.wav,train
C:\Users\34722\OneDrive\Escritorio\TFG\Reconocimiento emociones audio\RavdessTessSavee\datos_crudos\tess\TESS Toronto emotional speech set data\OAF_Sad\OAF_shall_sad.wav,TESS,OAF,sad,sad,OAF_shall_sad,OAF_shall_sad.wav,train
C:\Users\34722\OneDrive\Escritorio\TFG\Reconocimiento emociones audio\RavdessTessSavee\datos_crudos\tess\TESS Toronto emotional speech set data\OAF_Sad\OAF_shawl_sad.wav,TESS,OAF,sad,sad,OAF_shawl_sad,OAF_shawl_sad.wav,train
C:\Users\34722\OneDrive\Escritorio\TFG\Reconocimiento emociones audio\RavdessTessSavee\datos_crudos\tess\TESS Toronto emotional speech set data\OAF_Sad\OAF_sheep_sad.wav,TESS,OAF,sad,sad,OAF_sheep_sad,OAF_sheep_sad.wav,train
C:\Users\34722\OneDrive\Escritorio\TFG\Reconocimiento emociones audio\RavdessTessSavee\datos_crudos\tess\TESS Toronto emotional speech set data\OAF_Sad\OAF_shirt_sad.wav,TESS,OAF,sad,sad,OAF_shirt_sad,OAF_shirt_sad.wav,test
C:\Users\34722\OneDrive\Escritorio\TFG\Reconocimiento emociones audio\RavdessTessSavee\datos_crudos\tess\TESS Toronto emotional speech set data\OAF_Sad\OAF_should_sad.wav,TESS,OAF,sad,sad,OAF_should_sad,OAF_should_sad.wav,train
C:\Users\34722\OneDrive\Escritorio\TFG\Reconocimiento emociones audio\RavdessTessSavee\datos_crudos\tess\TESS Toronto emotional speech set data\OAF_Sad\OAF_shout_sad.wav,TESS,OAF,sad,sad,OAF_shout_sad,OAF_shout_sad.wav,valid
C:\Users\34722\OneDrive\Escritorio\TFG\Reconocimiento emociones audio\RavdessTessSavee\datos_crudos\tess\TESS Toronto emotional speech set data\OAF_Sad\OAF_size_sad.wav,TESS,OAF,sad,sad,OAF_size_sad,OAF_size_sad.wav,valid
C:\Users\34722\OneDrive\Escritorio\TFG\Reconocimiento emociones audio\RavdessTessSavee\datos_crudos\tess\TESS Toronto emotional speech set data\OAF_Sad\OAF_soap_sad.wav,TESS,OAF,sad,sad,OAF_soap_sad,OAF_soap_sad.wav,train
C:\Users\34722\OneDrive\Escritorio\TFG\Reconocimiento emociones audio\RavdessTessSavee\datos_crudos\tess\TESS Toronto emotional speech set data\OAF_Sad\OAF_soup_sad.wav,TESS,OAF,sad,sad,OAF_soup_sad,OAF_soup_sad.wav,train
C:\Users\34722\OneDrive\Escritorio\TFG\Reconocimiento emociones audio\RavdessTessSavee\datos_crudos\tess\TESS Toronto emotional speech set data\OAF_Sad\OAF_sour_sad.wav,TESS,OAF,sad,sad,OAF_sour_sad,OAF_sour_sad.wav,train
C:\Users\34722\OneDrive\Escritorio\TFG\Reconocimiento emociones audio\RavdessTessSavee\datos_crudos\tess\TESS Toronto emotional speech set data\OAF_Sad\OAF_south_sad.wav,TESS,OAF,sad,sad,OAF_south_sad,OAF_south_sad.wav,train
C:\Users\34722\OneDrive\Escritorio\TFG\Reconocimiento emociones audio\RavdessTessSavee\datos_crudos\tess\TESS Toronto emotional speech set data\OAF_Sad\OAF_sub_sad.wav,TESS,OAF,sad,sad,OAF_sub_sad,OAF_sub_sad.wav,test
C:\Users\34722\OneDrive\Escritorio\TFG\Reconocimiento emociones audio\RavdessTessSavee\datos_crudos\tess\TESS Toronto emotional speech set data\OAF_Sad\OAF_such_sad.wav,TESS,OAF,sad,sad,OAF_such_sad,OAF_such_sad.wav,train
C:\Users\34722\OneDrive\Escritorio\TFG\Reconocimiento emociones audio\RavdessTessSavee\datos_crudos\tess\TESS Toronto emotional speech set data\OAF_Sad\OAF_sure_sad.wav,TESS,OAF,sad,sad,OAF_sure_sad,OAF_sure_sad.wav,test
C:\Users\34722\OneDrive\Escritorio\TFG\Reconocimiento emociones audio\RavdessTessSavee\datos_crudos\tess\TESS Toronto emotional speech set data\OAF_Sad\OAF_take_sad.wav,TESS,OAF,sad,sad,OAF_take_sad,OAF_take_sad.wav,train
C:\Users\34722\OneDrive\Escritorio\TFG\Reconocimiento emociones audio\RavdessTessSavee\datos_crudos\tess\TESS Toronto emotional speech set data\OAF_Sad\OAF_talk_sad.wav,TESS,OAF,sad,sad,OAF_talk_sad,OAF_talk_sad.wav,train
C:\Users\34722\OneDrive\Escritorio\TFG\Reconocimiento emociones audio\RavdessTessSavee\datos_crudos\tess\TESS Toronto emotional speech set data\OAF_Sad\OAF_tape_sad.wav,TESS,OAF,sad,sad,OAF_tape_sad,OAF_tape_sad.wav,train
C:\Users\34722\OneDrive\Escritorio\TFG\Reconocimiento emociones audio\RavdessTessSavee\datos_crudos\tess\TESS Toronto emotional speech set data\OAF_Sad\OAF_team_sad.wav,TESS,OAF,sad,sad,OAF_team_sad,OAF_team_sad.wav,test
C:\Users\34722\OneDrive\Escritorio\TFG\Reconocimiento emociones audio\RavdessTessSavee\datos_crudos\tess\TESS Toronto emotional speech set data\OAF_Sad\OAF_tell_sad.wav,TESS,OAF,sad,sad,OAF_tell_sad,OAF_tell_sad.wav,test
C:\Users\34722\OneDrive\Escritorio\TFG\Reconocimiento emociones audio\RavdessTessSavee\datos_crudos\tess\TESS Toronto emotional speech set data\OAF_Sad\OAF_thin_sad.wav,TESS,OAF,sad,sad,OAF_thin_sad,OAF_thin_sad.wav,train
C:\Users\34722\OneDrive\Escritorio\TFG\Reconocimiento emociones audio\RavdessTessSavee\datos_crudos\tess\TESS Toronto emotional speech set data\OAF_Sad\OAF_third_sad.wav,TESS,OAF,sad,sad,OAF_third_sad,OAF_third_sad.wav,train
C:\Users\34722\OneDrive\Escritorio\TFG\Reconocimiento emociones audio\RavdessTessSavee\datos_crudos\tess\TESS Toronto emotional speech set data\OAF_Sad\OAF_thought_sad.wav,TESS,OAF,sad,sad,OAF_thought_sad,OAF_thought_sad.wav,train
C:\Users\34722\OneDrive\Escritorio\TFG\Reconocimiento emociones audio\RavdessTessSavee\datos_crudos\tess\TESS Toronto emotional speech set data\OAF_Sad\OAF_thumb_sad.wav,TESS,OAF,sad,sad,OAF_thumb_sad,OAF_thumb_sad.wav,train
C:\Users\34722\OneDrive\Escritorio\TFG\Reconocimiento emociones audio\RavdessTessSavee\datos_crudos\tess\TESS Toronto emotional speech set data\OAF_Sad\OAF_time_sad.wav,TESS,OAF,sad,sad,OAF_time_sad,OAF_time_sad.wav,train
C:\Users\34722\OneDrive\Escritorio\TFG\Reconocimiento emociones audio\RavdessTessSavee\datos_crudos\tess\TESS Toronto emotional speech set data\OAF_Sad\OAF_tip_sad.wav,TESS,OAF,sad,sad,OAF_tip_sad,OAF_tip_sad.wav,test
C:\Users\34722\OneDrive\Escritorio\TFG\Reconocimiento emociones audio\RavdessTessSavee\datos_crudos\tess\TESS Toronto emotional speech set data\OAF_Sad\OAF_tire_sad.wav,TESS,OAF,sad,sad,OAF_tire_sad,OAF_tire_sad.wav,train
C:\Users\34722\OneDrive\Escritorio\TFG\Reconocimiento emociones audio\RavdessTessSavee\datos_crudos\tess\TESS Toronto emotional speech set data\OAF_Sad\OAF_ton_sad.wav,TESS,OAF,sad,sad,OAF_ton_sad,OAF_ton_sad.wav,train
C:\Users\34722\OneDrive\Escritorio\TFG\Reconocimiento emociones audio\RavdessTessSavee\datos_crudos\tess\TESS Toronto emotional speech set data\OAF_Sad\OAF_tool_sad.wav,TESS,OAF,sad,sad,OAF_tool_sad,OAF_tool_sad.wav,train
C:\Users\34722\OneDrive\Escritorio\TFG\Reconocimiento emociones audio\RavdessTessSavee\datos_crudos\tess\TESS Toronto emotional speech set data\OAF_Sad\OAF_tough_sad.wav,TESS,OAF,sad,sad,OAF_tough_sad,OAF_tough_sad.wav,train
C:\Users\34722\OneDrive\Escritorio\TFG\Reconocimiento emociones audio\RavdessTessSavee\datos_crudos\tess\TESS Toronto emotional speech set data\OAF_Sad\OAF_turn_sad.wav,TESS,OAF,sad,sad,OAF_turn_sad,OAF_turn_sad.wav,train
C:\Users\34722\OneDrive\Escritorio\TFG\Reconocimiento emociones audio\RavdessTessSavee\datos_crudos\tess\TESS Toronto emotional speech set data\OAF_Sad\OAF_vine_sad.wav,TESS,OAF,sad,sad,OAF_vine_sad,OAF_vine_sad.wav,train
C:\Users\34722\OneDrive\Escritorio\TFG\Reconocimiento emociones audio\RavdessTessSavee\datos_crudos\tess\TESS Toronto emotional speech set data\OAF_Sad\OAF_voice_sad.wav,TESS,OAF,sad,sad,OAF_voice_sad,OAF_voice_sad.wav,train
C:\Users\34722\OneDrive\Escritorio\TFG\Reconocimiento emociones audio\RavdessTessSavee\datos_crudos\tess\TESS Toronto emotional speech set data\OAF_Sad\OAF_void_sad.wav,TESS,OAF,sad,sad,OAF_void_sad,OAF_void_sad.wav,train
C:\Users\34722\OneDrive\Escritorio\TFG\Reconocimiento emociones audio\RavdessTessSavee\datos_crudos\tess\TESS Toronto emotional speech set data\OAF_Sad\OAF_vote_sad.wav,TESS,OAF,sad,sad,OAF_vote_sad,OAF_vote_sad.wav,valid
C:\Users\34722\OneDrive\Escritorio\TFG\Reconocimiento emociones audio\RavdessTessSavee\datos_crudos\tess\TESS Toronto emotional speech set data\OAF_Sad\OAF_wag_sad.wav,TESS,OAF,sad,sad,OAF_wag_sad,OAF_wag_sad.wav,train
C:\Users\34722\OneDrive\Escritorio\TFG\Reconocimiento emociones audio\RavdessTessSavee\datos_crudos\tess\TESS Toronto emotional speech set data\OAF_Sad\OAF_walk_sad.wav,TESS,OAF,sad,sad,OAF_walk_sad,OAF_walk_sad.wav,test
C:\Users\34722\OneDrive\Escritorio\TFG\Reconocimiento emociones audio\RavdessTessSavee\datos_crudos\tess\TESS Toronto emotional speech set data\OAF_Sad\OAF_wash_sad.wav,TESS,OAF,sad,sad,OAF_wash_sad,OAF_wash_sad.wav,train
C:\Users\34722\OneDrive\Escritorio\TFG\Reconocimiento emociones audio\RavdessTessSavee\datos_crudos\tess\TESS Toronto emotional speech set data\OAF_Sad\OAF_week_sad.wav,TESS,OAF,sad,sad,OAF_week_sad,OAF_week_sad.wav,train
C:\Users\34722\OneDrive\Escritorio\TFG\Reconocimiento emociones audio\RavdessTessSavee\datos_crudos\tess\TESS Toronto emotional speech set data\OAF_Sad\OAF_wheat_sad.wav,TESS,OAF,sad,sad,OAF_wheat_sad,OAF_wheat_sad.wav,train
C:\Users\34722\OneDrive\Escritorio\TFG\Reconocimiento emociones audio\RavdessTessSavee\datos_crudos\tess\TESS Toronto emotional speech set data\OAF_Sad\OAF_when_sad.wav,TESS,OAF,sad,sad,OAF_when_sad,OAF_when_sad.wav,test
C:\Users\34722\OneDrive\Escritorio\TFG\Reconocimiento emociones audio\RavdessTessSavee\datos_crudos\tess\TESS Toronto emotional speech set data\OAF_Sad\OAF_which_sad.wav,TESS,OAF,sad,sad,OAF_which_sad,OAF_which_sad.wav,test
C:\Users\34722\OneDrive\Escritorio\TFG\Reconocimiento emociones audio\RavdessTessSavee\datos_crudos\tess\TESS Toronto emotional speech set data\OAF_Sad\OAF_whip_sad.wav,TESS,OAF,sad,sad,OAF_whip_sad,OAF_whip_sad.wav,test
C:\Users\34722\OneDrive\Escritorio\TFG\Reconocimiento emociones audio\RavdessTessSavee\datos_crudos\tess\TESS Toronto emotional speech set data\OAF_Sad\OAF_white_sad.wav,TESS,OAF,sad,sad,OAF_white_sad,OAF_white_sad.wav,train
C:\Users\34722\OneDrive\Escritorio\TFG\Reconocimiento emociones audio\RavdessTessSavee\datos_crudos\tess\TESS Toronto emotional speech set data\OAF_Sad\OAF_wife_sad.wav,TESS,OAF,sad,sad,OAF_wife_sad,OAF_wife_sad.wav,valid
C:\Users\34722\OneDrive\Escritorio\TFG\Reconocimiento emociones audio\RavdessTessSavee\datos_crudos\tess\TESS Toronto emotional speech set data\OAF_Sad\OAF_wire_sad.wav,TESS,OAF,sad,sad,OAF_wire_sad,OAF_wire_sad.wav,train
C:\Users\34722\OneDrive\Escritorio\TFG\Reconocimiento emociones audio\RavdessTessSavee\datos_crudos\tess\TESS Toronto emotional speech set data\OAF_Sad\OAF_witch_sad.wav,TESS,OAF,sad,sad,OAF_witch_sad,OAF_witch_sad.wav,train
C:\Users\34722\OneDrive\Escritorio\TFG\Reconocimiento emociones audio\RavdessTessSavee\datos_crudos\tess\TESS Toronto emotional speech set data\OAF_Sad\OAF_yearn_sad.wav,TESS,OAF,sad,sad,OAF_yearn_sad,OAF_yearn_sad.wav,valid
C:\Users\34722\OneDrive\Escritorio\TFG\Reconocimiento emociones audio\RavdessTessSavee\datos_crudos\tess\TESS Toronto emotional speech set data\OAF_Sad\OAF_yes_sad.wav,TESS,OAF,sad,sad,OAF_yes_sad,OAF_yes_sad.wav,valid
C:\Users\34722\OneDrive\Escritorio\TFG\Reconocimiento emociones audio\RavdessTessSavee\datos_crudos\tess\TESS Toronto emotional speech set data\OAF_Sad\OAF_young_sad.wav,TESS,OAF,sad,sad,OAF_young_sad,OAF_young_sad.wav,train
C:\Users\34722\OneDrive\Escritorio\TFG\Reconocimiento emociones audio\RavdessTessSavee\datos_crudos\tess\TESS Toronto emotional speech set data\OAF_Sad\OAF_youth_sad.wav,TESS,OAF,sad,sad,OAF_youth_sad,OAF_youth_sad.wav,valid
C:\Users\34722\OneDrive\Escritorio\TFG\Reconocimiento emociones audio\RavdessTessSavee\datos_crudos\tess\TESS Toronto emotional speech set data\YAF_angry\YAF_back_angry.wav,TESS,YAF,angry,angry,YAF_back_angry,YAF_back_angry.wav,train
C:\Users\34722\OneDrive\Escritorio\TFG\Reconocimiento emociones audio\RavdessTessSavee\datos_crudos\tess\TESS Toronto emotional speech set data\YAF_angry\YAF_bar_angry.wav,TESS,YAF,angry,angry,YAF_bar_angry,YAF_bar_angry.wav,train
C:\Users\34722\OneDrive\Escritorio\TFG\Reconocimiento emociones audio\RavdessTessSavee\datos_crudos\tess\TESS Toronto emotional speech set data\YAF_angry\YAF_base_angry.wav,TESS,YAF,angry,angry,YAF_base_angry,YAF_base_angry.wav,valid
C:\Users\34722\OneDrive\Escritorio\TFG\Reconocimiento emociones audio\RavdessTessSavee\datos_crudos\tess\TESS Toronto emotional speech set data\YAF_angry\YAF_bath_angry.wav,TESS,YAF,angry,angry,YAF_bath_angry,YAF_bath_angry.wav,train
C:\Users\34722\OneDrive\Escritorio\TFG\Reconocimiento emociones audio\RavdessTessSavee\datos_crudos\tess\TESS Toronto emotional speech set data\YAF_angry\YAF_bean_angry.wav,TESS,YAF,angry,angry,YAF_bean_angry,YAF_bean_angry.wav,train
C:\Users\34722\OneDrive\Escritorio\TFG\Reconocimiento emociones audio\RavdessTessSavee\datos_crudos\tess\TESS Toronto emotional speech set data\YAF_angry\YAF_beg_angry.wav,TESS,YAF,angry,angry,YAF_beg_angry,YAF_beg_angry.wav,train
C:\Users\34722\OneDrive\Escritorio\TFG\Reconocimiento emociones audio\RavdessTessSavee\datos_crudos\tess\TESS Toronto emotional speech set data\YAF_angry\YAF_bite_angry.wav,TESS,YAF,angry,angry,YAF_bite_angry,YAF_bite_angry.wav,train
C:\Users\34722\OneDrive\Escritorio\TFG\Reconocimiento emociones audio\RavdessTessSavee\datos_crudos\tess\TESS Toronto emotional speech set data\YAF_angry\YAF_boat_angry.wav,TESS,YAF,angry,angry,YAF_boat_angry,YAF_boat_angry.wav,test
C:\Users\34722\OneDrive\Escritorio\TFG\Reconocimiento emociones audio\RavdessTessSavee\datos_crudos\tess\TESS Toronto emotional speech set data\YAF_angry\YAF_bone_angry.wav,TESS,YAF,angry,angry,YAF_bone_angry,YAF_bone_angry.wav,valid
C:\Users\34722\OneDrive\Escritorio\TFG\Reconocimiento emociones audio\RavdessTessSavee\datos_crudos\tess\TESS Toronto emotional speech set data\YAF_angry\YAF_book_angry.wav,TESS,YAF,angry,angry,YAF_book_angry,YAF_book_angry.wav,train
C:\Users\34722\OneDrive\Escritorio\TFG\Reconocimiento emociones audio\RavdessTessSavee\datos_crudos\tess\TESS Toronto emotional speech set data\YAF_angry\YAF_bought_angry.wav,TESS,YAF,angry,angry,YAF_bought_angry,YAF_bought_angry.wav,test
C:\Users\34722\OneDrive\Escritorio\TFG\Reconocimiento emociones audio\RavdessTessSavee\datos_crudos\tess\TESS Toronto emotional speech set data\YAF_angry\YAF_burn_angry.wav,TESS,YAF,angry,angry,YAF_burn_angry,YAF_burn_angry.wav,train
C:\Users\34722\OneDrive\Escritorio\TFG\Reconocimiento emociones audio\RavdessTessSavee\datos_crudos\tess\TESS Toronto emotional speech set data\YAF_angry\YAF_cab_angry.wav,TESS,YAF,angry,angry,YAF_cab_angry,YAF_cab_angry.wav,train
C:\Users\34722\OneDrive\Escritorio\TFG\Reconocimiento emociones audio\RavdessTessSavee\datos_crudos\tess\TESS Toronto emotional speech set data\YAF_angry\YAF_calm_angry.wav,TESS,YAF,angry,angry,YAF_calm_angry,YAF_calm_angry.wav,train
C:\Users\34722\OneDrive\Escritorio\TFG\Reconocimiento emociones audio\RavdessTessSavee\datos_crudos\tess\TESS Toronto emotional speech set data\YAF_angry\YAF_came_angry.wav,TESS,YAF,angry,angry,YAF_came_angry,YAF_came_angry.wav,train
C:\Users\34722\OneDrive\Escritorio\TFG\Reconocimiento emociones audio\RavdessTessSavee\datos_crudos\tess\TESS Toronto emotional speech set data\YAF_angry\YAF_cause_angry.wav,TESS,YAF,angry,angry,YAF_cause_angry,YAF_cause_angry.wav,train
C:\Users\34722\OneDrive\Escritorio\TFG\Reconocimiento emociones audio\RavdessTessSavee\datos_crudos\tess\TESS Toronto emotional speech set data\YAF_angry\YAF_chain_angry.wav,TESS,YAF,angry,angry,YAF_chain_angry,YAF_chain_angry.wav,train
C:\Users\34722\OneDrive\Escritorio\TFG\Reconocimiento emociones audio\RavdessTessSavee\datos_crudos\tess\TESS Toronto emotional speech set data\YAF_angry\YAF_chair_angry.wav,TESS,YAF,angry,angry,YAF_chair_angry,YAF_chair_angry.wav,train
C:\Users\34722\OneDrive\Escritorio\TFG\Reconocimiento emociones audio\RavdessTessSavee\datos_crudos\tess\TESS Toronto emotional speech set data\YAF_angry\YAF_chalk_angry.wav,TESS,YAF,angry,angry,YAF_chalk_angry,YAF_chalk_angry.wav,train
C:\Users\34722\OneDrive\Escritorio\TFG\Reconocimiento emociones audio\RavdessTessSavee\datos_crudos\tess\TESS Toronto emotional speech set data\YAF_angry\YAF_chat_angry.wav,TESS,YAF,angry,angry,YAF_chat_angry,YAF_chat_angry.wav,train
C:\Users\34722\OneDrive\Escritorio\TFG\Reconocimiento emociones audio\RavdessTessSavee\datos_crudos\tess\TESS Toronto emotional speech set data\YAF_angry\YAF_check_angry.wav,TESS,YAF,angry,angry,YAF_check_angry,YAF_check_angry.wav,train
C:\Users\34722\OneDrive\Escritorio\TFG\Reconocimiento emociones audio\RavdessTessSavee\datos_crudos\tess\TESS Toronto emotional speech set data\YAF_angry\YAF_cheek_angry.wav,TESS,YAF,angry,angry,YAF_cheek_angry,YAF_cheek_angry.wav,valid
C:\Users\34722\OneDrive\Escritorio\TFG\Reconocimiento emociones audio\RavdessTessSavee\datos_crudos\tess\TESS Toronto emotional speech set data\YAF_angry\YAF_chief_angry.wav,TESS,YAF,angry,angry,YAF_chief_angry,YAF_chief_angry.wav,test
C:\Users\34722\OneDrive\Escritorio\TFG\Reconocimiento emociones audio\RavdessTessSavee\datos_crudos\tess\TESS Toronto emotional speech set data\YAF_angry\YAF_choice_angry.wav,TESS,YAF,angry,angry,YAF_choice_angry,YAF_choice_angry.wav,train
C:\Users\34722\OneDrive\Escritorio\TFG\Reconocimiento emociones audio\RavdessTessSavee\datos_crudos\tess\TESS Toronto emotional speech set data\YAF_angry\YAF_cool_angry.wav,TESS,YAF,angry,angry,YAF_cool_angry,YAF_cool_angry.wav,train
C:\Users\34722\OneDrive\Escritorio\TFG\Reconocimiento emociones audio\RavdessTessSavee\datos_crudos\tess\TESS Toronto emotional speech set data\YAF_angry\YAF_dab_angry.wav,TESS,YAF,angry,angry,YAF_dab_angry,YAF_dab_angry.wav,train
C:\Users\34722\OneDrive\Escritorio\TFG\Reconocimiento emociones audio\RavdessTessSavee\datos_crudos\tess\TESS Toronto emotional speech set data\YAF_angry\YAF_date_angry.wav,TESS,YAF,angry,angry,YAF_date_angry,YAF_date_angry.wav,train
C:\Users\34722\OneDrive\Escritorio\TFG\Reconocimiento emociones audio\RavdessTessSavee\datos_crudos\tess\TESS Toronto emotional speech set data\YAF_angry\YAF_dead_angry.wav,TESS,YAF,angry,angry,YAF_dead_angry,YAF_dead_angry.wav,test
C:\Users\34722\OneDrive\Escritorio\TFG\Reconocimiento emociones audio\RavdessTessSavee\datos_crudos\tess\TESS Toronto emotional speech set data\YAF_angry\YAF_death_angry.wav,TESS,YAF,angry,angry,YAF_death_angry,YAF_death_angry.wav,train
C:\Users\34722\OneDrive\Escritorio\TFG\Reconocimiento emociones audio\RavdessTessSavee\datos_crudos\tess\TESS Toronto emotional speech set data\YAF_angry\YAF_deep_angry.wav,TESS,YAF,angry,angry,YAF_deep_angry,YAF_deep_angry.wav,train
C:\Users\34722\OneDrive\Escritorio\TFG\Reconocimiento emociones audio\RavdessTessSavee\datos_crudos\tess\TESS Toronto emotional speech set data\YAF_angry\YAF_dime_angry.wav,TESS,YAF,angry,angry,YAF_dime_angry,YAF_dime_angry.wav,test
C:\Users\34722\OneDrive\Escritorio\TFG\Reconocimiento emociones audio\RavdessTessSavee\datos_crudos\tess\TESS Toronto emotional speech set data\YAF_angry\YAF_dip_angry.wav,TESS,YAF,angry,angry,YAF_dip_angry,YAF_dip_angry.wav,train
C:\Users\34722\OneDrive\Escritorio\TFG\Reconocimiento emociones audio\RavdessTessSavee\datos_crudos\tess\TESS Toronto emotional speech set data\YAF_angry\YAF_ditch_angry.wav,TESS,YAF,angry,angry,YAF_ditch_angry,YAF_ditch_angry.wav,valid
C:\Users\34722\OneDrive\Escritorio\TFG\Reconocimiento emociones audio\RavdessTessSavee\datos_crudos\tess\TESS Toronto emotional speech set data\YAF_angry\YAF_dodge_angry.wav,TESS,YAF,angry,angry,YAF_dodge_angry,YAF_dodge_angry.wav,train
C:\Users\34722\OneDrive\Escritorio\TFG\Reconocimiento emociones audio\RavdessTessSavee\datos_crudos\tess\TESS Toronto emotional speech set data\YAF_angry\YAF_dog_angry.wav,TESS,YAF,angry,angry,YAF_dog_angry,YAF_dog_angry.wav,test
C:\Users\34722\OneDrive\Escritorio\TFG\Reconocimiento emociones audio\RavdessTessSavee\datos_crudos\tess\TESS Toronto emotional speech set data\YAF_angry\YAF_doll_angry.wav,TESS,YAF,angry,angry,YAF_doll_angry,YAF_doll_angry.wav,train
C:\Users\34722\OneDrive\Escritorio\TFG\Reconocimiento emociones audio\RavdessTessSavee\datos_crudos\tess\TESS Toronto emotional speech set data\YAF_angry\YAF_door_angry.wav,TESS,YAF,angry,angry,YAF_door_angry,YAF_door_angry.wav,train
C:\Users\34722\OneDrive\Escritorio\TFG\Reconocimiento emociones audio\RavdessTessSavee\datos_crudos\tess\TESS Toronto emotional speech set data\YAF_angry\YAF_fail_angry.wav,TESS,YAF,angry,angry,YAF_fail_angry,YAF_fail_angry.wav,train
C:\Users\34722\OneDrive\Escritorio\TFG\Reconocimiento emociones audio\RavdessTessSavee\datos_crudos\tess\TESS Toronto emotional speech set data\YAF_angry\YAF_fall_angry.wav,TESS,YAF,angry,angry,YAF_fall_angry,YAF_fall_angry.wav,train
C:\Users\34722\OneDrive\Escritorio\TFG\Reconocimiento emociones audio\RavdessTessSavee\datos_crudos\tess\TESS Toronto emotional speech set data\YAF_angry\YAF_far_angry.wav,TESS,YAF,angry,angry,YAF_far_angry,YAF_far_angry.wav,test
C:\Users\34722\OneDrive\Escritorio\TFG\Reconocimiento emociones audio\RavdessTessSavee\datos_crudos\tess\TESS Toronto emotional speech set data\YAF_angry\YAF_fat_angry.wav,TESS,YAF,angry,angry,YAF_fat_angry,YAF_fat_angry.wav,train
C:\Users\34722\OneDrive\Escritorio\TFG\Reconocimiento emociones audio\RavdessTessSavee\datos_crudos\tess\TESS Toronto emotional speech set data\YAF_angry\YAF_fit_angry.wav,TESS,YAF,angry,angry,YAF_fit_angry,YAF_fit_angry.wav,valid
C:\Users\34722\OneDrive\Escritorio\TFG\Reconocimiento emociones audio\RavdessTessSavee\datos_crudos\tess\TESS Toronto emotional speech set data\YAF_angry\YAF_five_angry.wav,TESS,YAF,angry,angry,YAF_five_angry,YAF_five_angry.wav,train
C:\Users\34722\OneDrive\Escritorio\TFG\Reconocimiento emociones audio\RavdessTessSavee\datos_crudos\tess\TESS Toronto emotional speech set data\YAF_angry\YAF_food_angry.wav,TESS,YAF,angry,angry,YAF_food_angry,YAF_food_angry.wav,train
C:\Users\34722\OneDrive\Escritorio\TFG\Reconocimiento emociones audio\RavdessTessSavee\datos_crudos\tess\TESS Toronto emotional speech set data\YAF_angry\YAF_gap_angry.wav,TESS,YAF,angry,angry,YAF_gap_angry,YAF_gap_angry.wav,train
C:\Users\34722\OneDrive\Escritorio\TFG\Reconocimiento emociones audio\RavdessTessSavee\datos_crudos\tess\TESS Toronto emotional speech set data\YAF_angry\YAF_gas_angry.wav,TESS,YAF,angry,angry,YAF_gas_angry,YAF_gas_angry.wav,train
C:\Users\34722\OneDrive\Escritorio\TFG\Reconocimiento emociones audio\RavdessTessSavee\datos_crudos\tess\TESS Toronto emotional speech set data\YAF_angry\YAF_gaze_angry.wav,TESS,YAF,angry,angry,YAF_gaze_angry,YAF_gaze_angry.wav,train
C:\Users\34722\OneDrive\Escritorio\TFG\Reconocimiento emociones audio\RavdessTessSavee\datos_crudos\tess\TESS Toronto emotional speech set data\YAF_angry\YAF_germ_angry.wav,TESS,YAF,angry,angry,YAF_germ_angry,YAF_germ_angry.wav,train
C:\Users\34722\OneDrive\Escritorio\TFG\Reconocimiento emociones audio\RavdessTessSavee\datos_crudos\tess\TESS Toronto emotional speech set data\YAF_angry\YAF_get_angry.wav,TESS,YAF,angry,angry,YAF_get_angry,YAF_get_angry.wav,train
C:\Users\34722\OneDrive\Escritorio\TFG\Reconocimiento emociones audio\RavdessTessSavee\datos_crudos\tess\TESS Toronto emotional speech set data\YAF_angry\YAF_gin_angry.wav,TESS,YAF,angry,angry,YAF_gin_angry,YAF_gin_angry.wav,train
C:\Users\34722\OneDrive\Escritorio\TFG\Reconocimiento emociones audio\RavdessTessSavee\datos_crudos\tess\TESS Toronto emotional speech set data\YAF_angry\YAF_goal_angry.wav,TESS,YAF,angry,angry,YAF_goal_angry,YAF_goal_angry.wav,train
C:\Users\34722\OneDrive\Escritorio\TFG\Reconocimiento emociones audio\RavdessTessSavee\datos_crudos\tess\TESS Toronto emotional speech set data\YAF_angry\YAF_good_angry.wav,TESS,YAF,angry,angry,YAF_good_angry,YAF_good_angry.wav,train
C:\Users\34722\OneDrive\Escritorio\TFG\Reconocimiento emociones audio\RavdessTessSavee\datos_crudos\tess\TESS Toronto emotional speech set data\YAF_angry\YAF_goose_angry.wav,TESS,YAF,angry,angry,YAF_goose_angry,YAF_goose_angry.wav,train
C:\Users\34722\OneDrive\Escritorio\TFG\Reconocimiento emociones audio\RavdessTessSavee\datos_crudos\tess\TESS Toronto emotional speech set data\YAF_angry\YAF_gun_angry.wav,TESS,YAF,angry,angry,YAF_gun_angry,YAF_gun_angry.wav,train
C:\Users\34722\OneDrive\Escritorio\TFG\Reconocimiento emociones audio\RavdessTessSavee\datos_crudos\tess\TESS Toronto emotional speech set data\YAF_angry\YAF_half_angry.wav,TESS,YAF,angry,angry,YAF_half_angry,YAF_half_angry.wav,train
C:\Users\34722\OneDrive\Escritorio\TFG\Reconocimiento emociones audio\RavdessTessSavee\datos_crudos\tess\TESS Toronto emotional speech set data\YAF_angry\YAF_hall_angry.wav,TESS,YAF,angry,angry,YAF_hall_angry,YAF_hall_angry.wav,train
C:\Users\34722\OneDrive\Escritorio\TFG\Reconocimiento emociones audio\RavdessTessSavee\datos_crudos\tess\TESS Toronto emotional speech set data\YAF_angry\YAF_hash_angry.wav,TESS,YAF,angry,angry,YAF_hash_angry,YAF_hash_angry.wav,train
C:\Users\34722\OneDrive\Escritorio\TFG\Reconocimiento emociones audio\RavdessTessSavee\datos_crudos\tess\TESS Toronto emotional speech set data\YAF_angry\YAF_hate_angry.wav,TESS,YAF,angry,angry,YAF_hate_angry,YAF_hate_angry.wav,valid
C:\Users\34722\OneDrive\Escritorio\TFG\Reconocimiento emociones audio\RavdessTessSavee\datos_crudos\tess\TESS Toronto emotional speech set data\YAF_angry\YAF_have_angry.wav,TESS,YAF,angry,angry,YAF_have_angry,YAF_have_angry.wav,train
C:\Users\34722\OneDrive\Escritorio\TFG\Reconocimiento emociones audio\RavdessTessSavee\datos_crudos\tess\TESS Toronto emotional speech set data\YAF_angry\YAF_haze_angry.wav,TESS,YAF,angry,angry,YAF_haze_angry,YAF_haze_angry.wav,train
C:\Users\34722\OneDrive\Escritorio\TFG\Reconocimiento emociones audio\RavdessTessSavee\datos_crudos\tess\TESS Toronto emotional speech set data\YAF_angry\YAF_hire_angry.wav,TESS,YAF,angry,angry,YAF_hire_angry,YAF_hire_angry.wav,train
C:\Users\34722\OneDrive\Escritorio\TFG\Reconocimiento emociones audio\RavdessTessSavee\datos_crudos\tess\TESS Toronto emotional speech set data\YAF_angry\YAF_hit_angry.wav,TESS,YAF,angry,angry,YAF_hit_angry,YAF_hit_angry.wav,train
C:\Users\34722\OneDrive\Escritorio\TFG\Reconocimiento emociones audio\RavdessTessSavee\datos_crudos\tess\TESS Toronto emotional speech set data\YAF_angry\YAF_hole_angry.wav,TESS,YAF,angry,angry,YAF_hole_angry,YAF_hole_angry.wav,train
C:\Users\34722\OneDrive\Escritorio\TFG\Reconocimiento emociones audio\RavdessTessSavee\datos_crudos\tess\TESS Toronto emotional speech set data\YAF_angry\YAF_home_angry.wav,TESS,YAF,angry,angry,YAF_home_angry,YAF_home_angry.wav,valid
C:\Users\34722\OneDrive\Escritorio\TFG\Reconocimiento emociones audio\RavdessTessSavee\datos_crudos\tess\TESS Toronto emotional speech set data\YAF_angry\YAF_hurl_angry.wav,TESS,YAF,angry,angry,YAF_hurl_angry,YAF_hurl_angry.wav,train
C:\Users\34722\OneDrive\Escritorio\TFG\Reconocimiento emociones audio\RavdessTessSavee\datos_crudos\tess\TESS Toronto emotional speech set data\YAF_angry\YAF_hush_angry.wav,TESS,YAF,angry,angry,YAF_hush_angry,YAF_hush_angry.wav,test
C:\Users\34722\OneDrive\Escritorio\TFG\Reconocimiento emociones audio\RavdessTessSavee\datos_crudos\tess\TESS Toronto emotional speech set data\YAF_angry\YAF_jail_angry.wav,TESS,YAF,angry,angry,YAF_jail_angry,YAF_jail_angry.wav,train
C:\Users\34722\OneDrive\Escritorio\TFG\Reconocimiento emociones audio\RavdessTessSavee\datos_crudos\tess\TESS Toronto emotional speech set data\YAF_angry\YAF_jar_angry.wav,TESS,YAF,angry,angry,YAF_jar_angry,YAF_jar_angry.wav,train
C:\Users\34722\OneDrive\Escritorio\TFG\Reconocimiento emociones audio\RavdessTessSavee\datos_crudos\tess\TESS Toronto emotional speech set data\YAF_angry\YAF_join_angry.wav,TESS,YAF,angry,angry,YAF_join_angry,YAF_join_angry.wav,train
C:\Users\34722\OneDrive\Escritorio\TFG\Reconocimiento emociones audio\RavdessTessSavee\datos_crudos\tess\TESS Toronto emotional speech set data\YAF_angry\YAF_judge_angry.wav,TESS,YAF,angry,angry,YAF_judge_angry,YAF_judge_angry.wav,train
C:\Users\34722\OneDrive\Escritorio\TFG\Reconocimiento emociones audio\RavdessTessSavee\datos_crudos\tess\TESS Toronto emotional speech set data\YAF_angry\YAF_jug_angry.wav,TESS,YAF,angry,angry,YAF_jug_angry,YAF_jug_angry.wav,train
C:\Users\34722\OneDrive\Escritorio\TFG\Reconocimiento emociones audio\RavdessTessSavee\datos_crudos\tess\TESS Toronto emotional speech set data\YAF_angry\YAF_juice_angry.wav,TESS,YAF,angry,angry,YAF_juice_angry,YAF_juice_angry.wav,train
C:\Users\34722\OneDrive\Escritorio\TFG\Reconocimiento emociones audio\RavdessTessSavee\datos_crudos\tess\TESS Toronto emotional speech set data\YAF_angry\YAF_keen_angry.wav,TESS,YAF,angry,angry,YAF_keen_angry,YAF_keen_angry.wav,train
C:\Users\34722\OneDrive\Escritorio\TFG\Reconocimiento emociones audio\RavdessTessSavee\datos_crudos\tess\TESS Toronto emotional speech set data\YAF_angry\YAF_keep_angry.wav,TESS,YAF,angry,angry,YAF_keep_angry,YAF_keep_angry.wav,train
C:\Users\34722\OneDrive\Escritorio\TFG\Reconocimiento emociones audio\RavdessTessSavee\datos_crudos\tess\TESS Toronto emotional speech set data\YAF_angry\YAF_keg_angry.wav,TESS,YAF,angry,angry,YAF_keg_angry,YAF_keg_angry.wav,test
C:\Users\34722\OneDrive\Escritorio\TFG\Reconocimiento emociones audio\RavdessTessSavee\datos_crudos\tess\TESS Toronto emotional speech set data\YAF_angry\YAF_kick_angry.wav,TESS,YAF,angry,angry,YAF_kick_angry,YAF_kick_angry.wav,train
C:\Users\34722\OneDrive\Escritorio\TFG\Reconocimiento emociones audio\RavdessTessSavee\datos_crudos\tess\TESS Toronto emotional speech set data\YAF_angry\YAF_kill_angry.wav,TESS,YAF,angry,angry,YAF_kill_angry,YAF_kill_angry.wav,test
C:\Users\34722\OneDrive\Escritorio\TFG\Reconocimiento emociones audio\RavdessTessSavee\datos_crudos\tess\TESS Toronto emotional speech set data\YAF_angry\YAF_king_angry.wav,TESS,YAF,angry,angry,YAF_king_angry,YAF_king_angry.wav,valid
C:\Users\34722\OneDrive\Escritorio\TFG\Reconocimiento emociones audio\RavdessTessSavee\datos_crudos\tess\TESS Toronto emotional speech set data\YAF_angry\YAF_kite_angry.wav,TESS,YAF,angry,angry,YAF_kite_angry,YAF_kite_angry.wav,test
C:\Users\34722\OneDrive\Escritorio\TFG\Reconocimiento emociones audio\RavdessTessSavee\datos_crudos\tess\TESS Toronto emotional speech set data\YAF_angry\YAF_knock_angry.wav,TESS,YAF,angry,angry,YAF_knock_angry,YAF_knock_angry.wav,valid
C:\Users\34722\OneDrive\Escritorio\TFG\Reconocimiento emociones audio\RavdessTessSavee\datos_crudos\tess\TESS Toronto emotional speech set data\YAF_angry\YAF_late_angry.wav,TESS,YAF,angry,angry,YAF_late_angry,YAF_late_angry.wav,test
C:\Users\34722\OneDrive\Escritorio\TFG\Reconocimiento emociones audio\RavdessTessSavee\datos_crudos\tess\TESS Toronto emotional speech set data\YAF_angry\YAF_laud_angry.wav,TESS,YAF,angry,angry,YAF_laud_angry,YAF_laud_angry.wav,valid
C:\Users\34722\OneDrive\Escritorio\TFG\Reconocimiento emociones audio\RavdessTessSavee\datos_crudos\tess\TESS Toronto emotional speech set data\YAF_angry\YAF_lean_angry.wav,TESS,YAF,angry,angry,YAF_lean_angry,YAF_lean_angry.wav,train
C:\Users\34722\OneDrive\Escritorio\TFG\Reconocimiento emociones audio\RavdessTessSavee\datos_crudos\tess\TESS Toronto emotional speech set data\YAF_angry\YAF_learn_angry.wav,TESS,YAF,angry,angry,YAF_learn_angry,YAF_learn_angry.wav,train
C:\Users\34722\OneDrive\Escritorio\TFG\Reconocimiento emociones audio\RavdessTessSavee\datos_crudos\tess\TESS Toronto emotional speech set data\YAF_angry\YAF_lease_angry.wav,TESS,YAF,angry,angry,YAF_lease_angry,YAF_lease_angry.wav,train
C:\Users\34722\OneDrive\Escritorio\TFG\Reconocimiento emociones audio\RavdessTessSavee\datos_crudos\tess\TESS Toronto emotional speech set data\YAF_angry\YAF_lid_angry.wav,TESS,YAF,angry,angry,YAF_lid_angry,YAF_lid_angry.wav,valid
C:\Users\34722\OneDrive\Escritorio\TFG\Reconocimiento emociones audio\RavdessTessSavee\datos_crudos\tess\TESS Toronto emotional speech set data\YAF_angry\YAF_life_angry.wav,TESS,YAF,angry,angry,YAF_life_angry,YAF_life_angry.wav,train
C:\Users\34722\OneDrive\Escritorio\TFG\Reconocimiento emociones audio\RavdessTessSavee\datos_crudos\tess\TESS Toronto emotional speech set data\YAF_angry\YAF_limb_angry.wav,TESS,YAF,angry,angry,YAF_limb_angry,YAF_limb_angry.wav,train
C:\Users\34722\OneDrive\Escritorio\TFG\Reconocimiento emociones audio\RavdessTessSavee\datos_crudos\tess\TESS Toronto emotional speech set data\YAF_angry\YAF_live_angry.wav,TESS,YAF,angry,angry,YAF_live_angry,YAF_live_angry.wav,train
C:\Users\34722\OneDrive\Escritorio\TFG\Reconocimiento emociones audio\RavdessTessSavee\datos_crudos\tess\TESS Toronto emotional speech set data\YAF_angry\YAF_loaf_angry.wav,TESS,YAF,angry,angry,YAF_loaf_angry,YAF_loaf_angry.wav,train
C:\Users\34722\OneDrive\Escritorio\TFG\Reconocimiento emociones audio\RavdessTessSavee\datos_crudos\tess\TESS Toronto emotional speech set data\YAF_angry\YAF_long_angry.wav,TESS,YAF,angry,angry,YAF_long_angry,YAF_long_angry.wav,test
C:\Users\34722\OneDrive\Escritorio\TFG\Reconocimiento emociones audio\RavdessTessSavee\datos_crudos\tess\TESS Toronto emotional speech set data\YAF_angry\YAF_lore_angry.wav,TESS,YAF,angry,angry,YAF_lore_angry,YAF_lore_angry.wav,train
C:\Users\34722\OneDrive\Escritorio\TFG\Reconocimiento emociones audio\RavdessTessSavee\datos_crudos\tess\TESS Toronto emotional speech set data\YAF_angry\YAF_lose_angry.wav,TESS,YAF,angry,angry,YAF_lose_angry,YAF_lose_angry.wav,train
C:\Users\34722\OneDrive\Escritorio\TFG\Reconocimiento emociones audio\RavdessTessSavee\datos_crudos\tess\TESS Toronto emotional speech set data\YAF_angry\YAF_lot_angry.wav,TESS,YAF,angry,angry,YAF_lot_angry,YAF_lot_angry.wav,train
C:\Users\34722\OneDrive\Escritorio\TFG\Reconocimiento emociones audio\RavdessTessSavee\datos_crudos\tess\TESS Toronto emotional speech set data\YAF_angry\YAF_love_angry.wav,TESS,YAF,angry,angry,YAF_love_angry,YAF_love_angry.wav,train
C:\Users\34722\OneDrive\Escritorio\TFG\Reconocimiento emociones audio\RavdessTessSavee\datos_crudos\tess\TESS Toronto emotional speech set data\YAF_angry\YAF_luck_angry.wav,TESS,YAF,angry,angry,YAF_luck_angry,YAF_luck_angry.wav,train
C:\Users\34722\OneDrive\Escritorio\TFG\Reconocimiento emociones audio\RavdessTessSavee\datos_crudos\tess\TESS Toronto emotional speech set data\YAF_angry\YAF_make_angry.wav,TESS,YAF,angry,angry,YAF_make_angry,YAF_make_angry.wav,test
C:\Users\34722\OneDrive\Escritorio\TFG\Reconocimiento emociones audio\RavdessTessSavee\datos_crudos\tess\TESS Toronto emotional speech set data\YAF_angry\YAF_match_angry.wav,TESS,YAF,angry,angry,YAF_match_angry,YAF_match_angry.wav,test
C:\Users\34722\OneDrive\Escritorio\TFG\Reconocimiento emociones audio\RavdessTessSavee\datos_crudos\tess\TESS Toronto emotional speech set data\YAF_angry\YAF_merge_angry.wav,TESS,YAF,angry,angry,YAF_merge_angry,YAF_merge_angry.wav,train
C:\Users\34722\OneDrive\Escritorio\TFG\Reconocimiento emociones audio\RavdessTessSavee\datos_crudos\tess\TESS Toronto emotional speech set data\YAF_angry\YAF_mess_angry.wav,TESS,YAF,angry,angry,YAF_mess_angry,YAF_mess_angry.wav,train
C:\Users\34722\OneDrive\Escritorio\TFG\Reconocimiento emociones audio\RavdessTessSavee\datos_crudos\tess\TESS Toronto emotional speech set data\YAF_angry\YAF_met_angry.wav,TESS,YAF,angry,angry,YAF_met_angry,YAF_met_angry.wav,valid
C:\Users\34722\OneDrive\Escritorio\TFG\Reconocimiento emociones audio\RavdessTessSavee\datos_crudos\tess\TESS Toronto emotional speech set data\YAF_angry\YAF_mill_angry.wav,TESS,YAF,angry,angry,YAF_mill_angry,YAF_mill_angry.wav,test
C:\Users\34722\OneDrive\Escritorio\TFG\Reconocimiento emociones audio\RavdessTessSavee\datos_crudos\tess\TESS Toronto emotional speech set data\YAF_angry\YAF_mob_angry.wav,TESS,YAF,angry,angry,YAF_mob_angry,YAF_mob_angry.wav,train
C:\Users\34722\OneDrive\Escritorio\TFG\Reconocimiento emociones audio\RavdessTessSavee\datos_crudos\tess\TESS Toronto emotional speech set data\YAF_angry\YAF_mode_angry.wav,TESS,YAF,angry,angry,YAF_mode_angry,YAF_mode_angry.wav,train
C:\Users\34722\OneDrive\Escritorio\TFG\Reconocimiento emociones audio\RavdessTessSavee\datos_crudos\tess\TESS Toronto emotional speech set data\YAF_angry\YAF_mood_angry.wav,TESS,YAF,angry,angry,YAF_mood_angry,YAF_mood_angry.wav,train
C:\Users\34722\OneDrive\Escritorio\TFG\Reconocimiento emociones audio\RavdessTessSavee\datos_crudos\tess\TESS Toronto emotional speech set data\YAF_angry\YAF_moon_angry.wav,TESS,YAF,angry,angry,YAF_moon_angry,YAF_moon_angry.wav,valid
C:\Users\34722\OneDrive\Escritorio\TFG\Reconocimiento emociones audio\RavdessTessSavee\datos_crudos\tess\TESS Toronto emotional speech set data\YAF_angry\YAF_mop_angry.wav,TESS,YAF,angry,angry,YAF_mop_angry,YAF_mop_angry.wav,train
C:\Users\34722\OneDrive\Escritorio\TFG\Reconocimiento emociones audio\RavdessTessSavee\datos_crudos\tess\TESS Toronto emotional speech set data\YAF_angry\YAF_mouse_angry.wav,TESS,YAF,angry,angry,YAF_mouse_angry,YAF_mouse_angry.wav,train
C:\Users\34722\OneDrive\Escritorio\TFG\Reconocimiento emociones audio\RavdessTessSavee\datos_crudos\tess\TESS Toronto emotional speech set data\YAF_angry\YAF_nag_angry.wav,TESS,YAF,angry,angry,YAF_nag_angry,YAF_nag_angry.wav,train
C:\Users\34722\OneDrive\Escritorio\TFG\Reconocimiento emociones audio\RavdessTessSavee\datos_crudos\tess\TESS Toronto emotional speech set data\YAF_angry\YAF_name_angry.wav,TESS,YAF,angry,angry,YAF_name_angry,YAF_name_angry.wav,train
C:\Users\34722\OneDrive\Escritorio\TFG\Reconocimiento emociones audio\RavdessTessSavee\datos_crudos\tess\TESS Toronto emotional speech set data\YAF_angry\YAF_near_angry.wav,TESS,YAF,angry,angry,YAF_near_angry,YAF_near_angry.wav,train
C:\Users\34722\OneDrive\Escritorio\TFG\Reconocimiento emociones audio\RavdessTessSavee\datos_crudos\tess\TESS Toronto emotional speech set data\YAF_angry\YAF_neat_angry.wav,TESS,YAF,angry,angry,YAF_neat_angry,YAF_neat_angry.wav,train
C:\Users\34722\OneDrive\Escritorio\TFG\Reconocimiento emociones audio\RavdessTessSavee\datos_crudos\tess\TESS Toronto emotional speech set data\YAF_angry\YAF_nice_angry.wav,TESS,YAF,angry,angry,YAF_nice_angry,YAF_nice_angry.wav,train
C:\Users\34722\OneDrive\Escritorio\TFG\Reconocimiento emociones audio\RavdessTessSavee\datos_crudos\tess\TESS Toronto emotional speech set data\YAF_angry\YAF_note_angry.wav,TESS,YAF,angry,angry,YAF_note_angry,YAF_note_angry.wav,valid
C:\Users\34722\OneDrive\Escritorio\TFG\Reconocimiento emociones audio\RavdessTessSavee\datos_crudos\tess\TESS Toronto emotional speech set data\YAF_angry\YAF_numb_angry.wav,TESS,YAF,angry,angry,YAF_numb_angry,YAF_numb_angry.wav,train
C:\Users\34722\OneDrive\Escritorio\TFG\Reconocimiento emociones audio\RavdessTessSavee\datos_crudos\tess\TESS Toronto emotional speech set data\YAF_angry\YAF_pad_angry.wav,TESS,YAF,angry,angry,YAF_pad_angry,YAF_pad_angry.wav,train
C:\Users\34722\OneDrive\Escritorio\TFG\Reconocimiento emociones audio\RavdessTessSavee\datos_crudos\tess\TESS Toronto emotional speech set data\YAF_angry\YAF_page_angry.wav,TESS,YAF,angry,angry,YAF_page_angry,YAF_page_angry.wav,train
C:\Users\34722\OneDrive\Escritorio\TFG\Reconocimiento emociones audio\RavdessTessSavee\datos_crudos\tess\TESS Toronto emotional speech set data\YAF_angry\YAF_pain_angry.wav,TESS,YAF,angry,angry,YAF_pain_angry,YAF_pain_angry.wav,train
C:\Users\34722\OneDrive\Escritorio\TFG\Reconocimiento emociones audio\RavdessTessSavee\datos_crudos\tess\TESS Toronto emotional speech set data\YAF_angry\YAF_pass_angry.wav,TESS,YAF,angry,angry,YAF_pass_angry,YAF_pass_angry.wav,train
C:\Users\34722\OneDrive\Escritorio\TFG\Reconocimiento emociones audio\RavdessTessSavee\datos_crudos\tess\TESS Toronto emotional speech set data\YAF_angry\YAF_pearl_angry.wav,TESS,YAF,angry,angry,YAF_pearl_angry,YAF_pearl_angry.wav,train
C:\Users\34722\OneDrive\Escritorio\TFG\Reconocimiento emociones audio\RavdessTessSavee\datos_crudos\tess\TESS Toronto emotional speech set data\YAF_angry\YAF_peg_angry.wav,TESS,YAF,angry,angry,YAF_peg_angry,YAF_peg_angry.wav,test
C:\Users\34722\OneDrive\Escritorio\TFG\Reconocimiento emociones audio\RavdessTessSavee\datos_crudos\tess\TESS Toronto emotional speech set data\YAF_angry\YAF_perch_angry.wav,TESS,YAF,angry,angry,YAF_perch_angry,YAF_perch_angry.wav,train
C:\Users\34722\OneDrive\Escritorio\TFG\Reconocimiento emociones audio\RavdessTessSavee\datos_crudos\tess\TESS Toronto emotional speech set data\YAF_angry\YAF_phone_angry.wav,TESS,YAF,angry,angry,YAF_phone_angry,YAF_phone_angry.wav,train
C:\Users\34722\OneDrive\Escritorio\TFG\Reconocimiento emociones audio\RavdessTessSavee\datos_crudos\tess\TESS Toronto emotional speech set data\YAF_angry\YAF_pick_angry.wav,TESS,YAF,angry,angry,YAF_pick_angry,YAF_pick_angry.wav,train
C:\Users\34722\OneDrive\Escritorio\TFG\Reconocimiento emociones audio\RavdessTessSavee\datos_crudos\tess\TESS Toronto emotional speech set data\YAF_angry\YAF_pike_angry.wav,TESS,YAF,angry,angry,YAF_pike_angry,YAF_pike_angry.wav,test
C:\Users\34722\OneDrive\Escritorio\TFG\Reconocimiento emociones audio\RavdessTessSavee\datos_crudos\tess\TESS Toronto emotional speech set data\YAF_angry\YAF_pole_angry.wav,TESS,YAF,angry,angry,YAF_pole_angry,YAF_pole_angry.wav,train
C:\Users\34722\OneDrive\Escritorio\TFG\Reconocimiento emociones audio\RavdessTessSavee\datos_crudos\tess\TESS Toronto emotional speech set data\YAF_angry\YAF_pool_angry.wav,TESS,YAF,angry,angry,YAF_pool_angry,YAF_pool_angry.wav,train
C:\Users\34722\OneDrive\Escritorio\TFG\Reconocimiento emociones audio\RavdessTessSavee\datos_crudos\tess\TESS Toronto emotional speech set data\YAF_angry\YAF_puff_angry.wav,TESS,YAF,angry,angry,YAF_puff_angry,YAF_puff_angry.wav,test
C:\Users\34722\OneDrive\Escritorio\TFG\Reconocimiento emociones audio\RavdessTessSavee\datos_crudos\tess\TESS Toronto emotional speech set data\YAF_angry\YAF_rag_angry.wav,TESS,YAF,angry,angry,YAF_rag_angry,YAF_rag_angry.wav,train
C:\Users\34722\OneDrive\Escritorio\TFG\Reconocimiento emociones audio\RavdessTessSavee\datos_crudos\tess\TESS Toronto emotional speech set data\YAF_angry\YAF_raid_angry.wav,TESS,YAF,angry,angry,YAF_raid_angry,YAF_raid_angry.wav,train
C:\Users\34722\OneDrive\Escritorio\TFG\Reconocimiento emociones audio\RavdessTessSavee\datos_crudos\tess\TESS Toronto emotional speech set data\YAF_angry\YAF_rain_angry.wav,TESS,YAF,angry,angry,YAF_rain_angry,YAF_rain_angry.wav,valid
C:\Users\34722\OneDrive\Escritorio\TFG\Reconocimiento emociones audio\RavdessTessSavee\datos_crudos\tess\TESS Toronto emotional speech set data\YAF_angry\YAF_raise_angry.wav,TESS,YAF,angry,angry,YAF_raise_angry,YAF_raise_angry.wav,train
C:\Users\34722\OneDrive\Escritorio\TFG\Reconocimiento emociones audio\RavdessTessSavee\datos_crudos\tess\TESS Toronto emotional speech set data\YAF_angry\YAF_rat_angry.wav,TESS,YAF,angry,angry,YAF_rat_angry,YAF_rat_angry.wav,test
C:\Users\34722\OneDrive\Escritorio\TFG\Reconocimiento emociones audio\RavdessTessSavee\datos_crudos\tess\TESS Toronto emotional speech set data\YAF_angry\YAF_reach_angry.wav,TESS,YAF,angry,angry,YAF_reach_angry,YAF_reach_angry.wav,train
C:\Users\34722\OneDrive\Escritorio\TFG\Reconocimiento emociones audio\RavdessTessSavee\datos_crudos\tess\TESS Toronto emotional speech set data\YAF_angry\YAF_read_angry.wav,TESS,YAF,angry,angry,YAF_read_angry,YAF_read_angry.wav,train
C:\Users\34722\OneDrive\Escritorio\TFG\Reconocimiento emociones audio\RavdessTessSavee\datos_crudos\tess\TESS Toronto emotional speech set data\YAF_angry\YAF_red_angry.wav,TESS,YAF,angry,angry,YAF_red_angry,YAF_red_angry.wav,train
C:\Users\34722\OneDrive\Escritorio\TFG\Reconocimiento emociones audio\RavdessTessSavee\datos_crudos\tess\TESS Toronto emotional speech set data\YAF_angry\YAF_ring_angry.wav,TESS,YAF,angry,angry,YAF_ring_angry,YAF_ring_angry.wav,train
C:\Users\34722\OneDrive\Escritorio\TFG\Reconocimiento emociones audio\RavdessTessSavee\datos_crudos\tess\TESS Toronto emotional speech set data\YAF_angry\YAF_ripe_angry.wav,TESS,YAF,angry,angry,YAF_ripe_angry,YAF_ripe_angry.wav,train
C:\Users\34722\OneDrive\Escritorio\TFG\Reconocimiento emociones audio\RavdessTessSavee\datos_crudos\tess\TESS Toronto emotional speech set data\YAF_angry\YAF_road_angry.wav,TESS,YAF,angry,angry,YAF_road_angry,YAF_road_angry.wav,train
C:\Users\34722\OneDrive\Escritorio\TFG\Reconocimiento emociones audio\RavdessTessSavee\datos_crudos\tess\TESS Toronto emotional speech set data\YAF_angry\YAF_room_angry.wav,TESS,YAF,angry,angry,YAF_room_angry,YAF_room_angry.wav,valid
C:\Users\34722\OneDrive\Escritorio\TFG\Reconocimiento emociones audio\RavdessTessSavee\datos_crudos\tess\TESS Toronto emotional speech set data\YAF_angry\YAF_rose_angry.wav,TESS,YAF,angry,angry,YAF_rose_angry,YAF_rose_angry.wav,train
C:\Users\34722\OneDrive\Escritorio\TFG\Reconocimiento emociones audio\RavdessTessSavee\datos_crudos\tess\TESS Toronto emotional speech set data\YAF_angry\YAF_rot_angry.wav,TESS,YAF,angry,angry,YAF_rot_angry,YAF_rot_angry.wav,train
C:\Users\34722\OneDrive\Escritorio\TFG\Reconocimiento emociones audio\RavdessTessSavee\datos_crudos\tess\TESS Toronto emotional speech set data\YAF_angry\YAF_rough_angry.wav,TESS,YAF,angry,angry,YAF_rough_angry,YAF_rough_angry.wav,train
C:\Users\34722\OneDrive\Escritorio\TFG\Reconocimiento emociones audio\RavdessTessSavee\datos_crudos\tess\TESS Toronto emotional speech set data\YAF_angry\YAF_rush_angry.wav,TESS,YAF,angry,angry,YAF_rush_angry,YAF_rush_angry.wav,train
C:\Users\34722\OneDrive\Escritorio\TFG\Reconocimiento emociones audio\RavdessTessSavee\datos_crudos\tess\TESS Toronto emotional speech set data\YAF_angry\YAF_said_angry.wav,TESS,YAF,angry,angry,YAF_said_angry,YAF_said_angry.wav,train
C:\Users\34722\OneDrive\Escritorio\TFG\Reconocimiento emociones audio\RavdessTessSavee\datos_crudos\tess\TESS Toronto emotional speech set data\YAF_angry\YAF_sail_angry.wav,TESS,YAF,angry,angry,YAF_sail_angry,YAF_sail_angry.wav,valid
C:\Users\34722\OneDrive\Escritorio\TFG\Reconocimiento emociones audio\RavdessTessSavee\datos_crudos\tess\TESS Toronto emotional speech set data\YAF_angry\YAF_search_angry.wav,TESS,YAF,angry,angry,YAF_search_angry,YAF_search_angry.wav,train
C:\Users\34722\OneDrive\Escritorio\TFG\Reconocimiento emociones audio\RavdessTessSavee\datos_crudos\tess\TESS Toronto emotional speech set data\YAF_angry\YAF_seize_angry.wav,TESS,YAF,angry,angry,YAF_seize_angry,YAF_seize_angry.wav,train
C:\Users\34722\OneDrive\Escritorio\TFG\Reconocimiento emociones audio\RavdessTessSavee\datos_crudos\tess\TESS Toronto emotional speech set data\YAF_angry\YAF_sell_angry.wav,TESS,YAF,angry,angry,YAF_sell_angry,YAF_sell_angry.wav,train
C:\Users\34722\OneDrive\Escritorio\TFG\Reconocimiento emociones audio\RavdessTessSavee\datos_crudos\tess\TESS Toronto emotional speech set data\YAF_angry\YAF_shack_angry.wav,TESS,YAF,angry,angry,YAF_shack_angry,YAF_shack_angry.wav,test
C:\Users\34722\OneDrive\Escritorio\TFG\Reconocimiento emociones audio\RavdessTessSavee\datos_crudos\tess\TESS Toronto emotional speech set data\YAF_angry\YAF_shall_angry.wav,TESS,YAF,angry,angry,YAF_shall_angry,YAF_shall_angry.wav,train
C:\Users\34722\OneDrive\Escritorio\TFG\Reconocimiento emociones audio\RavdessTessSavee\datos_crudos\tess\TESS Toronto emotional speech set data\YAF_angry\YAF_shawl_angry.wav,TESS,YAF,angry,angry,YAF_shawl_angry,YAF_shawl_angry.wav,train
C:\Users\34722\OneDrive\Escritorio\TFG\Reconocimiento emociones audio\RavdessTessSavee\datos_crudos\tess\TESS Toronto emotional speech set data\YAF_angry\YAF_sheep_angry.wav,TESS,YAF,angry,angry,YAF_sheep_angry,YAF_sheep_angry.wav,valid
C:\Users\34722\OneDrive\Escritorio\TFG\Reconocimiento emociones audio\RavdessTessSavee\datos_crudos\tess\TESS Toronto emotional speech set data\YAF_angry\YAF_shirt_angry.wav,TESS,YAF,angry,angry,YAF_shirt_angry,YAF_shirt_angry.wav,valid
C:\Users\34722\OneDrive\Escritorio\TFG\Reconocimiento emociones audio\RavdessTessSavee\datos_crudos\tess\TESS Toronto emotional speech set data\YAF_angry\YAF_should_angry.wav,TESS,YAF,angry,angry,YAF_should_angry,YAF_should_angry.wav,train
C:\Users\34722\OneDrive\Escritorio\TFG\Reconocimiento emociones audio\RavdessTessSavee\datos_crudos\tess\TESS Toronto emotional speech set data\YAF_angry\YAF_shout_angry.wav,TESS,YAF,angry,angry,YAF_shout_angry,YAF_shout_angry.wav,train
C:\Users\34722\OneDrive\Escritorio\TFG\Reconocimiento emociones audio\RavdessTessSavee\datos_crudos\tess\TESS Toronto emotional speech set data\YAF_angry\YAF_size_angry.wav,TESS,YAF,angry,angry,YAF_size_angry,YAF_size_angry.wav,train
C:\Users\34722\OneDrive\Escritorio\TFG\Reconocimiento emociones audio\RavdessTessSavee\datos_crudos\tess\TESS Toronto emotional speech set data\YAF_angry\YAF_soap_angry.wav,TESS,YAF,angry,angry,YAF_soap_angry,YAF_soap_angry.wav,train
C:\Users\34722\OneDrive\Escritorio\TFG\Reconocimiento emociones audio\RavdessTessSavee\datos_crudos\tess\TESS Toronto emotional speech set data\YAF_angry\YAF_soup_angry.wav,TESS,YAF,angry,angry,YAF_soup_angry,YAF_soup_angry.wav,train
C:\Users\34722\OneDrive\Escritorio\TFG\Reconocimiento emociones audio\RavdessTessSavee\datos_crudos\tess\TESS Toronto emotional speech set data\YAF_angry\YAF_sour_angry.wav,TESS,YAF,angry,angry,YAF_sour_angry,YAF_sour_angry.wav,train
C:\Users\34722\OneDrive\Escritorio\TFG\Reconocimiento emociones audio\RavdessTessSavee\datos_crudos\tess\TESS Toronto emotional speech set data\YAF_angry\YAF_south_angry.wav,TESS,YAF,angry,angry,YAF_south_angry,YAF_south_angry.wav,train
C:\Users\34722\OneDrive\Escritorio\TFG\Reconocimiento emociones audio\RavdessTessSavee\datos_crudos\tess\TESS Toronto emotional speech set data\YAF_angry\YAF_sub_angry.wav,TESS,YAF,angry,angry,YAF_sub_angry,YAF_sub_angry.wav,train
C:\Users\34722\OneDrive\Escritorio\TFG\Reconocimiento emociones audio\RavdessTessSavee\datos_crudos\tess\TESS Toronto emotional speech set data\YAF_angry\YAF_such_angry.wav,TESS,YAF,angry,angry,YAF_such_angry,YAF_such_angry.wav,train
C:\Users\34722\OneDrive\Escritorio\TFG\Reconocimiento emociones audio\RavdessTessSavee\datos_crudos\tess\TESS Toronto emotional speech set data\YAF_angry\YAF_sure_angry.wav,TESS,YAF,angry,angry,YAF_sure_angry,YAF_sure_angry.wav,train
C:\Users\34722\OneDrive\Escritorio\TFG\Reconocimiento emociones audio\RavdessTessSavee\datos_crudos\tess\TESS Toronto emotional speech set data\YAF_angry\YAF_take_angry.wav,TESS,YAF,angry,angry,YAF_take_angry,YAF_take_angry.wav,train
C:\Users\34722\OneDrive\Escritorio\TFG\Reconocimiento emociones audio\RavdessTessSavee\datos_crudos\tess\TESS Toronto emotional speech set data\YAF_angry\YAF_talk_angry.wav,TESS,YAF,angry,angry,YAF_talk_angry,YAF_talk_angry.wav,train
C:\Users\34722\OneDrive\Escritorio\TFG\Reconocimiento emociones audio\RavdessTessSavee\datos_crudos\tess\TESS Toronto emotional speech set data\YAF_angry\YAF_tape_angry.wav,TESS,YAF,angry,angry,YAF_tape_angry,YAF_tape_angry.wav,train
C:\Users\34722\OneDrive\Escritorio\TFG\Reconocimiento emociones audio\RavdessTessSavee\datos_crudos\tess\TESS Toronto emotional speech set data\YAF_angry\YAF_team_angry.wav,TESS,YAF,angry,angry,YAF_team_angry,YAF_team_angry.wav,train
C:\Users\34722\OneDrive\Escritorio\TFG\Reconocimiento emociones audio\RavdessTessSavee\datos_crudos\tess\TESS Toronto emotional speech set data\YAF_angry\YAF_tell_angry.wav,TESS,YAF,angry,angry,YAF_tell_angry,YAF_tell_angry.wav,train
C:\Users\34722\OneDrive\Escritorio\TFG\Reconocimiento emociones audio\RavdessTessSavee\datos_crudos\tess\TESS Toronto emotional speech set data\YAF_angry\YAF_thin_angry.wav,TESS,YAF,angry,angry,YAF_thin_angry,YAF_thin_angry.wav,train
C:\Users\34722\OneDrive\Escritorio\TFG\Reconocimiento emociones audio\RavdessTessSavee\datos_crudos\tess\TESS Toronto emotional speech set data\YAF_angry\YAF_third_angry.wav,TESS,YAF,angry,angry,YAF_third_angry,YAF_third_angry.wav,train
C:\Users\34722\OneDrive\Escritorio\TFG\Reconocimiento emociones audio\RavdessTessSavee\datos_crudos\tess\TESS Toronto emotional speech set data\YAF_angry\YAF_thought_angry.wav,TESS,YAF,angry,angry,YAF_thought_angry,YAF_thought_angry.wav,train
C:\Users\34722\OneDrive\Escritorio\TFG\Reconocimiento emociones audio\RavdessTessSavee\datos_crudos\tess\TESS Toronto emotional speech set data\YAF_angry\YAF_thumb_angry.wav,TESS,YAF,angry,angry,YAF_thumb_angry,YAF_thumb_angry.wav,valid
C:\Users\34722\OneDrive\Escritorio\TFG\Reconocimiento emociones audio\RavdessTessSavee\datos_crudos\tess\TESS Toronto emotional speech set data\YAF_angry\YAF_time_angry.wav,TESS,YAF,angry,angry,YAF_time_angry,YAF_time_angry.wav,test
C:\Users\34722\OneDrive\Escritorio\TFG\Reconocimiento emociones audio\RavdessTessSavee\datos_crudos\tess\TESS Toronto emotional speech set data\YAF_angry\YAF_tip_angry.wav,TESS,YAF,angry,angry,YAF_tip_angry,YAF_tip_angry.wav,train
C:\Users\34722\OneDrive\Escritorio\TFG\Reconocimiento emociones audio\RavdessTessSavee\datos_crudos\tess\TESS Toronto emotional speech set data\YAF_angry\YAF_tire_angry.wav,TESS,YAF,angry,angry,YAF_tire_angry,YAF_tire_angry.wav,train
C:\Users\34722\OneDrive\Escritorio\TFG\Reconocimiento emociones audio\RavdessTessSavee\datos_crudos\tess\TESS Toronto emotional speech set data\YAF_angry\YAF_ton_angry.wav,TESS,YAF,angry,angry,YAF_ton_angry,YAF_ton_angry.wav,valid
C:\Users\34722\OneDrive\Escritorio\TFG\Reconocimiento emociones audio\RavdessTessSavee\datos_crudos\tess\TESS Toronto emotional speech set data\YAF_angry\YAF_tool_angry.wav,TESS,YAF,angry,angry,YAF_tool_angry,YAF_tool_angry.wav,valid
C:\Users\34722\OneDrive\Escritorio\TFG\Reconocimiento emociones audio\RavdessTessSavee\datos_crudos\tess\TESS Toronto emotional speech set data\YAF_angry\YAF_tough_angry.wav,TESS,YAF,angry,angry,YAF_tough_angry,YAF_tough_angry.wav,train
C:\Users\34722\OneDrive\Escritorio\TFG\Reconocimiento emociones audio\RavdessTessSavee\datos_crudos\tess\TESS Toronto emotional speech set data\YAF_angry\YAF_turn_angry.wav,TESS,YAF,angry,angry,YAF_turn_angry,YAF_turn_angry.wav,valid
C:\Users\34722\OneDrive\Escritorio\TFG\Reconocimiento emociones audio\RavdessTessSavee\datos_crudos\tess\TESS Toronto emotional speech set data\YAF_angry\YAF_vine_angry.wav,TESS,YAF,angry,angry,YAF_vine_angry,YAF_vine_angry.wav,train
C:\Users\34722\OneDrive\Escritorio\TFG\Reconocimiento emociones audio\RavdessTessSavee\datos_crudos\tess\TESS Toronto emotional speech set data\YAF_angry\YAF_voice_angry.wav,TESS,YAF,angry,angry,YAF_voice_angry,YAF_voice_angry.wav,test
C:\Users\34722\OneDrive\Escritorio\TFG\Reconocimiento emociones audio\RavdessTessSavee\datos_crudos\tess\TESS Toronto emotional speech set data\YAF_angry\YAF_void_angry.wav,TESS,YAF,angry,angry,YAF_void_angry,YAF_void_angry.wav,train
C:\Users\34722\OneDrive\Escritorio\TFG\Reconocimiento emociones audio\RavdessTessSavee\datos_crudos\tess\TESS Toronto emotional speech set data\YAF_angry\YAF_vote_angry.wav,TESS,YAF,angry,angry,YAF_vote_angry,YAF_vote_angry.wav,train
C:\Users\34722\OneDrive\Escritorio\TFG\Reconocimiento emociones audio\RavdessTessSavee\datos_crudos\tess\TESS Toronto emotional speech set data\YAF_angry\YAF_wag_angry.wav,TESS,YAF,angry,angry,YAF_wag_angry,YAF_wag_angry.wav,test
C:\Users\34722\OneDrive\Escritorio\TFG\Reconocimiento emociones audio\RavdessTessSavee\datos_crudos\tess\TESS Toronto emotional speech set data\YAF_angry\YAF_walk_angry.wav,TESS,YAF,angry,angry,YAF_walk_angry,YAF_walk_angry.wav,train
C:\Users\34722\OneDrive\Escritorio\TFG\Reconocimiento emociones audio\RavdessTessSavee\datos_crudos\tess\TESS Toronto emotional speech set data\YAF_angry\YAF_wash_angry.wav,TESS,YAF,angry,angry,YAF_wash_angry,YAF_wash_angry.wav,test
C:\Users\34722\OneDrive\Escritorio\TFG\Reconocimiento emociones audio\RavdessTessSavee\datos_crudos\tess\TESS Toronto emotional speech set data\YAF_angry\YAF_week_angry.wav,TESS,YAF,angry,angry,YAF_week_angry,YAF_week_angry.wav,train
C:\Users\34722\OneDrive\Escritorio\TFG\Reconocimiento emociones audio\RavdessTessSavee\datos_crudos\tess\TESS Toronto emotional speech set data\YAF_angry\YAF_wheat_angry.wav,TESS,YAF,angry,angry,YAF_wheat_angry,YAF_wheat_angry.wav,test
C:\Users\34722\OneDrive\Escritorio\TFG\Reconocimiento emociones audio\RavdessTessSavee\datos_crudos\tess\TESS Toronto emotional speech set data\YAF_angry\YAF_when_angry.wav,TESS,YAF,angry,angry,YAF_when_angry,YAF_when_angry.wav,train
C:\Users\34722\OneDrive\Escritorio\TFG\Reconocimiento emociones audio\RavdessTessSavee\datos_crudos\tess\TESS Toronto emotional speech set data\YAF_angry\YAF_which_angry.wav,TESS,YAF,angry,angry,YAF_which_angry,YAF_which_angry.wav,valid
C:\Users\34722\OneDrive\Escritorio\TFG\Reconocimiento emociones audio\RavdessTessSavee\datos_crudos\tess\TESS Toronto emotional speech set data\YAF_angry\YAF_whip_angry.wav,TESS,YAF,angry,angry,YAF_whip_angry,YAF_whip_angry.wav,train
C:\Users\34722\OneDrive\Escritorio\TFG\Reconocimiento emociones audio\RavdessTessSavee\datos_crudos\tess\TESS Toronto emotional speech set data\YAF_angry\YAF_white_angry.wav,TESS,YAF,angry,angry,YAF_white_angry,YAF_white_angry.wav,train
C:\Users\34722\OneDrive\Escritorio\TFG\Reconocimiento emociones audio\RavdessTessSavee\datos_crudos\tess\TESS Toronto emotional speech set data\YAF_angry\YAF_wife_angry.wav,TESS,YAF,angry,angry,YAF_wife_angry,YAF_wife_angry.wav,valid
C:\Users\34722\OneDrive\Escritorio\TFG\Reconocimiento emociones audio\RavdessTessSavee\datos_crudos\tess\TESS Toronto emotional speech set data\YAF_angry\YAF_wire_angry.wav,TESS,YAF,angry,angry,YAF_wire_angry,YAF_wire_angry.wav,train
C:\Users\34722\OneDrive\Escritorio\TFG\Reconocimiento emociones audio\RavdessTessSavee\datos_crudos\tess\TESS Toronto emotional speech set data\YAF_angry\YAF_witch_angry.wav,TESS,YAF,angry,angry,YAF_witch_angry,YAF_witch_angry.wav,train
C:\Users\34722\OneDrive\Escritorio\TFG\Reconocimiento emociones audio\RavdessTessSavee\datos_crudos\tess\TESS Toronto emotional speech set data\YAF_angry\YAF_yearn_angry.wav,TESS,YAF,angry,angry,YAF_yearn_angry,YAF_yearn_angry.wav,train
C:\Users\34722\OneDrive\Escritorio\TFG\Reconocimiento emociones audio\RavdessTessSavee\datos_crudos\tess\TESS Toronto emotional speech set data\YAF_angry\YAF_yes_angry.wav,TESS,YAF,angry,angry,YAF_yes_angry,YAF_yes_angry.wav,train
C:\Users\34722\OneDrive\Escritorio\TFG\Reconocimiento emociones audio\RavdessTessSavee\datos_crudos\tess\TESS Toronto emotional speech set data\YAF_angry\YAF_young_angry.wav,TESS,YAF,angry,angry,YAF_young_angry,YAF_young_angry.wav,valid
C:\Users\34722\OneDrive\Escritorio\TFG\Reconocimiento emociones audio\RavdessTessSavee\datos_crudos\tess\TESS Toronto emotional speech set data\YAF_angry\YAF_youth_angry.wav,TESS,YAF,angry,angry,YAF_youth_angry,YAF_youth_angry.wav,train
C:\Users\34722\OneDrive\Escritorio\TFG\Reconocimiento emociones audio\RavdessTessSavee\datos_crudos\tess\TESS Toronto emotional speech set data\YAF_fear\YAF_back_fear.wav,TESS,YAF,fearful,fearful,YAF_back_fear,YAF_back_fear.wav,train
C:\Users\34722\OneDrive\Escritorio\TFG\Reconocimiento emociones audio\RavdessTessSavee\datos_crudos\tess\TESS Toronto emotional speech set data\YAF_fear\YAF_bar_fear.wav,TESS,YAF,fearful,fearful,YAF_bar_fear,YAF_bar_fear.wav,test
C:\Users\34722\OneDrive\Escritorio\TFG\Reconocimiento emociones audio\RavdessTessSavee\datos_crudos\tess\TESS Toronto emotional speech set data\YAF_fear\YAF_base_fear.wav,TESS,YAF,fearful,fearful,YAF_base_fear,YAF_base_fear.wav,train
C:\Users\34722\OneDrive\Escritorio\TFG\Reconocimiento emociones audio\RavdessTessSavee\datos_crudos\tess\TESS Toronto emotional speech set data\YAF_fear\YAF_bath_fear.wav,TESS,YAF,fearful,fearful,YAF_bath_fear,YAF_bath_fear.wav,train
C:\Users\34722\OneDrive\Escritorio\TFG\Reconocimiento emociones audio\RavdessTessSavee\datos_crudos\tess\TESS Toronto emotional speech set data\YAF_fear\YAF_bean_fear.wav,TESS,YAF,fearful,fearful,YAF_bean_fear,YAF_bean_fear.wav,test
C:\Users\34722\OneDrive\Escritorio\TFG\Reconocimiento emociones audio\RavdessTessSavee\datos_crudos\tess\TESS Toronto emotional speech set data\YAF_fear\YAF_beg_fear.wav,TESS,YAF,fearful,fearful,YAF_beg_fear,YAF_beg_fear.wav,valid
C:\Users\34722\OneDrive\Escritorio\TFG\Reconocimiento emociones audio\RavdessTessSavee\datos_crudos\tess\TESS Toronto emotional speech set data\YAF_fear\YAF_bite_fear.wav,TESS,YAF,fearful,fearful,YAF_bite_fear,YAF_bite_fear.wav,train
C:\Users\34722\OneDrive\Escritorio\TFG\Reconocimiento emociones audio\RavdessTessSavee\datos_crudos\tess\TESS Toronto emotional speech set data\YAF_fear\YAF_boat_fear.wav,TESS,YAF,fearful,fearful,YAF_boat_fear,YAF_boat_fear.wav,train
C:\Users\34722\OneDrive\Escritorio\TFG\Reconocimiento emociones audio\RavdessTessSavee\datos_crudos\tess\TESS Toronto emotional speech set data\YAF_fear\YAF_bone_fear.wav,TESS,YAF,fearful,fearful,YAF_bone_fear,YAF_bone_fear.wav,train
C:\Users\34722\OneDrive\Escritorio\TFG\Reconocimiento emociones audio\RavdessTessSavee\datos_crudos\tess\TESS Toronto emotional speech set data\YAF_fear\YAF_book_fear.wav,TESS,YAF,fearful,fearful,YAF_book_fear,YAF_book_fear.wav,train
C:\Users\34722\OneDrive\Escritorio\TFG\Reconocimiento emociones audio\RavdessTessSavee\datos_crudos\tess\TESS Toronto emotional speech set data\YAF_fear\YAF_bought_fear.wav,TESS,YAF,fearful,fearful,YAF_bought_fear,YAF_bought_fear.wav,train
C:\Users\34722\OneDrive\Escritorio\TFG\Reconocimiento emociones audio\RavdessTessSavee\datos_crudos\tess\TESS Toronto emotional speech set data\YAF_fear\YAF_burn_fear.wav,TESS,YAF,fearful,fearful,YAF_burn_fear,YAF_burn_fear.wav,train
C:\Users\34722\OneDrive\Escritorio\TFG\Reconocimiento emociones audio\RavdessTessSavee\datos_crudos\tess\TESS Toronto emotional speech set data\YAF_fear\YAF_cab_fear.wav,TESS,YAF,fearful,fearful,YAF_cab_fear,YAF_cab_fear.wav,valid
C:\Users\34722\OneDrive\Escritorio\TFG\Reconocimiento emociones audio\RavdessTessSavee\datos_crudos\tess\TESS Toronto emotional speech set data\YAF_fear\YAF_calm_fear.wav,TESS,YAF,fearful,fearful,YAF_calm_fear,YAF_calm_fear.wav,test
C:\Users\34722\OneDrive\Escritorio\TFG\Reconocimiento emociones audio\RavdessTessSavee\datos_crudos\tess\TESS Toronto emotional speech set data\YAF_fear\YAF_came_fear.wav,TESS,YAF,fearful,fearful,YAF_came_fear,YAF_came_fear.wav,test
C:\Users\34722\OneDrive\Escritorio\TFG\Reconocimiento emociones audio\RavdessTessSavee\datos_crudos\tess\TESS Toronto emotional speech set data\YAF_fear\YAF_cause_fear.wav,TESS,YAF,fearful,fearful,YAF_cause_fear,YAF_cause_fear.wav,train
C:\Users\34722\OneDrive\Escritorio\TFG\Reconocimiento emociones audio\RavdessTessSavee\datos_crudos\tess\TESS Toronto emotional speech set data\YAF_fear\YAF_chain_fear.wav,TESS,YAF,fearful,fearful,YAF_chain_fear,YAF_chain_fear.wav,train
C:\Users\34722\OneDrive\Escritorio\TFG\Reconocimiento emociones audio\RavdessTessSavee\datos_crudos\tess\TESS Toronto emotional speech set data\YAF_fear\YAF_chair_fear.wav,TESS,YAF,fearful,fearful,YAF_chair_fear,YAF_chair_fear.wav,train
C:\Users\34722\OneDrive\Escritorio\TFG\Reconocimiento emociones audio\RavdessTessSavee\datos_crudos\tess\TESS Toronto emotional speech set data\YAF_fear\YAF_chalk_fear.wav,TESS,YAF,fearful,fearful,YAF_chalk_fear,YAF_chalk_fear.wav,train
C:\Users\34722\OneDrive\Escritorio\TFG\Reconocimiento emociones audio\RavdessTessSavee\datos_crudos\tess\TESS Toronto emotional speech set data\YAF_fear\YAF_chat_fear.wav,TESS,YAF,fearful,fearful,YAF_chat_fear,YAF_chat_fear.wav,valid
C:\Users\34722\OneDrive\Escritorio\TFG\Reconocimiento emociones audio\RavdessTessSavee\datos_crudos\tess\TESS Toronto emotional speech set data\YAF_fear\YAF_check_fear.wav,TESS,YAF,fearful,fearful,YAF_check_fear,YAF_check_fear.wav,train
C:\Users\34722\OneDrive\Escritorio\TFG\Reconocimiento emociones audio\RavdessTessSavee\datos_crudos\tess\TESS Toronto emotional speech set data\YAF_fear\YAF_cheek_fear.wav,TESS,YAF,fearful,fearful,YAF_cheek_fear,YAF_cheek_fear.wav,train
C:\Users\34722\OneDrive\Escritorio\TFG\Reconocimiento emociones audio\RavdessTessSavee\datos_crudos\tess\TESS Toronto emotional speech set data\YAF_fear\YAF_chief_fear.wav,TESS,YAF,fearful,fearful,YAF_chief_fear,YAF_chief_fear.wav,valid
C:\Users\34722\OneDrive\Escritorio\TFG\Reconocimiento emociones audio\RavdessTessSavee\datos_crudos\tess\TESS Toronto emotional speech set data\YAF_fear\YAF_choice_fear.wav,TESS,YAF,fearful,fearful,YAF_choice_fear,YAF_choice_fear.wav,train
C:\Users\34722\OneDrive\Escritorio\TFG\Reconocimiento emociones audio\RavdessTessSavee\datos_crudos\tess\TESS Toronto emotional speech set data\YAF_fear\YAF_cool_fear.wav,TESS,YAF,fearful,fearful,YAF_cool_fear,YAF_cool_fear.wav,valid
C:\Users\34722\OneDrive\Escritorio\TFG\Reconocimiento emociones audio\RavdessTessSavee\datos_crudos\tess\TESS Toronto emotional speech set data\YAF_fear\YAF_dab_fear.wav,TESS,YAF,fearful,fearful,YAF_dab_fear,YAF_dab_fear.wav,test
C:\Users\34722\OneDrive\Escritorio\TFG\Reconocimiento emociones audio\RavdessTessSavee\datos_crudos\tess\TESS Toronto emotional speech set data\YAF_fear\YAF_date_fear.wav,TESS,YAF,fearful,fearful,YAF_date_fear,YAF_date_fear.wav,train
C:\Users\34722\OneDrive\Escritorio\TFG\Reconocimiento emociones audio\RavdessTessSavee\datos_crudos\tess\TESS Toronto emotional speech set data\YAF_fear\YAF_dead_fear.wav,TESS,YAF,fearful,fearful,YAF_dead_fear,YAF_dead_fear.wav,train
C:\Users\34722\OneDrive\Escritorio\TFG\Reconocimiento emociones audio\RavdessTessSavee\datos_crudos\tess\TESS Toronto emotional speech set data\YAF_fear\YAF_death_fear.wav,TESS,YAF,fearful,fearful,YAF_death_fear,YAF_death_fear.wav,train
C:\Users\34722\OneDrive\Escritorio\TFG\Reconocimiento emociones audio\RavdessTessSavee\datos_crudos\tess\TESS Toronto emotional speech set data\YAF_fear\YAF_deep_fear.wav,TESS,YAF,fearful,fearful,YAF_deep_fear,YAF_deep_fear.wav,train
C:\Users\34722\OneDrive\Escritorio\TFG\Reconocimiento emociones audio\RavdessTessSavee\datos_crudos\tess\TESS Toronto emotional speech set data\YAF_fear\YAF_dime_fear.wav,TESS,YAF,fearful,fearful,YAF_dime_fear,YAF_dime_fear.wav,train
C:\Users\34722\OneDrive\Escritorio\TFG\Reconocimiento emociones audio\RavdessTessSavee\datos_crudos\tess\TESS Toronto emotional speech set data\YAF_fear\YAF_dip_fear.wav,TESS,YAF,fearful,fearful,YAF_dip_fear,YAF_dip_fear.wav,train
C:\Users\34722\OneDrive\Escritorio\TFG\Reconocimiento emociones audio\RavdessTessSavee\datos_crudos\tess\TESS Toronto emotional speech set data\YAF_fear\YAF_ditch_fear.wav,TESS,YAF,fearful,fearful,YAF_ditch_fear,YAF_ditch_fear.wav,train
C:\Users\34722\OneDrive\Escritorio\TFG\Reconocimiento emociones audio\RavdessTessSavee\datos_crudos\tess\TESS Toronto emotional speech set data\YAF_fear\YAF_dodge_fear.wav,TESS,YAF,fearful,fearful,YAF_dodge_fear,YAF_dodge_fear.wav,train
C:\Users\34722\OneDrive\Escritorio\TFG\Reconocimiento emociones audio\RavdessTessSavee\datos_crudos\tess\TESS Toronto emotional speech set data\YAF_fear\YAF_dog_fear.wav,TESS,YAF,fearful,fearful,YAF_dog_fear,YAF_dog_fear.wav,train
C:\Users\34722\OneDrive\Escritorio\TFG\Reconocimiento emociones audio\RavdessTessSavee\datos_crudos\tess\TESS Toronto emotional speech set data\YAF_fear\YAF_doll_fear.wav,TESS,YAF,fearful,fearful,YAF_doll_fear,YAF_doll_fear.wav,train
C:\Users\34722\OneDrive\Escritorio\TFG\Reconocimiento emociones audio\RavdessTessSavee\datos_crudos\tess\TESS Toronto emotional speech set data\YAF_fear\YAF_door_fear.wav,TESS,YAF,fearful,fearful,YAF_door_fear,YAF_door_fear.wav,test
C:\Users\34722\OneDrive\Escritorio\TFG\Reconocimiento emociones audio\RavdessTessSavee\datos_crudos\tess\TESS Toronto emotional speech set data\YAF_fear\YAF_fail_fear.wav,TESS,YAF,fearful,fearful,YAF_fail_fear,YAF_fail_fear.wav,train
C:\Users\34722\OneDrive\Escritorio\TFG\Reconocimiento emociones audio\RavdessTessSavee\datos_crudos\tess\TESS Toronto emotional speech set data\YAF_fear\YAF_fall_fear.wav,TESS,YAF,fearful,fearful,YAF_fall_fear,YAF_fall_fear.wav,train
C:\Users\34722\OneDrive\Escritorio\TFG\Reconocimiento emociones audio\RavdessTessSavee\datos_crudos\tess\TESS Toronto emotional speech set data\YAF_fear\YAF_far_fear.wav,TESS,YAF,fearful,fearful,YAF_far_fear,YAF_far_fear.wav,train
C:\Users\34722\OneDrive\Escritorio\TFG\Reconocimiento emociones audio\RavdessTessSavee\datos_crudos\tess\TESS Toronto emotional speech set data\YAF_fear\YAF_fat_fear.wav,TESS,YAF,fearful,fearful,YAF_fat_fear,YAF_fat_fear.wav,valid
C:\Users\34722\OneDrive\Escritorio\TFG\Reconocimiento emociones audio\RavdessTessSavee\datos_crudos\tess\TESS Toronto emotional speech set data\YAF_fear\YAF_fit_fear.wav,TESS,YAF,fearful,fearful,YAF_fit_fear,YAF_fit_fear.wav,train
C:\Users\34722\OneDrive\Escritorio\TFG\Reconocimiento emociones audio\RavdessTessSavee\datos_crudos\tess\TESS Toronto emotional speech set data\YAF_fear\YAF_five_fear.wav,TESS,YAF,fearful,fearful,YAF_five_fear,YAF_five_fear.wav,train
C:\Users\34722\OneDrive\Escritorio\TFG\Reconocimiento emociones audio\RavdessTessSavee\datos_crudos\tess\TESS Toronto emotional speech set data\YAF_fear\YAF_food_fear.wav,TESS,YAF,fearful,fearful,YAF_food_fear,YAF_food_fear.wav,valid
C:\Users\34722\OneDrive\Escritorio\TFG\Reconocimiento emociones audio\RavdessTessSavee\datos_crudos\tess\TESS Toronto emotional speech set data\YAF_fear\YAF_gap_fear.wav,TESS,YAF,fearful,fearful,YAF_gap_fear,YAF_gap_fear.wav,test
C:\Users\34722\OneDrive\Escritorio\TFG\Reconocimiento emociones audio\RavdessTessSavee\datos_crudos\tess\TESS Toronto emotional speech set data\YAF_fear\YAF_gas_fear.wav,TESS,YAF,fearful,fearful,YAF_gas_fear,YAF_gas_fear.wav,valid
C:\Users\34722\OneDrive\Escritorio\TFG\Reconocimiento emociones audio\RavdessTessSavee\datos_crudos\tess\TESS Toronto emotional speech set data\YAF_fear\YAF_gaze_fear.wav,TESS,YAF,fearful,fearful,YAF_gaze_fear,YAF_gaze_fear.wav,test
C:\Users\34722\OneDrive\Escritorio\TFG\Reconocimiento emociones audio\RavdessTessSavee\datos_crudos\tess\TESS Toronto emotional speech set data\YAF_fear\YAF_germ_fear.wav,TESS,YAF,fearful,fearful,YAF_germ_fear,YAF_germ_fear.wav,train
C:\Users\34722\OneDrive\Escritorio\TFG\Reconocimiento emociones audio\RavdessTessSavee\datos_crudos\tess\TESS Toronto emotional speech set data\YAF_fear\YAF_get_fear.wav,TESS,YAF,fearful,fearful,YAF_get_fear,YAF_get_fear.wav,train
C:\Users\34722\OneDrive\Escritorio\TFG\Reconocimiento emociones audio\RavdessTessSavee\datos_crudos\tess\TESS Toronto emotional speech set data\YAF_fear\YAF_gin_fear.wav,TESS,YAF,fearful,fearful,YAF_gin_fear,YAF_gin_fear.wav,train
C:\Users\34722\OneDrive\Escritorio\TFG\Reconocimiento emociones audio\RavdessTessSavee\datos_crudos\tess\TESS Toronto emotional speech set data\YAF_fear\YAF_goal_fear.wav,TESS,YAF,fearful,fearful,YAF_goal_fear,YAF_goal_fear.wav,valid
C:\Users\34722\OneDrive\Escritorio\TFG\Reconocimiento emociones audio\RavdessTessSavee\datos_crudos\tess\TESS Toronto emotional speech set data\YAF_fear\YAF_good_fear.wav,TESS,YAF,fearful,fearful,YAF_good_fear,YAF_good_fear.wav,valid
C:\Users\34722\OneDrive\Escritorio\TFG\Reconocimiento emociones audio\RavdessTessSavee\datos_crudos\tess\TESS Toronto emotional speech set data\YAF_fear\YAF_goose_fear.wav,TESS,YAF,fearful,fearful,YAF_goose_fear,YAF_goose_fear.wav,train
C:\Users\34722\OneDrive\Escritorio\TFG\Reconocimiento emociones audio\RavdessTessSavee\datos_crudos\tess\TESS Toronto emotional speech set data\YAF_fear\YAF_gun_fear.wav,TESS,YAF,fearful,fearful,YAF_gun_fear,YAF_gun_fear.wav,train
C:\Users\34722\OneDrive\Escritorio\TFG\Reconocimiento emociones audio\RavdessTessSavee\datos_crudos\tess\TESS Toronto emotional speech set data\YAF_fear\YAF_half_fear.wav,TESS,YAF,fearful,fearful,YAF_half_fear,YAF_half_fear.wav,train
C:\Users\34722\OneDrive\Escritorio\TFG\Reconocimiento emociones audio\RavdessTessSavee\datos_crudos\tess\TESS Toronto emotional speech set data\YAF_fear\YAF_hall_fear.wav,TESS,YAF,fearful,fearful,YAF_hall_fear,YAF_hall_fear.wav,train
C:\Users\34722\OneDrive\Escritorio\TFG\Reconocimiento emociones audio\RavdessTessSavee\datos_crudos\tess\TESS Toronto emotional speech set data\YAF_fear\YAF_hash_fear.wav,TESS,YAF,fearful,fearful,YAF_hash_fear,YAF_hash_fear.wav,valid
C:\Users\34722\OneDrive\Escritorio\TFG\Reconocimiento emociones audio\RavdessTessSavee\datos_crudos\tess\TESS Toronto emotional speech set data\YAF_fear\YAF_hate_fear.wav,TESS,YAF,fearful,fearful,YAF_hate_fear,YAF_hate_fear.wav,test
C:\Users\34722\OneDrive\Escritorio\TFG\Reconocimiento emociones audio\RavdessTessSavee\datos_crudos\tess\TESS Toronto emotional speech set data\YAF_fear\YAF_have_fear.wav,TESS,YAF,fearful,fearful,YAF_have_fear,YAF_have_fear.wav,train
C:\Users\34722\OneDrive\Escritorio\TFG\Reconocimiento emociones audio\RavdessTessSavee\datos_crudos\tess\TESS Toronto emotional speech set data\YAF_fear\YAF_haze_fear.wav,TESS,YAF,fearful,fearful,YAF_haze_fear,YAF_haze_fear.wav,train
C:\Users\34722\OneDrive\Escritorio\TFG\Reconocimiento emociones audio\RavdessTessSavee\datos_crudos\tess\TESS Toronto emotional speech set data\YAF_fear\YAF_hire_fear.wav,TESS,YAF,fearful,fearful,YAF_hire_fear,YAF_hire_fear.wav,valid
C:\Users\34722\OneDrive\Escritorio\TFG\Reconocimiento emociones audio\RavdessTessSavee\datos_crudos\tess\TESS Toronto emotional speech set data\YAF_fear\YAF_hit_fear.wav,TESS,YAF,fearful,fearful,YAF_hit_fear,YAF_hit_fear.wav,train
C:\Users\34722\OneDrive\Escritorio\TFG\Reconocimiento emociones audio\RavdessTessSavee\datos_crudos\tess\TESS Toronto emotional speech set data\YAF_fear\YAF_hole_fear.wav,TESS,YAF,fearful,fearful,YAF_hole_fear,YAF_hole_fear.wav,train
C:\Users\34722\OneDrive\Escritorio\TFG\Reconocimiento emociones audio\RavdessTessSavee\datos_crudos\tess\TESS Toronto emotional speech set data\YAF_fear\YAF_home_fear.wav,TESS,YAF,fearful,fearful,YAF_home_fear,YAF_home_fear.wav,test
C:\Users\34722\OneDrive\Escritorio\TFG\Reconocimiento emociones audio\RavdessTessSavee\datos_crudos\tess\TESS Toronto emotional speech set data\YAF_fear\YAF_hurl_fear.wav,TESS,YAF,fearful,fearful,YAF_hurl_fear,YAF_hurl_fear.wav,train
C:\Users\34722\OneDrive\Escritorio\TFG\Reconocimiento emociones audio\RavdessTessSavee\datos_crudos\tess\TESS Toronto emotional speech set data\YAF_fear\YAF_hush_fear.wav,TESS,YAF,fearful,fearful,YAF_hush_fear,YAF_hush_fear.wav,valid
C:\Users\34722\OneDrive\Escritorio\TFG\Reconocimiento emociones audio\RavdessTessSavee\datos_crudos\tess\TESS Toronto emotional speech set data\YAF_fear\YAF_jail_fear.wav,TESS,YAF,fearful,fearful,YAF_jail_fear,YAF_jail_fear.wav,train
C:\Users\34722\OneDrive\Escritorio\TFG\Reconocimiento emociones audio\RavdessTessSavee\datos_crudos\tess\TESS Toronto emotional speech set data\YAF_fear\YAF_jar_fear.wav,TESS,YAF,fearful,fearful,YAF_jar_fear,YAF_jar_fear.wav,test
C:\Users\34722\OneDrive\Escritorio\TFG\Reconocimiento emociones audio\RavdessTessSavee\datos_crudos\tess\TESS Toronto emotional speech set data\YAF_fear\YAF_join_fear.wav,TESS,YAF,fearful,fearful,YAF_join_fear,YAF_join_fear.wav,train
C:\Users\34722\OneDrive\Escritorio\TFG\Reconocimiento emociones audio\RavdessTessSavee\datos_crudos\tess\TESS Toronto emotional speech set data\YAF_fear\YAF_judge_fear.wav,TESS,YAF,fearful,fearful,YAF_judge_fear,YAF_judge_fear.wav,train
C:\Users\34722\OneDrive\Escritorio\TFG\Reconocimiento emociones audio\RavdessTessSavee\datos_crudos\tess\TESS Toronto emotional speech set data\YAF_fear\YAF_jug_fear.wav,TESS,YAF,fearful,fearful,YAF_jug_fear,YAF_jug_fear.wav,train
C:\Users\34722\OneDrive\Escritorio\TFG\Reconocimiento emociones audio\RavdessTessSavee\datos_crudos\tess\TESS Toronto emotional speech set data\YAF_fear\YAF_juice_fear.wav,TESS,YAF,fearful,fearful,YAF_juice_fear,YAF_juice_fear.wav,valid
C:\Users\34722\OneDrive\Escritorio\TFG\Reconocimiento emociones audio\RavdessTessSavee\datos_crudos\tess\TESS Toronto emotional speech set data\YAF_fear\YAF_keen_fear.wav,TESS,YAF,fearful,fearful,YAF_keen_fear,YAF_keen_fear.wav,test
C:\Users\34722\OneDrive\Escritorio\TFG\Reconocimiento emociones audio\RavdessTessSavee\datos_crudos\tess\TESS Toronto emotional speech set data\YAF_fear\YAF_keep_fear.wav,TESS,YAF,fearful,fearful,YAF_keep_fear,YAF_keep_fear.wav,train
C:\Users\34722\OneDrive\Escritorio\TFG\Reconocimiento emociones audio\RavdessTessSavee\datos_crudos\tess\TESS Toronto emotional speech set data\YAF_fear\YAF_keg_fear.wav,TESS,YAF,fearful,fearful,YAF_keg_fear,YAF_keg_fear.wav,train
C:\Users\34722\OneDrive\Escritorio\TFG\Reconocimiento emociones audio\RavdessTessSavee\datos_crudos\tess\TESS Toronto emotional speech set data\YAF_fear\YAF_kick_fear.wav,TESS,YAF,fearful,fearful,YAF_kick_fear,YAF_kick_fear.wav,test
C:\Users\34722\OneDrive\Escritorio\TFG\Reconocimiento emociones audio\RavdessTessSavee\datos_crudos\tess\TESS Toronto emotional speech set data\YAF_fear\YAF_kill_fear.wav,TESS,YAF,fearful,fearful,YAF_kill_fear,YAF_kill_fear.wav,train
C:\Users\34722\OneDrive\Escritorio\TFG\Reconocimiento emociones audio\RavdessTessSavee\datos_crudos\tess\TESS Toronto emotional speech set data\YAF_fear\YAF_king_fear.wav,TESS,YAF,fearful,fearful,YAF_king_fear,YAF_king_fear.wav,valid
C:\Users\34722\OneDrive\Escritorio\TFG\Reconocimiento emociones audio\RavdessTessSavee\datos_crudos\tess\TESS Toronto emotional speech set data\YAF_fear\YAF_kite_fear.wav,TESS,YAF,fearful,fearful,YAF_kite_fear,YAF_kite_fear.wav,train
C:\Users\34722\OneDrive\Escritorio\TFG\Reconocimiento emociones audio\RavdessTessSavee\datos_crudos\tess\TESS Toronto emotional speech set data\YAF_fear\YAF_knock_fear.wav,TESS,YAF,fearful,fearful,YAF_knock_fear,YAF_knock_fear.wav,train
C:\Users\34722\OneDrive\Escritorio\TFG\Reconocimiento emociones audio\RavdessTessSavee\datos_crudos\tess\TESS Toronto emotional speech set data\YAF_fear\YAF_late_fear.wav,TESS,YAF,fearful,fearful,YAF_late_fear,YAF_late_fear.wav,train
C:\Users\34722\OneDrive\Escritorio\TFG\Reconocimiento emociones audio\RavdessTessSavee\datos_crudos\tess\TESS Toronto emotional speech set data\YAF_fear\YAF_laud_fear.wav,TESS,YAF,fearful,fearful,YAF_laud_fear,YAF_laud_fear.wav,test
C:\Users\34722\OneDrive\Escritorio\TFG\Reconocimiento emociones audio\RavdessTessSavee\datos_crudos\tess\TESS Toronto emotional speech set data\YAF_fear\YAF_lean_fear.wav,TESS,YAF,fearful,fearful,YAF_lean_fear,YAF_lean_fear.wav,valid
C:\Users\34722\OneDrive\Escritorio\TFG\Reconocimiento emociones audio\RavdessTessSavee\datos_crudos\tess\TESS Toronto emotional speech set data\YAF_fear\YAF_learn_fear.wav,TESS,YAF,fearful,fearful,YAF_learn_fear,YAF_learn_fear.wav,train
C:\Users\34722\OneDrive\Escritorio\TFG\Reconocimiento emociones audio\RavdessTessSavee\datos_crudos\tess\TESS Toronto emotional speech set data\YAF_fear\YAF_lease_fear.wav,TESS,YAF,fearful,fearful,YAF_lease_fear,YAF_lease_fear.wav,test
C:\Users\34722\OneDrive\Escritorio\TFG\Reconocimiento emociones audio\RavdessTessSavee\datos_crudos\tess\TESS Toronto emotional speech set data\YAF_fear\YAF_lid_fear.wav,TESS,YAF,fearful,fearful,YAF_lid_fear,YAF_lid_fear.wav,train
C:\Users\34722\OneDrive\Escritorio\TFG\Reconocimiento emociones audio\RavdessTessSavee\datos_crudos\tess\TESS Toronto emotional speech set data\YAF_fear\YAF_life_fear.wav,TESS,YAF,fearful,fearful,YAF_life_fear,YAF_life_fear.wav,train
C:\Users\34722\OneDrive\Escritorio\TFG\Reconocimiento emociones audio\RavdessTessSavee\datos_crudos\tess\TESS Toronto emotional speech set data\YAF_fear\YAF_limb_fear.wav,TESS,YAF,fearful,fearful,YAF_limb_fear,YAF_limb_fear.wav,train
C:\Users\34722\OneDrive\Escritorio\TFG\Reconocimiento emociones audio\RavdessTessSavee\datos_crudos\tess\TESS Toronto emotional speech set data\YAF_fear\YAF_live_fear.wav,TESS,YAF,fearful,fearful,YAF_live_fear,YAF_live_fear.wav,train
C:\Users\34722\OneDrive\Escritorio\TFG\Reconocimiento emociones audio\RavdessTessSavee\datos_crudos\tess\TESS Toronto emotional speech set data\YAF_fear\YAF_loaf_fear.wav,TESS,YAF,fearful,fearful,YAF_loaf_fear,YAF_loaf_fear.wav,train
C:\Users\34722\OneDrive\Escritorio\TFG\Reconocimiento emociones audio\RavdessTessSavee\datos_crudos\tess\TESS Toronto emotional speech set data\YAF_fear\YAF_long_fear.wav,TESS,YAF,fearful,fearful,YAF_long_fear,YAF_long_fear.wav,train
C:\Users\34722\OneDrive\Escritorio\TFG\Reconocimiento emociones audio\RavdessTessSavee\datos_crudos\tess\TESS Toronto emotional speech set data\YAF_fear\YAF_lore_fear.wav,TESS,YAF,fearful,fearful,YAF_lore_fear,YAF_lore_fear.wav,train
C:\Users\34722\OneDrive\Escritorio\TFG\Reconocimiento emociones audio\RavdessTessSavee\datos_crudos\tess\TESS Toronto emotional speech set data\YAF_fear\YAF_lose_fear.wav,TESS,YAF,fearful,fearful,YAF_lose_fear,YAF_lose_fear.wav,train
C:\Users\34722\OneDrive\Escritorio\TFG\Reconocimiento emociones audio\RavdessTessSavee\datos_crudos\tess\TESS Toronto emotional speech set data\YAF_fear\YAF_lot_fear.wav,TESS,YAF,fearful,fearful,YAF_lot_fear,YAF_lot_fear.wav,test
C:\Users\34722\OneDrive\Escritorio\TFG\Reconocimiento emociones audio\RavdessTessSavee\datos_crudos\tess\TESS Toronto emotional speech set data\YAF_fear\YAF_love_fear.wav,TESS,YAF,fearful,fearful,YAF_love_fear,YAF_love_fear.wav,train
C:\Users\34722\OneDrive\Escritorio\TFG\Reconocimiento emociones audio\RavdessTessSavee\datos_crudos\tess\TESS Toronto emotional speech set data\YAF_fear\YAF_luck_fear.wav,TESS,YAF,fearful,fearful,YAF_luck_fear,YAF_luck_fear.wav,train
C:\Users\34722\OneDrive\Escritorio\TFG\Reconocimiento emociones audio\RavdessTessSavee\datos_crudos\tess\TESS Toronto emotional speech set data\YAF_fear\YAF_make_fear.wav,TESS,YAF,fearful,fearful,YAF_make_fear,YAF_make_fear.wav,train
C:\Users\34722\OneDrive\Escritorio\TFG\Reconocimiento emociones audio\RavdessTessSavee\datos_crudos\tess\TESS Toronto emotional speech set data\YAF_fear\YAF_match_fear.wav,TESS,YAF,fearful,fearful,YAF_match_fear,YAF_match_fear.wav,train
C:\Users\34722\OneDrive\Escritorio\TFG\Reconocimiento emociones audio\RavdessTessSavee\datos_crudos\tess\TESS Toronto emotional speech set data\YAF_fear\YAF_merge_fear.wav,TESS,YAF,fearful,fearful,YAF_merge_fear,YAF_merge_fear.wav,test
C:\Users\34722\OneDrive\Escritorio\TFG\Reconocimiento emociones audio\RavdessTessSavee\datos_crudos\tess\TESS Toronto emotional speech set data\YAF_fear\YAF_mess_fear.wav,TESS,YAF,fearful,fearful,YAF_mess_fear,YAF_mess_fear.wav,train
C:\Users\34722\OneDrive\Escritorio\TFG\Reconocimiento emociones audio\RavdessTessSavee\datos_crudos\tess\TESS Toronto emotional speech set data\YAF_fear\YAF_met_fear.wav,TESS,YAF,fearful,fearful,YAF_met_fear,YAF_met_fear.wav,train
C:\Users\34722\OneDrive\Escritorio\TFG\Reconocimiento emociones audio\RavdessTessSavee\datos_crudos\tess\TESS Toronto emotional speech set data\YAF_fear\YAF_mill_fear.wav,TESS,YAF,fearful,fearful,YAF_mill_fear,YAF_mill_fear.wav,train
C:\Users\34722\OneDrive\Escritorio\TFG\Reconocimiento emociones audio\RavdessTessSavee\datos_crudos\tess\TESS Toronto emotional speech set data\YAF_fear\YAF_mob_fear.wav,TESS,YAF,fearful,fearful,YAF_mob_fear,YAF_mob_fear.wav,train
C:\Users\34722\OneDrive\Escritorio\TFG\Reconocimiento emociones audio\RavdessTessSavee\datos_crudos\tess\TESS Toronto emotional speech set data\YAF_fear\YAF_mode_fear.wav,TESS,YAF,fearful,fearful,YAF_mode_fear,YAF_mode_fear.wav,test
C:\Users\34722\OneDrive\Escritorio\TFG\Reconocimiento emociones audio\RavdessTessSavee\datos_crudos\tess\TESS Toronto emotional speech set data\YAF_fear\YAF_mood_fear.wav,TESS,YAF,fearful,fearful,YAF_mood_fear,YAF_mood_fear.wav,train
C:\Users\34722\OneDrive\Escritorio\TFG\Reconocimiento emociones audio\RavdessTessSavee\datos_crudos\tess\TESS Toronto emotional speech set data\YAF_fear\YAF_moon_fear.wav,TESS,YAF,fearful,fearful,YAF_moon_fear,YAF_moon_fear.wav,train
C:\Users\34722\OneDrive\Escritorio\TFG\Reconocimiento emociones audio\RavdessTessSavee\datos_crudos\tess\TESS Toronto emotional speech set data\YAF_fear\YAF_mop_fear.wav,TESS,YAF,fearful,fearful,YAF_mop_fear,YAF_mop_fear.wav,valid
C:\Users\34722\OneDrive\Escritorio\TFG\Reconocimiento emociones audio\RavdessTessSavee\datos_crudos\tess\TESS Toronto emotional speech set data\YAF_fear\YAF_mouse_fear.wav,TESS,YAF,fearful,fearful,YAF_mouse_fear,YAF_mouse_fear.wav,train
C:\Users\34722\OneDrive\Escritorio\TFG\Reconocimiento emociones audio\RavdessTessSavee\datos_crudos\tess\TESS Toronto emotional speech set data\YAF_fear\YAF_nag_fear.wav,TESS,YAF,fearful,fearful,YAF_nag_fear,YAF_nag_fear.wav,test
C:\Users\34722\OneDrive\Escritorio\TFG\Reconocimiento emociones audio\RavdessTessSavee\datos_crudos\tess\TESS Toronto emotional speech set data\YAF_fear\YAF_name_fear.wav,TESS,YAF,fearful,fearful,YAF_name_fear,YAF_name_fear.wav,train
C:\Users\34722\OneDrive\Escritorio\TFG\Reconocimiento emociones audio\RavdessTessSavee\datos_crudos\tess\TESS Toronto emotional speech set data\YAF_fear\YAF_near_fear.wav,TESS,YAF,fearful,fearful,YAF_near_fear,YAF_near_fear.wav,train
C:\Users\34722\OneDrive\Escritorio\TFG\Reconocimiento emociones audio\RavdessTessSavee\datos_crudos\tess\TESS Toronto emotional speech set data\YAF_fear\YAF_neat_fear.wav,TESS,YAF,fearful,fearful,YAF_neat_fear,YAF_neat_fear.wav,train
C:\Users\34722\OneDrive\Escritorio\TFG\Reconocimiento emociones audio\RavdessTessSavee\datos_crudos\tess\TESS Toronto emotional speech set data\YAF_fear\YAF_nice_fear.wav,TESS,YAF,fearful,fearful,YAF_nice_fear,YAF_nice_fear.wav,train
C:\Users\34722\OneDrive\Escritorio\TFG\Reconocimiento emociones audio\RavdessTessSavee\datos_crudos\tess\TESS Toronto emotional speech set data\YAF_fear\YAF_note_fear.wav,TESS,YAF,fearful,fearful,YAF_note_fear,YAF_note_fear.wav,train
C:\Users\34722\OneDrive\Escritorio\TFG\Reconocimiento emociones audio\RavdessTessSavee\datos_crudos\tess\TESS Toronto emotional speech set data\YAF_fear\YAF_numb_fear.wav,TESS,YAF,fearful,fearful,YAF_numb_fear,YAF_numb_fear.wav,train
C:\Users\34722\OneDrive\Escritorio\TFG\Reconocimiento emociones audio\RavdessTessSavee\datos_crudos\tess\TESS Toronto emotional speech set data\YAF_fear\YAF_pad_fear.wav,TESS,YAF,fearful,fearful,YAF_pad_fear,YAF_pad_fear.wav,train
C:\Users\34722\OneDrive\Escritorio\TFG\Reconocimiento emociones audio\RavdessTessSavee\datos_crudos\tess\TESS Toronto emotional speech set data\YAF_fear\YAF_page_fear.wav,TESS,YAF,fearful,fearful,YAF_page_fear,YAF_page_fear.wav,train
C:\Users\34722\OneDrive\Escritorio\TFG\Reconocimiento emociones audio\RavdessTessSavee\datos_crudos\tess\TESS Toronto emotional speech set data\YAF_fear\YAF_pain_fear.wav,TESS,YAF,fearful,fearful,YAF_pain_fear,YAF_pain_fear.wav,train
C:\Users\34722\OneDrive\Escritorio\TFG\Reconocimiento emociones audio\RavdessTessSavee\datos_crudos\tess\TESS Toronto emotional speech set data\YAF_fear\YAF_pass_fear.wav,TESS,YAF,fearful,fearful,YAF_pass_fear,YAF_pass_fear.wav,valid
C:\Users\34722\OneDrive\Escritorio\TFG\Reconocimiento emociones audio\RavdessTessSavee\datos_crudos\tess\TESS Toronto emotional speech set data\YAF_fear\YAF_pearl_fear.wav,TESS,YAF,fearful,fearful,YAF_pearl_fear,YAF_pearl_fear.wav,train
C:\Users\34722\OneDrive\Escritorio\TFG\Reconocimiento emociones audio\RavdessTessSavee\datos_crudos\tess\TESS Toronto emotional speech set data\YAF_fear\YAF_peg_fear.wav,TESS,YAF,fearful,fearful,YAF_peg_fear,YAF_peg_fear.wav,train
C:\Users\34722\OneDrive\Escritorio\TFG\Reconocimiento emociones audio\RavdessTessSavee\datos_crudos\tess\TESS Toronto emotional speech set data\YAF_fear\YAF_perch_fear.wav,TESS,YAF,fearful,fearful,YAF_perch_fear,YAF_perch_fear.wav,valid
C:\Users\34722\OneDrive\Escritorio\TFG\Reconocimiento emociones audio\RavdessTessSavee\datos_crudos\tess\TESS Toronto emotional speech set data\YAF_fear\YAF_phone_fear.wav,TESS,YAF,fearful,fearful,YAF_phone_fear,YAF_phone_fear.wav,train
C:\Users\34722\OneDrive\Escritorio\TFG\Reconocimiento emociones audio\RavdessTessSavee\datos_crudos\tess\TESS Toronto emotional speech set data\YAF_fear\YAF_pick_fear.wav,TESS,YAF,fearful,fearful,YAF_pick_fear,YAF_pick_fear.wav,train
C:\Users\34722\OneDrive\Escritorio\TFG\Reconocimiento emociones audio\RavdessTessSavee\datos_crudos\tess\TESS Toronto emotional speech set data\YAF_fear\YAF_pike_fear.wav,TESS,YAF,fearful,fearful,YAF_pike_fear,YAF_pike_fear.wav,test
C:\Users\34722\OneDrive\Escritorio\TFG\Reconocimiento emociones audio\RavdessTessSavee\datos_crudos\tess\TESS Toronto emotional speech set data\YAF_fear\YAF_pole_fear.wav,TESS,YAF,fearful,fearful,YAF_pole_fear,YAF_pole_fear.wav,train
C:\Users\34722\OneDrive\Escritorio\TFG\Reconocimiento emociones audio\RavdessTessSavee\datos_crudos\tess\TESS Toronto emotional speech set data\YAF_fear\YAF_pool_fear.wav,TESS,YAF,fearful,fearful,YAF_pool_fear,YAF_pool_fear.wav,train
C:\Users\34722\OneDrive\Escritorio\TFG\Reconocimiento emociones audio\RavdessTessSavee\datos_crudos\tess\TESS Toronto emotional speech set data\YAF_fear\YAF_puff_fear.wav,TESS,YAF,fearful,fearful,YAF_puff_fear,YAF_puff_fear.wav,train
C:\Users\34722\OneDrive\Escritorio\TFG\Reconocimiento emociones audio\RavdessTessSavee\datos_crudos\tess\TESS Toronto emotional speech set data\YAF_fear\YAF_rag_fear.wav,TESS,YAF,fearful,fearful,YAF_rag_fear,YAF_rag_fear.wav,train
C:\Users\34722\OneDrive\Escritorio\TFG\Reconocimiento emociones audio\RavdessTessSavee\datos_crudos\tess\TESS Toronto emotional speech set data\YAF_fear\YAF_raid_fear.wav,TESS,YAF,fearful,fearful,YAF_raid_fear,YAF_raid_fear.wav,train
C:\Users\34722\OneDrive\Escritorio\TFG\Reconocimiento emociones audio\RavdessTessSavee\datos_crudos\tess\TESS Toronto emotional speech set data\YAF_fear\YAF_rain_fear.wav,TESS,YAF,fearful,fearful,YAF_rain_fear,YAF_rain_fear.wav,train
C:\Users\34722\OneDrive\Escritorio\TFG\Reconocimiento emociones audio\RavdessTessSavee\datos_crudos\tess\TESS Toronto emotional speech set data\YAF_fear\YAF_raise_fear.wav,TESS,YAF,fearful,fearful,YAF_raise_fear,YAF_raise_fear.wav,train
C:\Users\34722\OneDrive\Escritorio\TFG\Reconocimiento emociones audio\RavdessTessSavee\datos_crudos\tess\TESS Toronto emotional speech set data\YAF_fear\YAF_rat_fear.wav,TESS,YAF,fearful,fearful,YAF_rat_fear,YAF_rat_fear.wav,train
C:\Users\34722\OneDrive\Escritorio\TFG\Reconocimiento emociones audio\RavdessTessSavee\datos_crudos\tess\TESS Toronto emotional speech set data\YAF_fear\YAF_reach_fear.wav,TESS,YAF,fearful,fearful,YAF_reach_fear,YAF_reach_fear.wav,train
C:\Users\34722\OneDrive\Escritorio\TFG\Reconocimiento emociones audio\RavdessTessSavee\datos_crudos\tess\TESS Toronto emotional speech set data\YAF_fear\YAF_read_fear.wav,TESS,YAF,fearful,fearful,YAF_read_fear,YAF_read_fear.wav,train
C:\Users\34722\OneDrive\Escritorio\TFG\Reconocimiento emociones audio\RavdessTessSavee\datos_crudos\tess\TESS Toronto emotional speech set data\YAF_fear\YAF_red_fear.wav,TESS,YAF,fearful,fearful,YAF_red_fear,YAF_red_fear.wav,test
C:\Users\34722\OneDrive\Escritorio\TFG\Reconocimiento emociones audio\RavdessTessSavee\datos_crudos\tess\TESS Toronto emotional speech set data\YAF_fear\YAF_ring_fear.wav,TESS,YAF,fearful,fearful,YAF_ring_fear,YAF_ring_fear.wav,valid
C:\Users\34722\OneDrive\Escritorio\TFG\Reconocimiento emociones audio\RavdessTessSavee\datos_crudos\tess\TESS Toronto emotional speech set data\YAF_fear\YAF_ripe_fear.wav,TESS,YAF,fearful,fearful,YAF_ripe_fear,YAF_ripe_fear.wav,train
C:\Users\34722\OneDrive\Escritorio\TFG\Reconocimiento emociones audio\RavdessTessSavee\datos_crudos\tess\TESS Toronto emotional speech set data\YAF_fear\YAF_road_fear.wav,TESS,YAF,fearful,fearful,YAF_road_fear,YAF_road_fear.wav,train
C:\Users\34722\OneDrive\Escritorio\TFG\Reconocimiento emociones audio\RavdessTessSavee\datos_crudos\tess\TESS Toronto emotional speech set data\YAF_fear\YAF_room_fear.wav,TESS,YAF,fearful,fearful,YAF_room_fear,YAF_room_fear.wav,train
C:\Users\34722\OneDrive\Escritorio\TFG\Reconocimiento emociones audio\RavdessTessSavee\datos_crudos\tess\TESS Toronto emotional speech set data\YAF_fear\YAF_rose_fear.wav,TESS,YAF,fearful,fearful,YAF_rose_fear,YAF_rose_fear.wav,train
C:\Users\34722\OneDrive\Escritorio\TFG\Reconocimiento emociones audio\RavdessTessSavee\datos_crudos\tess\TESS Toronto emotional speech set data\YAF_fear\YAF_rot_fear.wav,TESS,YAF,fearful,fearful,YAF_rot_fear,YAF_rot_fear.wav,train
C:\Users\34722\OneDrive\Escritorio\TFG\Reconocimiento emociones audio\RavdessTessSavee\datos_crudos\tess\TESS Toronto emotional speech set data\YAF_fear\YAF_rough_fear.wav,TESS,YAF,fearful,fearful,YAF_rough_fear,YAF_rough_fear.wav,train
C:\Users\34722\OneDrive\Escritorio\TFG\Reconocimiento emociones audio\RavdessTessSavee\datos_crudos\tess\TESS Toronto emotional speech set data\YAF_fear\YAF_rush_fear.wav,TESS,YAF,fearful,fearful,YAF_rush_fear,YAF_rush_fear.wav,train
C:\Users\34722\OneDrive\Escritorio\TFG\Reconocimiento emociones audio\RavdessTessSavee\datos_crudos\tess\TESS Toronto emotional speech set data\YAF_fear\YAF_said_fear.wav,TESS,YAF,fearful,fearful,YAF_said_fear,YAF_said_fear.wav,train
C:\Users\34722\OneDrive\Escritorio\TFG\Reconocimiento emociones audio\RavdessTessSavee\datos_crudos\tess\TESS Toronto emotional speech set data\YAF_fear\YAF_sail_fear.wav,TESS,YAF,fearful,fearful,YAF_sail_fear,YAF_sail_fear.wav,valid
C:\Users\34722\OneDrive\Escritorio\TFG\Reconocimiento emociones audio\RavdessTessSavee\datos_crudos\tess\TESS Toronto emotional speech set data\YAF_fear\YAF_search_fear.wav,TESS,YAF,fearful,fearful,YAF_search_fear,YAF_search_fear.wav,train
C:\Users\34722\OneDrive\Escritorio\TFG\Reconocimiento emociones audio\RavdessTessSavee\datos_crudos\tess\TESS Toronto emotional speech set data\YAF_fear\YAF_seize_fear.wav,TESS,YAF,fearful,fearful,YAF_seize_fear,YAF_seize_fear.wav,train
C:\Users\34722\OneDrive\Escritorio\TFG\Reconocimiento emociones audio\RavdessTessSavee\datos_crudos\tess\TESS Toronto emotional speech set data\YAF_fear\YAF_sell_fear.wav,TESS,YAF,fearful,fearful,YAF_sell_fear,YAF_sell_fear.wav,train
C:\Users\34722\OneDrive\Escritorio\TFG\Reconocimiento emociones audio\RavdessTessSavee\datos_crudos\tess\TESS Toronto emotional speech set data\YAF_fear\YAF_shack_fear.wav,TESS,YAF,fearful,fearful,YAF_shack_fear,YAF_shack_fear.wav,train
C:\Users\34722\OneDrive\Escritorio\TFG\Reconocimiento emociones audio\RavdessTessSavee\datos_crudos\tess\TESS Toronto emotional speech set data\YAF_fear\YAF_shall_fear.wav,TESS,YAF,fearful,fearful,YAF_shall_fear,YAF_shall_fear.wav,valid
C:\Users\34722\OneDrive\Escritorio\TFG\Reconocimiento emociones audio\RavdessTessSavee\datos_crudos\tess\TESS Toronto emotional speech set data\YAF_fear\YAF_shawl_fear.wav,TESS,YAF,fearful,fearful,YAF_shawl_fear,YAF_shawl_fear.wav,train
C:\Users\34722\OneDrive\Escritorio\TFG\Reconocimiento emociones audio\RavdessTessSavee\datos_crudos\tess\TESS Toronto emotional speech set data\YAF_fear\YAF_sheep_fear.wav,TESS,YAF,fearful,fearful,YAF_sheep_fear,YAF_sheep_fear.wav,train
C:\Users\34722\OneDrive\Escritorio\TFG\Reconocimiento emociones audio\RavdessTessSavee\datos_crudos\tess\TESS Toronto emotional speech set data\YAF_fear\YAF_shirt_fear.wav,TESS,YAF,fearful,fearful,YAF_shirt_fear,YAF_shirt_fear.wav,test
C:\Users\34722\OneDrive\Escritorio\TFG\Reconocimiento emociones audio\RavdessTessSavee\datos_crudos\tess\TESS Toronto emotional speech set data\YAF_fear\YAF_should_fear.wav,TESS,YAF,fearful,fearful,YAF_should_fear,YAF_should_fear.wav,train
C:\Users\34722\OneDrive\Escritorio\TFG\Reconocimiento emociones audio\RavdessTessSavee\datos_crudos\tess\TESS Toronto emotional speech set data\YAF_fear\YAF_shout_fear.wav,TESS,YAF,fearful,fearful,YAF_shout_fear,YAF_shout_fear.wav,train
C:\Users\34722\OneDrive\Escritorio\TFG\Reconocimiento emociones audio\RavdessTessSavee\datos_crudos\tess\TESS Toronto emotional speech set data\YAF_fear\YAF_size_fear.wav,TESS,YAF,fearful,fearful,YAF_size_fear,YAF_size_fear.wav,train
C:\Users\34722\OneDrive\Escritorio\TFG\Reconocimiento emociones audio\RavdessTessSavee\datos_crudos\tess\TESS Toronto emotional speech set data\YAF_fear\YAF_soap_fear.wav,TESS,YAF,fearful,fearful,YAF_soap_fear,YAF_soap_fear.wav,train
C:\Users\34722\OneDrive\Escritorio\TFG\Reconocimiento emociones audio\RavdessTessSavee\datos_crudos\tess\TESS Toronto emotional speech set data\YAF_fear\YAF_soup_fear.wav,TESS,YAF,fearful,fearful,YAF_soup_fear,YAF_soup_fear.wav,train
C:\Users\34722\OneDrive\Escritorio\TFG\Reconocimiento emociones audio\RavdessTessSavee\datos_crudos\tess\TESS Toronto emotional speech set data\YAF_fear\YAF_sour_fear.wav,TESS,YAF,fearful,fearful,YAF_sour_fear,YAF_sour_fear.wav,train
C:\Users\34722\OneDrive\Escritorio\TFG\Reconocimiento emociones audio\RavdessTessSavee\datos_crudos\tess\TESS Toronto emotional speech set data\YAF_fear\YAF_south_fear.wav,TESS,YAF,fearful,fearful,YAF_south_fear,YAF_south_fear.wav,test
C:\Users\34722\OneDrive\Escritorio\TFG\Reconocimiento emociones audio\RavdessTessSavee\datos_crudos\tess\TESS Toronto emotional speech set data\YAF_fear\YAF_sub_fear.wav,TESS,YAF,fearful,fearful,YAF_sub_fear,YAF_sub_fear.wav,test
C:\Users\34722\OneDrive\Escritorio\TFG\Reconocimiento emociones audio\RavdessTessSavee\datos_crudos\tess\TESS Toronto emotional speech set data\YAF_fear\YAF_such_fear.wav,TESS,YAF,fearful,fearful,YAF_such_fear,YAF_such_fear.wav,valid
C:\Users\34722\OneDrive\Escritorio\TFG\Reconocimiento emociones audio\RavdessTessSavee\datos_crudos\tess\TESS Toronto emotional speech set data\YAF_fear\YAF_sure_fear.wav,TESS,YAF,fearful,fearful,YAF_sure_fear,YAF_sure_fear.wav,train
C:\Users\34722\OneDrive\Escritorio\TFG\Reconocimiento emociones audio\RavdessTessSavee\datos_crudos\tess\TESS Toronto emotional speech set data\YAF_fear\YAF_take_fear.wav,TESS,YAF,fearful,fearful,YAF_take_fear,YAF_take_fear.wav,train
C:\Users\34722\OneDrive\Escritorio\TFG\Reconocimiento emociones audio\RavdessTessSavee\datos_crudos\tess\TESS Toronto emotional speech set data\YAF_fear\YAF_talk_fear.wav,TESS,YAF,fearful,fearful,YAF_talk_fear,YAF_talk_fear.wav,test
C:\Users\34722\OneDrive\Escritorio\TFG\Reconocimiento emociones audio\RavdessTessSavee\datos_crudos\tess\TESS Toronto emotional speech set data\YAF_fear\YAF_tape_fear.wav,TESS,YAF,fearful,fearful,YAF_tape_fear,YAF_tape_fear.wav,train
C:\Users\34722\OneDrive\Escritorio\TFG\Reconocimiento emociones audio\RavdessTessSavee\datos_crudos\tess\TESS Toronto emotional speech set data\YAF_fear\YAF_team_fear.wav,TESS,YAF,fearful,fearful,YAF_team_fear,YAF_team_fear.wav,train
C:\Users\34722\OneDrive\Escritorio\TFG\Reconocimiento emociones audio\RavdessTessSavee\datos_crudos\tess\TESS Toronto emotional speech set data\YAF_fear\YAF_tell_fear.wav,TESS,YAF,fearful,fearful,YAF_tell_fear,YAF_tell_fear.wav,train
C:\Users\34722\OneDrive\Escritorio\TFG\Reconocimiento emociones audio\RavdessTessSavee\datos_crudos\tess\TESS Toronto emotional speech set data\YAF_fear\YAF_thin_fear.wav,TESS,YAF,fearful,fearful,YAF_thin_fear,YAF_thin_fear.wav,test
C:\Users\34722\OneDrive\Escritorio\TFG\Reconocimiento emociones audio\RavdessTessSavee\datos_crudos\tess\TESS Toronto emotional speech set data\YAF_fear\YAF_third_fear.wav,TESS,YAF,fearful,fearful,YAF_third_fear,YAF_third_fear.wav,valid
C:\Users\34722\OneDrive\Escritorio\TFG\Reconocimiento emociones audio\RavdessTessSavee\datos_crudos\tess\TESS Toronto emotional speech set data\YAF_fear\YAF_thought_fear.wav,TESS,YAF,fearful,fearful,YAF_thought_fear,YAF_thought_fear.wav,valid
C:\Users\34722\OneDrive\Escritorio\TFG\Reconocimiento emociones audio\RavdessTessSavee\datos_crudos\tess\TESS Toronto emotional speech set data\YAF_fear\YAF_thumb_fear.wav,TESS,YAF,fearful,fearful,YAF_thumb_fear,YAF_thumb_fear.wav,train
C:\Users\34722\OneDrive\Escritorio\TFG\Reconocimiento emociones audio\RavdessTessSavee\datos_crudos\tess\TESS Toronto emotional speech set data\YAF_fear\YAF_time_fear.wav,TESS,YAF,fearful,fearful,YAF_time_fear,YAF_time_fear.wav,valid
C:\Users\34722\OneDrive\Escritorio\TFG\Reconocimiento emociones audio\RavdessTessSavee\datos_crudos\tess\TESS Toronto emotional speech set data\YAF_fear\YAF_tip_fear.wav,TESS,YAF,fearful,fearful,YAF_tip_fear,YAF_tip_fear.wav,test
C:\Users\34722\OneDrive\Escritorio\TFG\Reconocimiento emociones audio\RavdessTessSavee\datos_crudos\tess\TESS Toronto emotional speech set data\YAF_fear\YAF_tire_fear.wav,TESS,YAF,fearful,fearful,YAF_tire_fear,YAF_tire_fear.wav,train
C:\Users\34722\OneDrive\Escritorio\TFG\Reconocimiento emociones audio\RavdessTessSavee\datos_crudos\tess\TESS Toronto emotional speech set data\YAF_fear\YAF_ton_fear.wav,TESS,YAF,fearful,fearful,YAF_ton_fear,YAF_ton_fear.wav,train
C:\Users\34722\OneDrive\Escritorio\TFG\Reconocimiento emociones audio\RavdessTessSavee\datos_crudos\tess\TESS Toronto emotional speech set data\YAF_fear\YAF_tool_fear.wav,TESS,YAF,fearful,fearful,YAF_tool_fear,YAF_tool_fear.wav,train
C:\Users\34722\OneDrive\Escritorio\TFG\Reconocimiento emociones audio\RavdessTessSavee\datos_crudos\tess\TESS Toronto emotional speech set data\YAF_fear\YAF_tough_fear.wav,TESS,YAF,fearful,fearful,YAF_tough_fear,YAF_tough_fear.wav,valid
C:\Users\34722\OneDrive\Escritorio\TFG\Reconocimiento emociones audio\RavdessTessSavee\datos_crudos\tess\TESS Toronto emotional speech set data\YAF_fear\YAF_turn_fear.wav,TESS,YAF,fearful,fearful,YAF_turn_fear,YAF_turn_fear.wav,train
C:\Users\34722\OneDrive\Escritorio\TFG\Reconocimiento emociones audio\RavdessTessSavee\datos_crudos\tess\TESS Toronto emotional speech set data\YAF_fear\YAF_vine_fear.wav,TESS,YAF,fearful,fearful,YAF_vine_fear,YAF_vine_fear.wav,train
C:\Users\34722\OneDrive\Escritorio\TFG\Reconocimiento emociones audio\RavdessTessSavee\datos_crudos\tess\TESS Toronto emotional speech set data\YAF_fear\YAF_voice_fear.wav,TESS,YAF,fearful,fearful,YAF_voice_fear,YAF_voice_fear.wav,train
C:\Users\34722\OneDrive\Escritorio\TFG\Reconocimiento emociones audio\RavdessTessSavee\datos_crudos\tess\TESS Toronto emotional speech set data\YAF_fear\YAF_void_fear.wav,TESS,YAF,fearful,fearful,YAF_void_fear,YAF_void_fear.wav,train
C:\Users\34722\OneDrive\Escritorio\TFG\Reconocimiento emociones audio\RavdessTessSavee\datos_crudos\tess\TESS Toronto emotional speech set data\YAF_fear\YAF_vote_fear.wav,TESS,YAF,fearful,fearful,YAF_vote_fear,YAF_vote_fear.wav,train
C:\Users\34722\OneDrive\Escritorio\TFG\Reconocimiento emociones audio\RavdessTessSavee\datos_crudos\tess\TESS Toronto emotional speech set data\YAF_fear\YAF_wag_fear.wav,TESS,YAF,fearful,fearful,YAF_wag_fear,YAF_wag_fear.wav,train
C:\Users\34722\OneDrive\Escritorio\TFG\Reconocimiento emociones audio\RavdessTessSavee\datos_crudos\tess\TESS Toronto emotional speech set data\YAF_fear\YAF_walk_fear.wav,TESS,YAF,fearful,fearful,YAF_walk_fear,YAF_walk_fear.wav,train
C:\Users\34722\OneDrive\Escritorio\TFG\Reconocimiento emociones audio\RavdessTessSavee\datos_crudos\tess\TESS Toronto emotional speech set data\YAF_fear\YAF_wash_fear.wav,TESS,YAF,fearful,fearful,YAF_wash_fear,YAF_wash_fear.wav,valid
C:\Users\34722\OneDrive\Escritorio\TFG\Reconocimiento emociones audio\RavdessTessSavee\datos_crudos\tess\TESS Toronto emotional speech set data\YAF_fear\YAF_week_fear.wav,TESS,YAF,fearful,fearful,YAF_week_fear,YAF_week_fear.wav,train
C:\Users\34722\OneDrive\Escritorio\TFG\Reconocimiento emociones audio\RavdessTessSavee\datos_crudos\tess\TESS Toronto emotional speech set data\YAF_fear\YAF_wheat_fear.wav,TESS,YAF,fearful,fearful,YAF_wheat_fear,YAF_wheat_fear.wav,valid
C:\Users\34722\OneDrive\Escritorio\TFG\Reconocimiento emociones audio\RavdessTessSavee\datos_crudos\tess\TESS Toronto emotional speech set data\YAF_fear\YAF_when_fear.wav,TESS,YAF,fearful,fearful,YAF_when_fear,YAF_when_fear.wav,train
C:\Users\34722\OneDrive\Escritorio\TFG\Reconocimiento emociones audio\RavdessTessSavee\datos_crudos\tess\TESS Toronto emotional speech set data\YAF_fear\YAF_which_fear.wav,TESS,YAF,fearful,fearful,YAF_which_fear,YAF_which_fear.wav,train
C:\Users\34722\OneDrive\Escritorio\TFG\Reconocimiento emociones audio\RavdessTessSavee\datos_crudos\tess\TESS Toronto emotional speech set data\YAF_fear\YAF_whip_fear.wav,TESS,YAF,fearful,fearful,YAF_whip_fear,YAF_whip_fear.wav,test
C:\Users\34722\OneDrive\Escritorio\TFG\Reconocimiento emociones audio\RavdessTessSavee\datos_crudos\tess\TESS Toronto emotional speech set data\YAF_fear\YAF_white_fear.wav,TESS,YAF,fearful,fearful,YAF_white_fear,YAF_white_fear.wav,train
C:\Users\34722\OneDrive\Escritorio\TFG\Reconocimiento emociones audio\RavdessTessSavee\datos_crudos\tess\TESS Toronto emotional speech set data\YAF_fear\YAF_wife_fear.wav,TESS,YAF,fearful,fearful,YAF_wife_fear,YAF_wife_fear.wav,train
C:\Users\34722\OneDrive\Escritorio\TFG\Reconocimiento emociones audio\RavdessTessSavee\datos_crudos\tess\TESS Toronto emotional speech set data\YAF_fear\YAF_wire_fear.wav,TESS,YAF,fearful,fearful,YAF_wire_fear,YAF_wire_fear.wav,train
C:\Users\34722\OneDrive\Escritorio\TFG\Reconocimiento emociones audio\RavdessTessSavee\datos_crudos\tess\TESS Toronto emotional speech set data\YAF_fear\YAF_witch_fear.wav,TESS,YAF,fearful,fearful,YAF_witch_fear,YAF_witch_fear.wav,test
C:\Users\34722\OneDrive\Escritorio\TFG\Reconocimiento emociones audio\RavdessTessSavee\datos_crudos\tess\TESS Toronto emotional speech set data\YAF_fear\YAF_yearn_fear.wav,TESS,YAF,fearful,fearful,YAF_yearn_fear,YAF_yearn_fear.wav,test
C:\Users\34722\OneDrive\Escritorio\TFG\Reconocimiento emociones audio\RavdessTessSavee\datos_crudos\tess\TESS Toronto emotional speech set data\YAF_fear\YAF_yes_fear.wav,TESS,YAF,fearful,fearful,YAF_yes_fear,YAF_yes_fear.wav,train
C:\Users\34722\OneDrive\Escritorio\TFG\Reconocimiento emociones audio\RavdessTessSavee\datos_crudos\tess\TESS Toronto emotional speech set data\YAF_fear\YAF_young_fear.wav,TESS,YAF,fearful,fearful,YAF_young_fear,YAF_young_fear.wav,train
C:\Users\34722\OneDrive\Escritorio\TFG\Reconocimiento emociones audio\RavdessTessSavee\datos_crudos\tess\TESS Toronto emotional speech set data\YAF_fear\YAF_youth_fear.wav,TESS,YAF,fearful,fearful,YAF_youth_fear,YAF_youth_fear.wav,train
C:\Users\34722\OneDrive\Escritorio\TFG\Reconocimiento emociones audio\RavdessTessSavee\datos_crudos\tess\TESS Toronto emotional speech set data\YAF_happy\YAF_back_happy.wav,TESS,YAF,happy,happy,YAF_back_happy,YAF_back_happy.wav,train
C:\Users\34722\OneDrive\Escritorio\TFG\Reconocimiento emociones audio\RavdessTessSavee\datos_crudos\tess\TESS Toronto emotional speech set data\YAF_happy\YAF_bar_happy.wav,TESS,YAF,happy,happy,YAF_bar_happy,YAF_bar_happy.wav,valid
C:\Users\34722\OneDrive\Escritorio\TFG\Reconocimiento emociones audio\RavdessTessSavee\datos_crudos\tess\TESS Toronto emotional speech set data\YAF_happy\YAF_base_happy.wav,TESS,YAF,happy,happy,YAF_base_happy,YAF_base_happy.wav,train
C:\Users\34722\OneDrive\Escritorio\TFG\Reconocimiento emociones audio\RavdessTessSavee\datos_crudos\tess\TESS Toronto emotional speech set data\YAF_happy\YAF_bath_happy.wav,TESS,YAF,happy,happy,YAF_bath_happy,YAF_bath_happy.wav,train
C:\Users\34722\OneDrive\Escritorio\TFG\Reconocimiento emociones audio\RavdessTessSavee\datos_crudos\tess\TESS Toronto emotional speech set data\YAF_happy\YAF_bean_happy.wav,TESS,YAF,happy,happy,YAF_bean_happy,YAF_bean_happy.wav,train
C:\Users\34722\OneDrive\Escritorio\TFG\Reconocimiento emociones audio\RavdessTessSavee\datos_crudos\tess\TESS Toronto emotional speech set data\YAF_happy\YAF_beg_happy.wav,TESS,YAF,happy,happy,YAF_beg_happy,YAF_beg_happy.wav,train
C:\Users\34722\OneDrive\Escritorio\TFG\Reconocimiento emociones audio\RavdessTessSavee\datos_crudos\tess\TESS Toronto emotional speech set data\YAF_happy\YAF_bite_happy.wav,TESS,YAF,happy,happy,YAF_bite_happy,YAF_bite_happy.wav,train
C:\Users\34722\OneDrive\Escritorio\TFG\Reconocimiento emociones audio\RavdessTessSavee\datos_crudos\tess\TESS Toronto emotional speech set data\YAF_happy\YAF_boat_happy.wav,TESS,YAF,happy,happy,YAF_boat_happy,YAF_boat_happy.wav,valid
C:\Users\34722\OneDrive\Escritorio\TFG\Reconocimiento emociones audio\RavdessTessSavee\datos_crudos\tess\TESS Toronto emotional speech set data\YAF_happy\YAF_bone_happy.wav,TESS,YAF,happy,happy,YAF_bone_happy,YAF_bone_happy.wav,train
C:\Users\34722\OneDrive\Escritorio\TFG\Reconocimiento emociones audio\RavdessTessSavee\datos_crudos\tess\TESS Toronto emotional speech set data\YAF_happy\YAF_book_happy.wav,TESS,YAF,happy,happy,YAF_book_happy,YAF_book_happy.wav,train
C:\Users\34722\OneDrive\Escritorio\TFG\Reconocimiento emociones audio\RavdessTessSavee\datos_crudos\tess\TESS Toronto emotional speech set data\YAF_happy\YAF_bought_happy.wav,TESS,YAF,happy,happy,YAF_bought_happy,YAF_bought_happy.wav,train
C:\Users\34722\OneDrive\Escritorio\TFG\Reconocimiento emociones audio\RavdessTessSavee\datos_crudos\tess\TESS Toronto emotional speech set data\YAF_happy\YAF_burn_happy.wav,TESS,YAF,happy,happy,YAF_burn_happy,YAF_burn_happy.wav,test
C:\Users\34722\OneDrive\Escritorio\TFG\Reconocimiento emociones audio\RavdessTessSavee\datos_crudos\tess\TESS Toronto emotional speech set data\YAF_happy\YAF_cab_happy.wav,TESS,YAF,happy,happy,YAF_cab_happy,YAF_cab_happy.wav,test
C:\Users\34722\OneDrive\Escritorio\TFG\Reconocimiento emociones audio\RavdessTessSavee\datos_crudos\tess\TESS Toronto emotional speech set data\YAF_happy\YAF_calm_happy.wav,TESS,YAF,happy,happy,YAF_calm_happy,YAF_calm_happy.wav,valid
C:\Users\34722\OneDrive\Escritorio\TFG\Reconocimiento emociones audio\RavdessTessSavee\datos_crudos\tess\TESS Toronto emotional speech set data\YAF_happy\YAF_came_happy.wav,TESS,YAF,happy,happy,YAF_came_happy,YAF_came_happy.wav,valid
C:\Users\34722\OneDrive\Escritorio\TFG\Reconocimiento emociones audio\RavdessTessSavee\datos_crudos\tess\TESS Toronto emotional speech set data\YAF_happy\YAF_cause_happy.wav,TESS,YAF,happy,happy,YAF_cause_happy,YAF_cause_happy.wav,train
C:\Users\34722\OneDrive\Escritorio\TFG\Reconocimiento emociones audio\RavdessTessSavee\datos_crudos\tess\TESS Toronto emotional speech set data\YAF_happy\YAF_chain_happy.wav,TESS,YAF,happy,happy,YAF_chain_happy,YAF_chain_happy.wav,train
C:\Users\34722\OneDrive\Escritorio\TFG\Reconocimiento emociones audio\RavdessTessSavee\datos_crudos\tess\TESS Toronto emotional speech set data\YAF_happy\YAF_chair_happy.wav,TESS,YAF,happy,happy,YAF_chair_happy,YAF_chair_happy.wav,train
C:\Users\34722\OneDrive\Escritorio\TFG\Reconocimiento emociones audio\RavdessTessSavee\datos_crudos\tess\TESS Toronto emotional speech set data\YAF_happy\YAF_chalk_happy.wav,TESS,YAF,happy,happy,YAF_chalk_happy,YAF_chalk_happy.wav,train
C:\Users\34722\OneDrive\Escritorio\TFG\Reconocimiento emociones audio\RavdessTessSavee\datos_crudos\tess\TESS Toronto emotional speech set data\YAF_happy\YAF_chat_happy.wav,TESS,YAF,happy,happy,YAF_chat_happy,YAF_chat_happy.wav,train
C:\Users\34722\OneDrive\Escritorio\TFG\Reconocimiento emociones audio\RavdessTessSavee\datos_crudos\tess\TESS Toronto emotional speech set data\YAF_happy\YAF_check_happy.wav,TESS,YAF,happy,happy,YAF_check_happy,YAF_check_happy.wav,valid
C:\Users\34722\OneDrive\Escritorio\TFG\Reconocimiento emociones audio\RavdessTessSavee\datos_crudos\tess\TESS Toronto emotional speech set data\YAF_happy\YAF_cheek_happy.wav,TESS,YAF,happy,happy,YAF_cheek_happy,YAF_cheek_happy.wav,train
C:\Users\34722\OneDrive\Escritorio\TFG\Reconocimiento emociones audio\RavdessTessSavee\datos_crudos\tess\TESS Toronto emotional speech set data\YAF_happy\YAF_chief_happy.wav,TESS,YAF,happy,happy,YAF_chief_happy,YAF_chief_happy.wav,train
C:\Users\34722\OneDrive\Escritorio\TFG\Reconocimiento emociones audio\RavdessTessSavee\datos_crudos\tess\TESS Toronto emotional speech set data\YAF_happy\YAF_choice_happy.wav,TESS,YAF,happy,happy,YAF_choice_happy,YAF_choice_happy.wav,train
C:\Users\34722\OneDrive\Escritorio\TFG\Reconocimiento emociones audio\RavdessTessSavee\datos_crudos\tess\TESS Toronto emotional speech set data\YAF_happy\YAF_cool_happy.wav,TESS,YAF,happy,happy,YAF_cool_happy,YAF_cool_happy.wav,valid
C:\Users\34722\OneDrive\Escritorio\TFG\Reconocimiento emociones audio\RavdessTessSavee\datos_crudos\tess\TESS Toronto emotional speech set data\YAF_happy\YAF_dab_happy.wav,TESS,YAF,happy,happy,YAF_dab_happy,YAF_dab_happy.wav,train
C:\Users\34722\OneDrive\Escritorio\TFG\Reconocimiento emociones audio\RavdessTessSavee\datos_crudos\tess\TESS Toronto emotional speech set data\YAF_happy\YAF_date_happy.wav,TESS,YAF,happy,happy,YAF_date_happy,YAF_date_happy.wav,train
C:\Users\34722\OneDrive\Escritorio\TFG\Reconocimiento emociones audio\RavdessTessSavee\datos_crudos\tess\TESS Toronto emotional speech set data\YAF_happy\YAF_dead_happy.wav,TESS,YAF,happy,happy,YAF_dead_happy,YAF_dead_happy.wav,train
C:\Users\34722\OneDrive\Escritorio\TFG\Reconocimiento emociones audio\RavdessTessSavee\datos_crudos\tess\TESS Toronto emotional speech set data\YAF_happy\YAF_death_happy.wav,TESS,YAF,happy,happy,YAF_death_happy,YAF_death_happy.wav,train
C:\Users\34722\OneDrive\Escritorio\TFG\Reconocimiento emociones audio\RavdessTessSavee\datos_crudos\tess\TESS Toronto emotional speech set data\YAF_happy\YAF_deep_happy.wav,TESS,YAF,happy,happy,YAF_deep_happy,YAF_deep_happy.wav,train
C:\Users\34722\OneDrive\Escritorio\TFG\Reconocimiento emociones audio\RavdessTessSavee\datos_crudos\tess\TESS Toronto emotional speech set data\YAF_happy\YAF_dime_happy.wav,TESS,YAF,happy,happy,YAF_dime_happy,YAF_dime_happy.wav,train
C:\Users\34722\OneDrive\Escritorio\TFG\Reconocimiento emociones audio\RavdessTessSavee\datos_crudos\tess\TESS Toronto emotional speech set data\YAF_happy\YAF_dip_happy.wav,TESS,YAF,happy,happy,YAF_dip_happy,YAF_dip_happy.wav,train
C:\Users\34722\OneDrive\Escritorio\TFG\Reconocimiento emociones audio\RavdessTessSavee\datos_crudos\tess\TESS Toronto emotional speech set data\YAF_happy\YAF_ditch_happy.wav,TESS,YAF,happy,happy,YAF_ditch_happy,YAF_ditch_happy.wav,train
C:\Users\34722\OneDrive\Escritorio\TFG\Reconocimiento emociones audio\RavdessTessSavee\datos_crudos\tess\TESS Toronto emotional speech set data\YAF_happy\YAF_dodge_happy.wav,TESS,YAF,happy,happy,YAF_dodge_happy,YAF_dodge_happy.wav,valid
C:\Users\34722\OneDrive\Escritorio\TFG\Reconocimiento emociones audio\RavdessTessSavee\datos_crudos\tess\TESS Toronto emotional speech set data\YAF_happy\YAF_dog_happy.wav,TESS,YAF,happy,happy,YAF_dog_happy,YAF_dog_happy.wav,valid
C:\Users\34722\OneDrive\Escritorio\TFG\Reconocimiento emociones audio\RavdessTessSavee\datos_crudos\tess\TESS Toronto emotional speech set data\YAF_happy\YAF_doll_happy.wav,TESS,YAF,happy,happy,YAF_doll_happy,YAF_doll_happy.wav,train
C:\Users\34722\OneDrive\Escritorio\TFG\Reconocimiento emociones audio\RavdessTessSavee\datos_crudos\tess\TESS Toronto emotional speech set data\YAF_happy\YAF_door_happy.wav,TESS,YAF,happy,happy,YAF_door_happy,YAF_door_happy.wav,test
C:\Users\34722\OneDrive\Escritorio\TFG\Reconocimiento emociones audio\RavdessTessSavee\datos_crudos\tess\TESS Toronto emotional speech set data\YAF_happy\YAF_fail_happy.wav,TESS,YAF,happy,happy,YAF_fail_happy,YAF_fail_happy.wav,train
C:\Users\34722\OneDrive\Escritorio\TFG\Reconocimiento emociones audio\RavdessTessSavee\datos_crudos\tess\TESS Toronto emotional speech set data\YAF_happy\YAF_fall_happy.wav,TESS,YAF,happy,happy,YAF_fall_happy,YAF_fall_happy.wav,train
C:\Users\34722\OneDrive\Escritorio\TFG\Reconocimiento emociones audio\RavdessTessSavee\datos_crudos\tess\TESS Toronto emotional speech set data\YAF_happy\YAF_far_happy.wav,TESS,YAF,happy,happy,YAF_far_happy,YAF_far_happy.wav,train
C:\Users\34722\OneDrive\Escritorio\TFG\Reconocimiento emociones audio\RavdessTessSavee\datos_crudos\tess\TESS Toronto emotional speech set data\YAF_happy\YAF_fat_happy.wav,TESS,YAF,happy,happy,YAF_fat_happy,YAF_fat_happy.wav,train
C:\Users\34722\OneDrive\Escritorio\TFG\Reconocimiento emociones audio\RavdessTessSavee\datos_crudos\tess\TESS Toronto emotional speech set data\YAF_happy\YAF_fit_happy.wav,TESS,YAF,happy,happy,YAF_fit_happy,YAF_fit_happy.wav,test
C:\Users\34722\OneDrive\Escritorio\TFG\Reconocimiento emociones audio\RavdessTessSavee\datos_crudos\tess\TESS Toronto emotional speech set data\YAF_happy\YAF_five_happy.wav,TESS,YAF,happy,happy,YAF_five_happy,YAF_five_happy.wav,train
C:\Users\34722\OneDrive\Escritorio\TFG\Reconocimiento emociones audio\RavdessTessSavee\datos_crudos\tess\TESS Toronto emotional speech set data\YAF_happy\YAF_food_happy.wav,TESS,YAF,happy,happy,YAF_food_happy,YAF_food_happy.wav,test
C:\Users\34722\OneDrive\Escritorio\TFG\Reconocimiento emociones audio\RavdessTessSavee\datos_crudos\tess\TESS Toronto emotional speech set data\YAF_happy\YAF_gap_happy.wav,TESS,YAF,happy,happy,YAF_gap_happy,YAF_gap_happy.wav,train
C:\Users\34722\OneDrive\Escritorio\TFG\Reconocimiento emociones audio\RavdessTessSavee\datos_crudos\tess\TESS Toronto emotional speech set data\YAF_happy\YAF_gas_happy.wav,TESS,YAF,happy,happy,YAF_gas_happy,YAF_gas_happy.wav,train
C:\Users\34722\OneDrive\Escritorio\TFG\Reconocimiento emociones audio\RavdessTessSavee\datos_crudos\tess\TESS Toronto emotional speech set data\YAF_happy\YAF_gaze_happy.wav,TESS,YAF,happy,happy,YAF_gaze_happy,YAF_gaze_happy.wav,test
C:\Users\34722\OneDrive\Escritorio\TFG\Reconocimiento emociones audio\RavdessTessSavee\datos_crudos\tess\TESS Toronto emotional speech set data\YAF_happy\YAF_germ_happy.wav,TESS,YAF,happy,happy,YAF_germ_happy,YAF_germ_happy.wav,test
C:\Users\34722\OneDrive\Escritorio\TFG\Reconocimiento emociones audio\RavdessTessSavee\datos_crudos\tess\TESS Toronto emotional speech set data\YAF_happy\YAF_get_happy.wav,TESS,YAF,happy,happy,YAF_get_happy,YAF_get_happy.wav,train
C:\Users\34722\OneDrive\Escritorio\TFG\Reconocimiento emociones audio\RavdessTessSavee\datos_crudos\tess\TESS Toronto emotional speech set data\YAF_happy\YAF_gin_happy.wav,TESS,YAF,happy,happy,YAF_gin_happy,YAF_gin_happy.wav,valid
C:\Users\34722\OneDrive\Escritorio\TFG\Reconocimiento emociones audio\RavdessTessSavee\datos_crudos\tess\TESS Toronto emotional speech set data\YAF_happy\YAF_goal_happy.wav,TESS,YAF,happy,happy,YAF_goal_happy,YAF_goal_happy.wav,train
C:\Users\34722\OneDrive\Escritorio\TFG\Reconocimiento emociones audio\RavdessTessSavee\datos_crudos\tess\TESS Toronto emotional speech set data\YAF_happy\YAF_good_happy.wav,TESS,YAF,happy,happy,YAF_good_happy,YAF_good_happy.wav,train
C:\Users\34722\OneDrive\Escritorio\TFG\Reconocimiento emociones audio\RavdessTessSavee\datos_crudos\tess\TESS Toronto emotional speech set data\YAF_happy\YAF_goose_happy.wav,TESS,YAF,happy,happy,YAF_goose_happy,YAF_goose_happy.wav,train
C:\Users\34722\OneDrive\Escritorio\TFG\Reconocimiento emociones audio\RavdessTessSavee\datos_crudos\tess\TESS Toronto emotional speech set data\YAF_happy\YAF_gun_happy.wav,TESS,YAF,happy,happy,YAF_gun_happy,YAF_gun_happy.wav,train
C:\Users\34722\OneDrive\Escritorio\TFG\Reconocimiento emociones audio\RavdessTessSavee\datos_crudos\tess\TESS Toronto emotional speech set data\YAF_happy\YAF_half_happy.wav,TESS,YAF,happy,happy,YAF_half_happy,YAF_half_happy.wav,train
C:\Users\34722\OneDrive\Escritorio\TFG\Reconocimiento emociones audio\RavdessTessSavee\datos_crudos\tess\TESS Toronto emotional speech set data\YAF_happy\YAF_hall_happy.wav,TESS,YAF,happy,happy,YAF_hall_happy,YAF_hall_happy.wav,train
C:\Users\34722\OneDrive\Escritorio\TFG\Reconocimiento emociones audio\RavdessTessSavee\datos_crudos\tess\TESS Toronto emotional speech set data\YAF_happy\YAF_hash_happy.wav,TESS,YAF,happy,happy,YAF_hash_happy,YAF_hash_happy.wav,train
C:\Users\34722\OneDrive\Escritorio\TFG\Reconocimiento emociones audio\RavdessTessSavee\datos_crudos\tess\TESS Toronto emotional speech set data\YAF_happy\YAF_hate_happy.wav,TESS,YAF,happy,happy,YAF_hate_happy,YAF_hate_happy.wav,train
C:\Users\34722\OneDrive\Escritorio\TFG\Reconocimiento emociones audio\RavdessTessSavee\datos_crudos\tess\TESS Toronto emotional speech set data\YAF_happy\YAF_have_happy.wav,TESS,YAF,happy,happy,YAF_have_happy,YAF_have_happy.wav,valid
C:\Users\34722\OneDrive\Escritorio\TFG\Reconocimiento emociones audio\RavdessTessSavee\datos_crudos\tess\TESS Toronto emotional speech set data\YAF_happy\YAF_haze_happy.wav,TESS,YAF,happy,happy,YAF_haze_happy,YAF_haze_happy.wav,train
C:\Users\34722\OneDrive\Escritorio\TFG\Reconocimiento emociones audio\RavdessTessSavee\datos_crudos\tess\TESS Toronto emotional speech set data\YAF_happy\YAF_hire_happy.wav,TESS,YAF,happy,happy,YAF_hire_happy,YAF_hire_happy.wav,train
C:\Users\34722\OneDrive\Escritorio\TFG\Reconocimiento emociones audio\RavdessTessSavee\datos_crudos\tess\TESS Toronto emotional speech set data\YAF_happy\YAF_hit_happy.wav,TESS,YAF,happy,happy,YAF_hit_happy,YAF_hit_happy.wav,train
C:\Users\34722\OneDrive\Escritorio\TFG\Reconocimiento emociones audio\RavdessTessSavee\datos_crudos\tess\TESS Toronto emotional speech set data\YAF_happy\YAF_hole_happy.wav,TESS,YAF,happy,happy,YAF_hole_happy,YAF_hole_happy.wav,train
C:\Users\34722\OneDrive\Escritorio\TFG\Reconocimiento emociones audio\RavdessTessSavee\datos_crudos\tess\TESS Toronto emotional speech set data\YAF_happy\YAF_home_happy.wav,TESS,YAF,happy,happy,YAF_home_happy,YAF_home_happy.wav,train
C:\Users\34722\OneDrive\Escritorio\TFG\Reconocimiento emociones audio\RavdessTessSavee\datos_crudos\tess\TESS Toronto emotional speech set data\YAF_happy\YAF_hurl_happy.wav,TESS,YAF,happy,happy,YAF_hurl_happy,YAF_hurl_happy.wav,train
C:\Users\34722\OneDrive\Escritorio\TFG\Reconocimiento emociones audio\RavdessTessSavee\datos_crudos\tess\TESS Toronto emotional speech set data\YAF_happy\YAF_hush_happy.wav,TESS,YAF,happy,happy,YAF_hush_happy,YAF_hush_happy.wav,valid
C:\Users\34722\OneDrive\Escritorio\TFG\Reconocimiento emociones audio\RavdessTessSavee\datos_crudos\tess\TESS Toronto emotional speech set data\YAF_happy\YAF_jail_happy.wav,TESS,YAF,happy,happy,YAF_jail_happy,YAF_jail_happy.wav,valid
C:\Users\34722\OneDrive\Escritorio\TFG\Reconocimiento emociones audio\RavdessTessSavee\datos_crudos\tess\TESS Toronto emotional speech set data\YAF_happy\YAF_jar_happy.wav,TESS,YAF,happy,happy,YAF_jar_happy,YAF_jar_happy.wav,valid
C:\Users\34722\OneDrive\Escritorio\TFG\Reconocimiento emociones audio\RavdessTessSavee\datos_crudos\tess\TESS Toronto emotional speech set data\YAF_happy\YAF_join_happy.wav,TESS,YAF,happy,happy,YAF_join_happy,YAF_join_happy.wav,train
C:\Users\34722\OneDrive\Escritorio\TFG\Reconocimiento emociones audio\RavdessTessSavee\datos_crudos\tess\TESS Toronto emotional speech set data\YAF_happy\YAF_judge_happy.wav,TESS,YAF,happy,happy,YAF_judge_happy,YAF_judge_happy.wav,valid
C:\Users\34722\OneDrive\Escritorio\TFG\Reconocimiento emociones audio\RavdessTessSavee\datos_crudos\tess\TESS Toronto emotional speech set data\YAF_happy\YAF_jug_happy.wav,TESS,YAF,happy,happy,YAF_jug_happy,YAF_jug_happy.wav,valid
C:\Users\34722\OneDrive\Escritorio\TFG\Reconocimiento emociones audio\RavdessTessSavee\datos_crudos\tess\TESS Toronto emotional speech set data\YAF_happy\YAF_juice_happy.wav,TESS,YAF,happy,happy,YAF_juice_happy,YAF_juice_happy.wav,train
C:\Users\34722\OneDrive\Escritorio\TFG\Reconocimiento emociones audio\RavdessTessSavee\datos_crudos\tess\TESS Toronto emotional speech set data\YAF_happy\YAF_keen_happy.wav,TESS,YAF,happy,happy,YAF_keen_happy,YAF_keen_happy.wav,test
C:\Users\34722\OneDrive\Escritorio\TFG\Reconocimiento emociones audio\RavdessTessSavee\datos_crudos\tess\TESS Toronto emotional speech set data\YAF_happy\YAF_keep_happy.wav,TESS,YAF,happy,happy,YAF_keep_happy,YAF_keep_happy.wav,train
C:\Users\34722\OneDrive\Escritorio\TFG\Reconocimiento emociones audio\RavdessTessSavee\datos_crudos\tess\TESS Toronto emotional speech set data\YAF_happy\YAF_keg_happy.wav,TESS,YAF,happy,happy,YAF_keg_happy,YAF_keg_happy.wav,train
C:\Users\34722\OneDrive\Escritorio\TFG\Reconocimiento emociones audio\RavdessTessSavee\datos_crudos\tess\TESS Toronto emotional speech set data\YAF_happy\YAF_kick_happy.wav,TESS,YAF,happy,happy,YAF_kick_happy,YAF_kick_happy.wav,train
C:\Users\34722\OneDrive\Escritorio\TFG\Reconocimiento emociones audio\RavdessTessSavee\datos_crudos\tess\TESS Toronto emotional speech set data\YAF_happy\YAF_kill_happy.wav,TESS,YAF,happy,happy,YAF_kill_happy,YAF_kill_happy.wav,valid
C:\Users\34722\OneDrive\Escritorio\TFG\Reconocimiento emociones audio\RavdessTessSavee\datos_crudos\tess\TESS Toronto emotional speech set data\YAF_happy\YAF_king_happy.wav,TESS,YAF,happy,happy,YAF_king_happy,YAF_king_happy.wav,valid
C:\Users\34722\OneDrive\Escritorio\TFG\Reconocimiento emociones audio\RavdessTessSavee\datos_crudos\tess\TESS Toronto emotional speech set data\YAF_happy\YAF_kite_happy.wav,TESS,YAF,happy,happy,YAF_kite_happy,YAF_kite_happy.wav,train
C:\Users\34722\OneDrive\Escritorio\TFG\Reconocimiento emociones audio\RavdessTessSavee\datos_crudos\tess\TESS Toronto emotional speech set data\YAF_happy\YAF_knock_happy.wav,TESS,YAF,happy,happy,YAF_knock_happy,YAF_knock_happy.wav,test
C:\Users\34722\OneDrive\Escritorio\TFG\Reconocimiento emociones audio\RavdessTessSavee\datos_crudos\tess\TESS Toronto emotional speech set data\YAF_happy\YAF_late_happy.wav,TESS,YAF,happy,happy,YAF_late_happy,YAF_late_happy.wav,test
C:\Users\34722\OneDrive\Escritorio\TFG\Reconocimiento emociones audio\RavdessTessSavee\datos_crudos\tess\TESS Toronto emotional speech set data\YAF_happy\YAF_laud_happy.wav,TESS,YAF,happy,happy,YAF_laud_happy,YAF_laud_happy.wav,train
C:\Users\34722\OneDrive\Escritorio\TFG\Reconocimiento emociones audio\RavdessTessSavee\datos_crudos\tess\TESS Toronto emotional speech set data\YAF_happy\YAF_lean_happy.wav,TESS,YAF,happy,happy,YAF_lean_happy,YAF_lean_happy.wav,test
C:\Users\34722\OneDrive\Escritorio\TFG\Reconocimiento emociones audio\RavdessTessSavee\datos_crudos\tess\TESS Toronto emotional speech set data\YAF_happy\YAF_learn_happy.wav,TESS,YAF,happy,happy,YAF_learn_happy,YAF_learn_happy.wav,test
C:\Users\34722\OneDrive\Escritorio\TFG\Reconocimiento emociones audio\RavdessTessSavee\datos_crudos\tess\TESS Toronto emotional speech set data\YAF_happy\YAF_lease_happy.wav,TESS,YAF,happy,happy,YAF_lease_happy,YAF_lease_happy.wav,test
C:\Users\34722\OneDrive\Escritorio\TFG\Reconocimiento emociones audio\RavdessTessSavee\datos_crudos\tess\TESS Toronto emotional speech set data\YAF_happy\YAF_lid_happy.wav,TESS,YAF,happy,happy,YAF_lid_happy,YAF_lid_happy.wav,train
C:\Users\34722\OneDrive\Escritorio\TFG\Reconocimiento emociones audio\RavdessTessSavee\datos_crudos\tess\TESS Toronto emotional speech set data\YAF_happy\YAF_life_happy.wav,TESS,YAF,happy,happy,YAF_life_happy,YAF_life_happy.wav,valid
C:\Users\34722\OneDrive\Escritorio\TFG\Reconocimiento emociones audio\RavdessTessSavee\datos_crudos\tess\TESS Toronto emotional speech set data\YAF_happy\YAF_limb_happy.wav,TESS,YAF,happy,happy,YAF_limb_happy,YAF_limb_happy.wav,valid
C:\Users\34722\OneDrive\Escritorio\TFG\Reconocimiento emociones audio\RavdessTessSavee\datos_crudos\tess\TESS Toronto emotional speech set data\YAF_happy\YAF_live_happy.wav,TESS,YAF,happy,happy,YAF_live_happy,YAF_live_happy.wav,test
C:\Users\34722\OneDrive\Escritorio\TFG\Reconocimiento emociones audio\RavdessTessSavee\datos_crudos\tess\TESS Toronto emotional speech set data\YAF_happy\YAF_loaf_happy.wav,TESS,YAF,happy,happy,YAF_loaf_happy,YAF_loaf_happy.wav,train
C:\Users\34722\OneDrive\Escritorio\TFG\Reconocimiento emociones audio\RavdessTessSavee\datos_crudos\tess\TESS Toronto emotional speech set data\YAF_happy\YAF_long_happy.wav,TESS,YAF,happy,happy,YAF_long_happy,YAF_long_happy.wav,train
C:\Users\34722\OneDrive\Escritorio\TFG\Reconocimiento emociones audio\RavdessTessSavee\datos_crudos\tess\TESS Toronto emotional speech set data\YAF_happy\YAF_lore_happy.wav,TESS,YAF,happy,happy,YAF_lore_happy,YAF_lore_happy.wav,test
C:\Users\34722\OneDrive\Escritorio\TFG\Reconocimiento emociones audio\RavdessTessSavee\datos_crudos\tess\TESS Toronto emotional speech set data\YAF_happy\YAF_lose_happy.wav,TESS,YAF,happy,happy,YAF_lose_happy,YAF_lose_happy.wav,train
C:\Users\34722\OneDrive\Escritorio\TFG\Reconocimiento emociones audio\RavdessTessSavee\datos_crudos\tess\TESS Toronto emotional speech set data\YAF_happy\YAF_lot_happy.wav,TESS,YAF,happy,happy,YAF_lot_happy,YAF_lot_happy.wav,train
C:\Users\34722\OneDrive\Escritorio\TFG\Reconocimiento emociones audio\RavdessTessSavee\datos_crudos\tess\TESS Toronto emotional speech set data\YAF_happy\YAF_love_happy.wav,TESS,YAF,happy,happy,YAF_love_happy,YAF_love_happy.wav,test
C:\Users\34722\OneDrive\Escritorio\TFG\Reconocimiento emociones audio\RavdessTessSavee\datos_crudos\tess\TESS Toronto emotional speech set data\YAF_happy\YAF_luck_happy.wav,TESS,YAF,happy,happy,YAF_luck_happy,YAF_luck_happy.wav,train
C:\Users\34722\OneDrive\Escritorio\TFG\Reconocimiento emociones audio\RavdessTessSavee\datos_crudos\tess\TESS Toronto emotional speech set data\YAF_happy\YAF_make_happy.wav,TESS,YAF,happy,happy,YAF_make_happy,YAF_make_happy.wav,valid
C:\Users\34722\OneDrive\Escritorio\TFG\Reconocimiento emociones audio\RavdessTessSavee\datos_crudos\tess\TESS Toronto emotional speech set data\YAF_happy\YAF_match_happy.wav,TESS,YAF,happy,happy,YAF_match_happy,YAF_match_happy.wav,train
C:\Users\34722\OneDrive\Escritorio\TFG\Reconocimiento emociones audio\RavdessTessSavee\datos_crudos\tess\TESS Toronto emotional speech set data\YAF_happy\YAF_merge_happy.wav,TESS,YAF,happy,happy,YAF_merge_happy,YAF_merge_happy.wav,train
C:\Users\34722\OneDrive\Escritorio\TFG\Reconocimiento emociones audio\RavdessTessSavee\datos_crudos\tess\TESS Toronto emotional speech set data\YAF_happy\YAF_mess_happy.wav,TESS,YAF,happy,happy,YAF_mess_happy,YAF_mess_happy.wav,train
C:\Users\34722\OneDrive\Escritorio\TFG\Reconocimiento emociones audio\RavdessTessSavee\datos_crudos\tess\TESS Toronto emotional speech set data\YAF_happy\YAF_met_happy.wav,TESS,YAF,happy,happy,YAF_met_happy,YAF_met_happy.wav,train
C:\Users\34722\OneDrive\Escritorio\TFG\Reconocimiento emociones audio\RavdessTessSavee\datos_crudos\tess\TESS Toronto emotional speech set data\YAF_happy\YAF_mill_happy.wav,TESS,YAF,happy,happy,YAF_mill_happy,YAF_mill_happy.wav,train
C:\Users\34722\OneDrive\Escritorio\TFG\Reconocimiento emociones audio\RavdessTessSavee\datos_crudos\tess\TESS Toronto emotional speech set data\YAF_happy\YAF_mob_happy.wav,TESS,YAF,happy,happy,YAF_mob_happy,YAF_mob_happy.wav,train
C:\Users\34722\OneDrive\Escritorio\TFG\Reconocimiento emociones audio\RavdessTessSavee\datos_crudos\tess\TESS Toronto emotional speech set data\YAF_happy\YAF_mode_happy.wav,TESS,YAF,happy,happy,YAF_mode_happy,YAF_mode_happy.wav,valid
C:\Users\34722\OneDrive\Escritorio\TFG\Reconocimiento emociones audio\RavdessTessSavee\datos_crudos\tess\TESS Toronto emotional speech set data\YAF_happy\YAF_mood_happy.wav,TESS,YAF,happy,happy,YAF_mood_happy,YAF_mood_happy.wav,test
C:\Users\34722\OneDrive\Escritorio\TFG\Reconocimiento emociones audio\RavdessTessSavee\datos_crudos\tess\TESS Toronto emotional speech set data\YAF_happy\YAF_moon_happy.wav,TESS,YAF,happy,happy,YAF_moon_happy,YAF_moon_happy.wav,train
C:\Users\34722\OneDrive\Escritorio\TFG\Reconocimiento emociones audio\RavdessTessSavee\datos_crudos\tess\TESS Toronto emotional speech set data\YAF_happy\YAF_mop_happy.wav,TESS,YAF,happy,happy,YAF_mop_happy,YAF_mop_happy.wav,test
C:\Users\34722\OneDrive\Escritorio\TFG\Reconocimiento emociones audio\RavdessTessSavee\datos_crudos\tess\TESS Toronto emotional speech set data\YAF_happy\YAF_mouse_happy.wav,TESS,YAF,happy,happy,YAF_mouse_happy,YAF_mouse_happy.wav,train
C:\Users\34722\OneDrive\Escritorio\TFG\Reconocimiento emociones audio\RavdessTessSavee\datos_crudos\tess\TESS Toronto emotional speech set data\YAF_happy\YAF_nag_happy.wav,TESS,YAF,happy,happy,YAF_nag_happy,YAF_nag_happy.wav,train
C:\Users\34722\OneDrive\Escritorio\TFG\Reconocimiento emociones audio\RavdessTessSavee\datos_crudos\tess\TESS Toronto emotional speech set data\YAF_happy\YAF_name_happy.wav,TESS,YAF,happy,happy,YAF_name_happy,YAF_name_happy.wav,valid
C:\Users\34722\OneDrive\Escritorio\TFG\Reconocimiento emociones audio\RavdessTessSavee\datos_crudos\tess\TESS Toronto emotional speech set data\YAF_happy\YAF_near_happy.wav,TESS,YAF,happy,happy,YAF_near_happy,YAF_near_happy.wav,train
C:\Users\34722\OneDrive\Escritorio\TFG\Reconocimiento emociones audio\RavdessTessSavee\datos_crudos\tess\TESS Toronto emotional speech set data\YAF_happy\YAF_neat_happy.wav,TESS,YAF,happy,happy,YAF_neat_happy,YAF_neat_happy.wav,train
C:\Users\34722\OneDrive\Escritorio\TFG\Reconocimiento emociones audio\RavdessTessSavee\datos_crudos\tess\TESS Toronto emotional speech set data\YAF_happy\YAF_nice_happy.wav,TESS,YAF,happy,happy,YAF_nice_happy,YAF_nice_happy.wav,valid
C:\Users\34722\OneDrive\Escritorio\TFG\Reconocimiento emociones audio\RavdessTessSavee\datos_crudos\tess\TESS Toronto emotional speech set data\YAF_happy\YAF_note_happy.wav,TESS,YAF,happy,happy,YAF_note_happy,YAF_note_happy.wav,train
C:\Users\34722\OneDrive\Escritorio\TFG\Reconocimiento emociones audio\RavdessTessSavee\datos_crudos\tess\TESS Toronto emotional speech set data\YAF_happy\YAF_numb_happy.wav,TESS,YAF,happy,happy,YAF_numb_happy,YAF_numb_happy.wav,test
C:\Users\34722\OneDrive\Escritorio\TFG\Reconocimiento emociones audio\RavdessTessSavee\datos_crudos\tess\TESS Toronto emotional speech set data\YAF_happy\YAF_pad_happy.wav,TESS,YAF,happy,happy,YAF_pad_happy,YAF_pad_happy.wav,valid
C:\Users\34722\OneDrive\Escritorio\TFG\Reconocimiento emociones audio\RavdessTessSavee\datos_crudos\tess\TESS Toronto emotional speech set data\YAF_happy\YAF_page_happy.wav,TESS,YAF,happy,happy,YAF_page_happy,YAF_page_happy.wav,train
C:\Users\34722\OneDrive\Escritorio\TFG\Reconocimiento emociones audio\RavdessTessSavee\datos_crudos\tess\TESS Toronto emotional speech set data\YAF_happy\YAF_pain_happy.wav,TESS,YAF,happy,happy,YAF_pain_happy,YAF_pain_happy.wav,train
C:\Users\34722\OneDrive\Escritorio\TFG\Reconocimiento emociones audio\RavdessTessSavee\datos_crudos\tess\TESS Toronto emotional speech set data\YAF_happy\YAF_pass_happy.wav,TESS,YAF,happy,happy,YAF_pass_happy,YAF_pass_happy.wav,train
C:\Users\34722\OneDrive\Escritorio\TFG\Reconocimiento emociones audio\RavdessTessSavee\datos_crudos\tess\TESS Toronto emotional speech set data\YAF_happy\YAF_pearl_happy.wav,TESS,YAF,happy,happy,YAF_pearl_happy,YAF_pearl_happy.wav,train
C:\Users\34722\OneDrive\Escritorio\TFG\Reconocimiento emociones audio\RavdessTessSavee\datos_crudos\tess\TESS Toronto emotional speech set data\YAF_happy\YAF_peg_happy.wav,TESS,YAF,happy,happy,YAF_peg_happy,YAF_peg_happy.wav,train
C:\Users\34722\OneDrive\Escritorio\TFG\Reconocimiento emociones audio\RavdessTessSavee\datos_crudos\tess\TESS Toronto emotional speech set data\YAF_happy\YAF_perch_happy.wav,TESS,YAF,happy,happy,YAF_perch_happy,YAF_perch_happy.wav,train
C:\Users\34722\OneDrive\Escritorio\TFG\Reconocimiento emociones audio\RavdessTessSavee\datos_crudos\tess\TESS Toronto emotional speech set data\YAF_happy\YAF_phone_happy.wav,TESS,YAF,happy,happy,YAF_phone_happy,YAF_phone_happy.wav,train
C:\Users\34722\OneDrive\Escritorio\TFG\Reconocimiento emociones audio\RavdessTessSavee\datos_crudos\tess\TESS Toronto emotional speech set data\YAF_happy\YAF_pick_happy.wav,TESS,YAF,happy,happy,YAF_pick_happy,YAF_pick_happy.wav,train
C:\Users\34722\OneDrive\Escritorio\TFG\Reconocimiento emociones audio\RavdessTessSavee\datos_crudos\tess\TESS Toronto emotional speech set data\YAF_happy\YAF_pike_happy.wav,TESS,YAF,happy,happy,YAF_pike_happy,YAF_pike_happy.wav,train
C:\Users\34722\OneDrive\Escritorio\TFG\Reconocimiento emociones audio\RavdessTessSavee\datos_crudos\tess\TESS Toronto emotional speech set data\YAF_happy\YAF_pole_happy.wav,TESS,YAF,happy,happy,YAF_pole_happy,YAF_pole_happy.wav,train
C:\Users\34722\OneDrive\Escritorio\TFG\Reconocimiento emociones audio\RavdessTessSavee\datos_crudos\tess\TESS Toronto emotional speech set data\YAF_happy\YAF_pool_happy.wav,TESS,YAF,happy,happy,YAF_pool_happy,YAF_pool_happy.wav,valid
C:\Users\34722\OneDrive\Escritorio\TFG\Reconocimiento emociones audio\RavdessTessSavee\datos_crudos\tess\TESS Toronto emotional speech set data\YAF_happy\YAF_puff_happy.wav,TESS,YAF,happy,happy,YAF_puff_happy,YAF_puff_happy.wav,valid
C:\Users\34722\OneDrive\Escritorio\TFG\Reconocimiento emociones audio\RavdessTessSavee\datos_crudos\tess\TESS Toronto emotional speech set data\YAF_happy\YAF_rag_happy.wav,TESS,YAF,happy,happy,YAF_rag_happy,YAF_rag_happy.wav,train
C:\Users\34722\OneDrive\Escritorio\TFG\Reconocimiento emociones audio\RavdessTessSavee\datos_crudos\tess\TESS Toronto emotional speech set data\YAF_happy\YAF_raid_happy.wav,TESS,YAF,happy,happy,YAF_raid_happy,YAF_raid_happy.wav,valid
C:\Users\34722\OneDrive\Escritorio\TFG\Reconocimiento emociones audio\RavdessTessSavee\datos_crudos\tess\TESS Toronto emotional speech set data\YAF_happy\YAF_rain_happy.wav,TESS,YAF,happy,happy,YAF_rain_happy,YAF_rain_happy.wav,test
C:\Users\34722\OneDrive\Escritorio\TFG\Reconocimiento emociones audio\RavdessTessSavee\datos_crudos\tess\TESS Toronto emotional speech set data\YAF_happy\YAF_raise_happy.wav,TESS,YAF,happy,happy,YAF_raise_happy,YAF_raise_happy.wav,valid
C:\Users\34722\OneDrive\Escritorio\TFG\Reconocimiento emociones audio\RavdessTessSavee\datos_crudos\tess\TESS Toronto emotional speech set data\YAF_happy\YAF_rat_happy.wav,TESS,YAF,happy,happy,YAF_rat_happy,YAF_rat_happy.wav,train
C:\Users\34722\OneDrive\Escritorio\TFG\Reconocimiento emociones audio\RavdessTessSavee\datos_crudos\tess\TESS Toronto emotional speech set data\YAF_happy\YAF_reach_happy.wav,TESS,YAF,happy,happy,YAF_reach_happy,YAF_reach_happy.wav,train
C:\Users\34722\OneDrive\Escritorio\TFG\Reconocimiento emociones audio\RavdessTessSavee\datos_crudos\tess\TESS Toronto emotional speech set data\YAF_happy\YAF_read_happy.wav,TESS,YAF,happy,happy,YAF_read_happy,YAF_read_happy.wav,test
C:\Users\34722\OneDrive\Escritorio\TFG\Reconocimiento emociones audio\RavdessTessSavee\datos_crudos\tess\TESS Toronto emotional speech set data\YAF_happy\YAF_red_happy.wav,TESS,YAF,happy,happy,YAF_red_happy,YAF_red_happy.wav,train
C:\Users\34722\OneDrive\Escritorio\TFG\Reconocimiento emociones audio\RavdessTessSavee\datos_crudos\tess\TESS Toronto emotional speech set data\YAF_happy\YAF_ring_happy.wav,TESS,YAF,happy,happy,YAF_ring_happy,YAF_ring_happy.wav,train
C:\Users\34722\OneDrive\Escritorio\TFG\Reconocimiento emociones audio\RavdessTessSavee\datos_crudos\tess\TESS Toronto emotional speech set data\YAF_happy\YAF_ripe_happy.wav,TESS,YAF,happy,happy,YAF_ripe_happy,YAF_ripe_happy.wav,train
C:\Users\34722\OneDrive\Escritorio\TFG\Reconocimiento emociones audio\RavdessTessSavee\datos_crudos\tess\TESS Toronto emotional speech set data\YAF_happy\YAF_road_happy.wav,TESS,YAF,happy,happy,YAF_road_happy,YAF_road_happy.wav,test
C:\Users\34722\OneDrive\Escritorio\TFG\Reconocimiento emociones audio\RavdessTessSavee\datos_crudos\tess\TESS Toronto emotional speech set data\YAF_happy\YAF_room_happy.wav,TESS,YAF,happy,happy,YAF_room_happy,YAF_room_happy.wav,train
C:\Users\34722\OneDrive\Escritorio\TFG\Reconocimiento emociones audio\RavdessTessSavee\datos_crudos\tess\TESS Toronto emotional speech set data\YAF_happy\YAF_rose_happy.wav,TESS,YAF,happy,happy,YAF_rose_happy,YAF_rose_happy.wav,train
C:\Users\34722\OneDrive\Escritorio\TFG\Reconocimiento emociones audio\RavdessTessSavee\datos_crudos\tess\TESS Toronto emotional speech set data\YAF_happy\YAF_rot_happy.wav,TESS,YAF,happy,happy,YAF_rot_happy,YAF_rot_happy.wav,train
C:\Users\34722\OneDrive\Escritorio\TFG\Reconocimiento emociones audio\RavdessTessSavee\datos_crudos\tess\TESS Toronto emotional speech set data\YAF_happy\YAF_rough_happy.wav,TESS,YAF,happy,happy,YAF_rough_happy,YAF_rough_happy.wav,train
C:\Users\34722\OneDrive\Escritorio\TFG\Reconocimiento emociones audio\RavdessTessSavee\datos_crudos\tess\TESS Toronto emotional speech set data\YAF_happy\YAF_rush_happy.wav,TESS,YAF,happy,happy,YAF_rush_happy,YAF_rush_happy.wav,train
C:\Users\34722\OneDrive\Escritorio\TFG\Reconocimiento emociones audio\RavdessTessSavee\datos_crudos\tess\TESS Toronto emotional speech set data\YAF_happy\YAF_said_happy.wav,TESS,YAF,happy,happy,YAF_said_happy,YAF_said_happy.wav,train
C:\Users\34722\OneDrive\Escritorio\TFG\Reconocimiento emociones audio\RavdessTessSavee\datos_crudos\tess\TESS Toronto emotional speech set data\YAF_happy\YAF_sail_happy.wav,TESS,YAF,happy,happy,YAF_sail_happy,YAF_sail_happy.wav,test
C:\Users\34722\OneDrive\Escritorio\TFG\Reconocimiento emociones audio\RavdessTessSavee\datos_crudos\tess\TESS Toronto emotional speech set data\YAF_happy\YAF_search_happy.wav,TESS,YAF,happy,happy,YAF_search_happy,YAF_search_happy.wav,train
C:\Users\34722\OneDrive\Escritorio\TFG\Reconocimiento emociones audio\RavdessTessSavee\datos_crudos\tess\TESS Toronto emotional speech set data\YAF_happy\YAF_seize_happy.wav,TESS,YAF,happy,happy,YAF_seize_happy,YAF_seize_happy.wav,train
C:\Users\34722\OneDrive\Escritorio\TFG\Reconocimiento emociones audio\RavdessTessSavee\datos_crudos\tess\TESS Toronto emotional speech set data\YAF_happy\YAF_sell_happy.wav,TESS,YAF,happy,happy,YAF_sell_happy,YAF_sell_happy.wav,train
C:\Users\34722\OneDrive\Escritorio\TFG\Reconocimiento emociones audio\RavdessTessSavee\datos_crudos\tess\TESS Toronto emotional speech set data\YAF_happy\YAF_shack_happy.wav,TESS,YAF,happy,happy,YAF_shack_happy,YAF_shack_happy.wav,train
C:\Users\34722\OneDrive\Escritorio\TFG\Reconocimiento emociones audio\RavdessTessSavee\datos_crudos\tess\TESS Toronto emotional speech set data\YAF_happy\YAF_shall_happy.wav,TESS,YAF,happy,happy,YAF_shall_happy,YAF_shall_happy.wav,train
C:\Users\34722\OneDrive\Escritorio\TFG\Reconocimiento emociones audio\RavdessTessSavee\datos_crudos\tess\TESS Toronto emotional speech set data\YAF_happy\YAF_shawl_happy.wav,TESS,YAF,happy,happy,YAF_shawl_happy,YAF_shawl_happy.wav,train
C:\Users\34722\OneDrive\Escritorio\TFG\Reconocimiento emociones audio\RavdessTessSavee\datos_crudos\tess\TESS Toronto emotional speech set data\YAF_happy\YAF_sheep_happy.wav,TESS,YAF,happy,happy,YAF_sheep_happy,YAF_sheep_happy.wav,train
C:\Users\34722\OneDrive\Escritorio\TFG\Reconocimiento emociones audio\RavdessTessSavee\datos_crudos\tess\TESS Toronto emotional speech set data\YAF_happy\YAF_shirt_happy.wav,TESS,YAF,happy,happy,YAF_shirt_happy,YAF_shirt_happy.wav,valid
C:\Users\34722\OneDrive\Escritorio\TFG\Reconocimiento emociones audio\RavdessTessSavee\datos_crudos\tess\TESS Toronto emotional speech set data\YAF_happy\YAF_should_happy.wav,TESS,YAF,happy,happy,YAF_should_happy,YAF_should_happy.wav,train
C:\Users\34722\OneDrive\Escritorio\TFG\Reconocimiento emociones audio\RavdessTessSavee\datos_crudos\tess\TESS Toronto emotional speech set data\YAF_happy\YAF_shout_happy.wav,TESS,YAF,happy,happy,YAF_shout_happy,YAF_shout_happy.wav,valid
C:\Users\34722\OneDrive\Escritorio\TFG\Reconocimiento emociones audio\RavdessTessSavee\datos_crudos\tess\TESS Toronto emotional speech set data\YAF_happy\YAF_size_happy.wav,TESS,YAF,happy,happy,YAF_size_happy,YAF_size_happy.wav,train
C:\Users\34722\OneDrive\Escritorio\TFG\Reconocimiento emociones audio\RavdessTessSavee\datos_crudos\tess\TESS Toronto emotional speech set data\YAF_happy\YAF_soap_happy.wav,TESS,YAF,happy,happy,YAF_soap_happy,YAF_soap_happy.wav,train
C:\Users\34722\OneDrive\Escritorio\TFG\Reconocimiento emociones audio\RavdessTessSavee\datos_crudos\tess\TESS Toronto emotional speech set data\YAF_happy\YAF_soup_happy.wav,TESS,YAF,happy,happy,YAF_soup_happy,YAF_soup_happy.wav,train
C:\Users\34722\OneDrive\Escritorio\TFG\Reconocimiento emociones audio\RavdessTessSavee\datos_crudos\tess\TESS Toronto emotional speech set data\YAF_happy\YAF_sour_happy.wav,TESS,YAF,happy,happy,YAF_sour_happy,YAF_sour_happy.wav,valid
C:\Users\34722\OneDrive\Escritorio\TFG\Reconocimiento emociones audio\RavdessTessSavee\datos_crudos\tess\TESS Toronto emotional speech set data\YAF_happy\YAF_south_happy.wav,TESS,YAF,happy,happy,YAF_south_happy,YAF_south_happy.wav,train
C:\Users\34722\OneDrive\Escritorio\TFG\Reconocimiento emociones audio\RavdessTessSavee\datos_crudos\tess\TESS Toronto emotional speech set data\YAF_happy\YAF_sub_happy.wav,TESS,YAF,happy,happy,YAF_sub_happy,YAF_sub_happy.wav,train
C:\Users\34722\OneDrive\Escritorio\TFG\Reconocimiento emociones audio\RavdessTessSavee\datos_crudos\tess\TESS Toronto emotional speech set data\YAF_happy\YAF_such_happy.wav,TESS,YAF,happy,happy,YAF_such_happy,YAF_such_happy.wav,valid
C:\Users\34722\OneDrive\Escritorio\TFG\Reconocimiento emociones audio\RavdessTessSavee\datos_crudos\tess\TESS Toronto emotional speech set data\YAF_happy\YAF_sure_happy.wav,TESS,YAF,happy,happy,YAF_sure_happy,YAF_sure_happy.wav,train
C:\Users\34722\OneDrive\Escritorio\TFG\Reconocimiento emociones audio\RavdessTessSavee\datos_crudos\tess\TESS Toronto emotional speech set data\YAF_happy\YAF_take_happy.wav,TESS,YAF,happy,happy,YAF_take_happy,YAF_take_happy.wav,train
C:\Users\34722\OneDrive\Escritorio\TFG\Reconocimiento emociones audio\RavdessTessSavee\datos_crudos\tess\TESS Toronto emotional speech set data\YAF_happy\YAF_talk_happy.wav,TESS,YAF,happy,happy,YAF_talk_happy,YAF_talk_happy.wav,test
C:\Users\34722\OneDrive\Escritorio\TFG\Reconocimiento emociones audio\RavdessTessSavee\datos_crudos\tess\TESS Toronto emotional speech set data\YAF_happy\YAF_tape_happy.wav,TESS,YAF,happy,happy,YAF_tape_happy,YAF_tape_happy.wav,train
C:\Users\34722\OneDrive\Escritorio\TFG\Reconocimiento emociones audio\RavdessTessSavee\datos_crudos\tess\TESS Toronto emotional speech set data\YAF_happy\YAF_team_happy.wav,TESS,YAF,happy,happy,YAF_team_happy,YAF_team_happy.wav,train
C:\Users\34722\OneDrive\Escritorio\TFG\Reconocimiento emociones audio\RavdessTessSavee\datos_crudos\tess\TESS Toronto emotional speech set data\YAF_happy\YAF_tell_happy.wav,TESS,YAF,happy,happy,YAF_tell_happy,YAF_tell_happy.wav,train
C:\Users\34722\OneDrive\Escritorio\TFG\Reconocimiento emociones audio\RavdessTessSavee\datos_crudos\tess\TESS Toronto emotional speech set data\YAF_happy\YAF_thin_happy.wav,TESS,YAF,happy,happy,YAF_thin_happy,YAF_thin_happy.wav,train
C:\Users\34722\OneDrive\Escritorio\TFG\Reconocimiento emociones audio\RavdessTessSavee\datos_crudos\tess\TESS Toronto emotional speech set data\YAF_happy\YAF_third_happy.wav,TESS,YAF,happy,happy,YAF_third_happy,YAF_third_happy.wav,test
C:\Users\34722\OneDrive\Escritorio\TFG\Reconocimiento emociones audio\RavdessTessSavee\datos_crudos\tess\TESS Toronto emotional speech set data\YAF_happy\YAF_thought_happy.wav,TESS,YAF,happy,happy,YAF_thought_happy,YAF_thought_happy.wav,valid
C:\Users\34722\OneDrive\Escritorio\TFG\Reconocimiento emociones audio\RavdessTessSavee\datos_crudos\tess\TESS Toronto emotional speech set data\YAF_happy\YAF_thumb_happy.wav,TESS,YAF,happy,happy,YAF_thumb_happy,YAF_thumb_happy.wav,train
C:\Users\34722\OneDrive\Escritorio\TFG\Reconocimiento emociones audio\RavdessTessSavee\datos_crudos\tess\TESS Toronto emotional speech set data\YAF_happy\YAF_time_happy.wav,TESS,YAF,happy,happy,YAF_time_happy,YAF_time_happy.wav,train
C:\Users\34722\OneDrive\Escritorio\TFG\Reconocimiento emociones audio\RavdessTessSavee\datos_crudos\tess\TESS Toronto emotional speech set data\YAF_happy\YAF_tip_happy.wav,TESS,YAF,happy,happy,YAF_tip_happy,YAF_tip_happy.wav,train
C:\Users\34722\OneDrive\Escritorio\TFG\Reconocimiento emociones audio\RavdessTessSavee\datos_crudos\tess\TESS Toronto emotional speech set data\YAF_happy\YAF_tire_happy.wav,TESS,YAF,happy,happy,YAF_tire_happy,YAF_tire_happy.wav,test
C:\Users\34722\OneDrive\Escritorio\TFG\Reconocimiento emociones audio\RavdessTessSavee\datos_crudos\tess\TESS Toronto emotional speech set data\YAF_happy\YAF_ton_happy.wav,TESS,YAF,happy,happy,YAF_ton_happy,YAF_ton_happy.wav,test
C:\Users\34722\OneDrive\Escritorio\TFG\Reconocimiento emociones audio\RavdessTessSavee\datos_crudos\tess\TESS Toronto emotional speech set data\YAF_happy\YAF_tool_happy.wav,TESS,YAF,happy,happy,YAF_tool_happy,YAF_tool_happy.wav,train
C:\Users\34722\OneDrive\Escritorio\TFG\Reconocimiento emociones audio\RavdessTessSavee\datos_crudos\tess\TESS Toronto emotional speech set data\YAF_happy\YAF_tough_happy.wav,TESS,YAF,happy,happy,YAF_tough_happy,YAF_tough_happy.wav,valid
C:\Users\34722\OneDrive\Escritorio\TFG\Reconocimiento emociones audio\RavdessTessSavee\datos_crudos\tess\TESS Toronto emotional speech set data\YAF_happy\YAF_turn_happy.wav,TESS,YAF,happy,happy,YAF_turn_happy,YAF_turn_happy.wav,train
C:\Users\34722\OneDrive\Escritorio\TFG\Reconocimiento emociones audio\RavdessTessSavee\datos_crudos\tess\TESS Toronto emotional speech set data\YAF_happy\YAF_vine_happy.wav,TESS,YAF,happy,happy,YAF_vine_happy,YAF_vine_happy.wav,test
C:\Users\34722\OneDrive\Escritorio\TFG\Reconocimiento emociones audio\RavdessTessSavee\datos_crudos\tess\TESS Toronto emotional speech set data\YAF_happy\YAF_voice_happy.wav,TESS,YAF,happy,happy,YAF_voice_happy,YAF_voice_happy.wav,train
C:\Users\34722\OneDrive\Escritorio\TFG\Reconocimiento emociones audio\RavdessTessSavee\datos_crudos\tess\TESS Toronto emotional speech set data\YAF_happy\YAF_void_happy.wav,TESS,YAF,happy,happy,YAF_void_happy,YAF_void_happy.wav,train
C:\Users\34722\OneDrive\Escritorio\TFG\Reconocimiento emociones audio\RavdessTessSavee\datos_crudos\tess\TESS Toronto emotional speech set data\YAF_happy\YAF_vote_happy.wav,TESS,YAF,happy,happy,YAF_vote_happy,YAF_vote_happy.wav,train
C:\Users\34722\OneDrive\Escritorio\TFG\Reconocimiento emociones audio\RavdessTessSavee\datos_crudos\tess\TESS Toronto emotional speech set data\YAF_happy\YAF_wag_happy.wav,TESS,YAF,happy,happy,YAF_wag_happy,YAF_wag_happy.wav,valid
C:\Users\34722\OneDrive\Escritorio\TFG\Reconocimiento emociones audio\RavdessTessSavee\datos_crudos\tess\TESS Toronto emotional speech set data\YAF_happy\YAF_walk_happy.wav,TESS,YAF,happy,happy,YAF_walk_happy,YAF_walk_happy.wav,train
C:\Users\34722\OneDrive\Escritorio\TFG\Reconocimiento emociones audio\RavdessTessSavee\datos_crudos\tess\TESS Toronto emotional speech set data\YAF_happy\YAF_wash_happy.wav,TESS,YAF,happy,happy,YAF_wash_happy,YAF_wash_happy.wav,train
C:\Users\34722\OneDrive\Escritorio\TFG\Reconocimiento emociones audio\RavdessTessSavee\datos_crudos\tess\TESS Toronto emotional speech set data\YAF_happy\YAF_week_happy.wav,TESS,YAF,happy,happy,YAF_week_happy,YAF_week_happy.wav,train
C:\Users\34722\OneDrive\Escritorio\TFG\Reconocimiento emociones audio\RavdessTessSavee\datos_crudos\tess\TESS Toronto emotional speech set data\YAF_happy\YAF_wheat_happy.wav,TESS,YAF,happy,happy,YAF_wheat_happy,YAF_wheat_happy.wav,valid
C:\Users\34722\OneDrive\Escritorio\TFG\Reconocimiento emociones audio\RavdessTessSavee\datos_crudos\tess\TESS Toronto emotional speech set data\YAF_happy\YAF_when_happy.wav,TESS,YAF,happy,happy,YAF_when_happy,YAF_when_happy.wav,train
C:\Users\34722\OneDrive\Escritorio\TFG\Reconocimiento emociones audio\RavdessTessSavee\datos_crudos\tess\TESS Toronto emotional speech set data\YAF_happy\YAF_which_happy.wav,TESS,YAF,happy,happy,YAF_which_happy,YAF_which_happy.wav,train
C:\Users\34722\OneDrive\Escritorio\TFG\Reconocimiento emociones audio\RavdessTessSavee\datos_crudos\tess\TESS Toronto emotional speech set data\YAF_happy\YAF_whip_happy.wav,TESS,YAF,happy,happy,YAF_whip_happy,YAF_whip_happy.wav,train
C:\Users\34722\OneDrive\Escritorio\TFG\Reconocimiento emociones audio\RavdessTessSavee\datos_crudos\tess\TESS Toronto emotional speech set data\YAF_happy\YAF_white_happy.wav,TESS,YAF,happy,happy,YAF_white_happy,YAF_white_happy.wav,test
C:\Users\34722\OneDrive\Escritorio\TFG\Reconocimiento emociones audio\RavdessTessSavee\datos_crudos\tess\TESS Toronto emotional speech set data\YAF_happy\YAF_wife_happy.wav,TESS,YAF,happy,happy,YAF_wife_happy,YAF_wife_happy.wav,train
C:\Users\34722\OneDrive\Escritorio\TFG\Reconocimiento emociones audio\RavdessTessSavee\datos_crudos\tess\TESS Toronto emotional speech set data\YAF_happy\YAF_wire_happy.wav,TESS,YAF,happy,happy,YAF_wire_happy,YAF_wire_happy.wav,train
C:\Users\34722\OneDrive\Escritorio\TFG\Reconocimiento emociones audio\RavdessTessSavee\datos_crudos\tess\TESS Toronto emotional speech set data\YAF_happy\YAF_witch_happy.wav,TESS,YAF,happy,happy,YAF_witch_happy,YAF_witch_happy.wav,train
C:\Users\34722\OneDrive\Escritorio\TFG\Reconocimiento emociones audio\RavdessTessSavee\datos_crudos\tess\TESS Toronto emotional speech set data\YAF_happy\YAF_yearn_happy.wav,TESS,YAF,happy,happy,YAF_yearn_happy,YAF_yearn_happy.wav,train
C:\Users\34722\OneDrive\Escritorio\TFG\Reconocimiento emociones audio\RavdessTessSavee\datos_crudos\tess\TESS Toronto emotional speech set data\YAF_happy\YAF_yes_happy.wav,TESS,YAF,happy,happy,YAF_yes_happy,YAF_yes_happy.wav,train
C:\Users\34722\OneDrive\Escritorio\TFG\Reconocimiento emociones audio\RavdessTessSavee\datos_crudos\tess\TESS Toronto emotional speech set data\YAF_happy\YAF_young_happy.wav,TESS,YAF,happy,happy,YAF_young_happy,YAF_young_happy.wav,train
C:\Users\34722\OneDrive\Escritorio\TFG\Reconocimiento emociones audio\RavdessTessSavee\datos_crudos\tess\TESS Toronto emotional speech set data\YAF_happy\YAF_youth_happy.wav,TESS,YAF,happy,happy,YAF_youth_happy,YAF_youth_happy.wav,train
C:\Users\34722\OneDrive\Escritorio\TFG\Reconocimiento emociones audio\RavdessTessSavee\datos_crudos\tess\TESS Toronto emotional speech set data\YAF_sad\YAF_back_sad.wav,TESS,YAF,sad,sad,YAF_back_sad,YAF_back_sad.wav,valid
C:\Users\34722\OneDrive\Escritorio\TFG\Reconocimiento emociones audio\RavdessTessSavee\datos_crudos\tess\TESS Toronto emotional speech set data\YAF_sad\YAF_bar_sad.wav,TESS,YAF,sad,sad,YAF_bar_sad,YAF_bar_sad.wav,valid
C:\Users\34722\OneDrive\Escritorio\TFG\Reconocimiento emociones audio\RavdessTessSavee\datos_crudos\tess\TESS Toronto emotional speech set data\YAF_sad\YAF_base_sad.wav,TESS,YAF,sad,sad,YAF_base_sad,YAF_base_sad.wav,train
C:\Users\34722\OneDrive\Escritorio\TFG\Reconocimiento emociones audio\RavdessTessSavee\datos_crudos\tess\TESS Toronto emotional speech set data\YAF_sad\YAF_bath_sad.wav,TESS,YAF,sad,sad,YAF_bath_sad,YAF_bath_sad.wav,train
C:\Users\34722\OneDrive\Escritorio\TFG\Reconocimiento emociones audio\RavdessTessSavee\datos_crudos\tess\TESS Toronto emotional speech set data\YAF_sad\YAF_bean_sad.wav,TESS,YAF,sad,sad,YAF_bean_sad,YAF_bean_sad.wav,valid
C:\Users\34722\OneDrive\Escritorio\TFG\Reconocimiento emociones audio\RavdessTessSavee\datos_crudos\tess\TESS Toronto emotional speech set data\YAF_sad\YAF_beg_sad.wav,TESS,YAF,sad,sad,YAF_beg_sad,YAF_beg_sad.wav,train
C:\Users\34722\OneDrive\Escritorio\TFG\Reconocimiento emociones audio\RavdessTessSavee\datos_crudos\tess\TESS Toronto emotional speech set data\YAF_sad\YAF_bite_sad.wav,TESS,YAF,sad,sad,YAF_bite_sad,YAF_bite_sad.wav,test
C:\Users\34722\OneDrive\Escritorio\TFG\Reconocimiento emociones audio\RavdessTessSavee\datos_crudos\tess\TESS Toronto emotional speech set data\YAF_sad\YAF_boat_sad.wav,TESS,YAF,sad,sad,YAF_boat_sad,YAF_boat_sad.wav,train
C:\Users\34722\OneDrive\Escritorio\TFG\Reconocimiento emociones audio\RavdessTessSavee\datos_crudos\tess\TESS Toronto emotional speech set data\YAF_sad\YAF_bone_sad.wav,TESS,YAF,sad,sad,YAF_bone_sad,YAF_bone_sad.wav,train
C:\Users\34722\OneDrive\Escritorio\TFG\Reconocimiento emociones audio\RavdessTessSavee\datos_crudos\tess\TESS Toronto emotional speech set data\YAF_sad\YAF_book_sad.wav,TESS,YAF,sad,sad,YAF_book_sad,YAF_book_sad.wav,valid
C:\Users\34722\OneDrive\Escritorio\TFG\Reconocimiento emociones audio\RavdessTessSavee\datos_crudos\tess\TESS Toronto emotional speech set data\YAF_sad\YAF_bought_sad.wav,TESS,YAF,sad,sad,YAF_bought_sad,YAF_bought_sad.wav,train
C:\Users\34722\OneDrive\Escritorio\TFG\Reconocimiento emociones audio\RavdessTessSavee\datos_crudos\tess\TESS Toronto emotional speech set data\YAF_sad\YAF_burn_sad.wav,TESS,YAF,sad,sad,YAF_burn_sad,YAF_burn_sad.wav,train
C:\Users\34722\OneDrive\Escritorio\TFG\Reconocimiento emociones audio\RavdessTessSavee\datos_crudos\tess\TESS Toronto emotional speech set data\YAF_sad\YAF_cab_sad.wav,TESS,YAF,sad,sad,YAF_cab_sad,YAF_cab_sad.wav,train
C:\Users\34722\OneDrive\Escritorio\TFG\Reconocimiento emociones audio\RavdessTessSavee\datos_crudos\tess\TESS Toronto emotional speech set data\YAF_sad\YAF_calm_sad.wav,TESS,YAF,sad,sad,YAF_calm_sad,YAF_calm_sad.wav,train
C:\Users\34722\OneDrive\Escritorio\TFG\Reconocimiento emociones audio\RavdessTessSavee\datos_crudos\tess\TESS Toronto emotional speech set data\YAF_sad\YAF_came_sad.wav,TESS,YAF,sad,sad,YAF_came_sad,YAF_came_sad.wav,train
C:\Users\34722\OneDrive\Escritorio\TFG\Reconocimiento emociones audio\RavdessTessSavee\datos_crudos\tess\TESS Toronto emotional speech set data\YAF_sad\YAF_cause_sad.wav,TESS,YAF,sad,sad,YAF_cause_sad,YAF_cause_sad.wav,train
C:\Users\34722\OneDrive\Escritorio\TFG\Reconocimiento emociones audio\RavdessTessSavee\datos_crudos\tess\TESS Toronto emotional speech set data\YAF_sad\YAF_chain_sad.wav,TESS,YAF,sad,sad,YAF_chain_sad,YAF_chain_sad.wav,valid
C:\Users\34722\OneDrive\Escritorio\TFG\Reconocimiento emociones audio\RavdessTessSavee\datos_crudos\tess\TESS Toronto emotional speech set data\YAF_sad\YAF_chair_sad.wav,TESS,YAF,sad,sad,YAF_chair_sad,YAF_chair_sad.wav,train
C:\Users\34722\OneDrive\Escritorio\TFG\Reconocimiento emociones audio\RavdessTessSavee\datos_crudos\tess\TESS Toronto emotional speech set data\YAF_sad\YAF_chalk_sad.wav,TESS,YAF,sad,sad,YAF_chalk_sad,YAF_chalk_sad.wav,train
C:\Users\34722\OneDrive\Escritorio\TFG\Reconocimiento emociones audio\RavdessTessSavee\datos_crudos\tess\TESS Toronto emotional speech set data\YAF_sad\YAF_chat_sad.wav,TESS,YAF,sad,sad,YAF_chat_sad,YAF_chat_sad.wav,train
C:\Users\34722\OneDrive\Escritorio\TFG\Reconocimiento emociones audio\RavdessTessSavee\datos_crudos\tess\TESS Toronto emotional speech set data\YAF_sad\YAF_check_sad.wav,TESS,YAF,sad,sad,YAF_check_sad,YAF_check_sad.wav,train
C:\Users\34722\OneDrive\Escritorio\TFG\Reconocimiento emociones audio\RavdessTessSavee\datos_crudos\tess\TESS Toronto emotional speech set data\YAF_sad\YAF_cheek_sad.wav,TESS,YAF,sad,sad,YAF_cheek_sad,YAF_cheek_sad.wav,train
C:\Users\34722\OneDrive\Escritorio\TFG\Reconocimiento emociones audio\RavdessTessSavee\datos_crudos\tess\TESS Toronto emotional speech set data\YAF_sad\YAF_chief_sad.wav,TESS,YAF,sad,sad,YAF_chief_sad,YAF_chief_sad.wav,train
C:\Users\34722\OneDrive\Escritorio\TFG\Reconocimiento emociones audio\RavdessTessSavee\datos_crudos\tess\TESS Toronto emotional speech set data\YAF_sad\YAF_choice_sad.wav,TESS,YAF,sad,sad,YAF_choice_sad,YAF_choice_sad.wav,train
C:\Users\34722\OneDrive\Escritorio\TFG\Reconocimiento emociones audio\RavdessTessSavee\datos_crudos\tess\TESS Toronto emotional speech set data\YAF_sad\YAF_cool_sad.wav,TESS,YAF,sad,sad,YAF_cool_sad,YAF_cool_sad.wav,train
C:\Users\34722\OneDrive\Escritorio\TFG\Reconocimiento emociones audio\RavdessTessSavee\datos_crudos\tess\TESS Toronto emotional speech set data\YAF_sad\YAF_dab_sad.wav,TESS,YAF,sad,sad,YAF_dab_sad,YAF_dab_sad.wav,valid
C:\Users\34722\OneDrive\Escritorio\TFG\Reconocimiento emociones audio\RavdessTessSavee\datos_crudos\tess\TESS Toronto emotional speech set data\YAF_sad\YAF_date_sad.wav,TESS,YAF,sad,sad,YAF_date_sad,YAF_date_sad.wav,valid
C:\Users\34722\OneDrive\Escritorio\TFG\Reconocimiento emociones audio\RavdessTessSavee\datos_crudos\tess\TESS Toronto emotional speech set data\YAF_sad\YAF_dead_sad.wav,TESS,YAF,sad,sad,YAF_dead_sad,YAF_dead_sad.wav,train
C:\Users\34722\OneDrive\Escritorio\TFG\Reconocimiento emociones audio\RavdessTessSavee\datos_crudos\tess\TESS Toronto emotional speech set data\YAF_sad\YAF_death_sad.wav,TESS,YAF,sad,sad,YAF_death_sad,YAF_death_sad.wav,train
C:\Users\34722\OneDrive\Escritorio\TFG\Reconocimiento emociones audio\RavdessTessSavee\datos_crudos\tess\TESS Toronto emotional speech set data\YAF_sad\YAF_deep_sad.wav,TESS,YAF,sad,sad,YAF_deep_sad,YAF_deep_sad.wav,train
C:\Users\34722\OneDrive\Escritorio\TFG\Reconocimiento emociones audio\RavdessTessSavee\datos_crudos\tess\TESS Toronto emotional speech set data\YAF_sad\YAF_dime_sad.wav,TESS,YAF,sad,sad,YAF_dime_sad,YAF_dime_sad.wav,valid
C:\Users\34722\OneDrive\Escritorio\TFG\Reconocimiento emociones audio\RavdessTessSavee\datos_crudos\tess\TESS Toronto emotional speech set data\YAF_sad\YAF_dip_sad.wav,TESS,YAF,sad,sad,YAF_dip_sad,YAF_dip_sad.wav,test
C:\Users\34722\OneDrive\Escritorio\TFG\Reconocimiento emociones audio\RavdessTessSavee\datos_crudos\tess\TESS Toronto emotional speech set data\YAF_sad\YAF_ditch_sad.wav,TESS,YAF,sad,sad,YAF_ditch_sad,YAF_ditch_sad.wav,train
C:\Users\34722\OneDrive\Escritorio\TFG\Reconocimiento emociones audio\RavdessTessSavee\datos_crudos\tess\TESS Toronto emotional speech set data\YAF_sad\YAF_dodge_sad.wav,TESS,YAF,sad,sad,YAF_dodge_sad,YAF_dodge_sad.wav,train
C:\Users\34722\OneDrive\Escritorio\TFG\Reconocimiento emociones audio\RavdessTessSavee\datos_crudos\tess\TESS Toronto emotional speech set data\YAF_sad\YAF_dog_sad.wav,TESS,YAF,sad,sad,YAF_dog_sad,YAF_dog_sad.wav,train
C:\Users\34722\OneDrive\Escritorio\TFG\Reconocimiento emociones audio\RavdessTessSavee\datos_crudos\tess\TESS Toronto emotional speech set data\YAF_sad\YAF_doll_sad.wav,TESS,YAF,sad,sad,YAF_doll_sad,YAF_doll_sad.wav,train
C:\Users\34722\OneDrive\Escritorio\TFG\Reconocimiento emociones audio\RavdessTessSavee\datos_crudos\tess\TESS Toronto emotional speech set data\YAF_sad\YAF_door_sad.wav,TESS,YAF,sad,sad,YAF_door_sad,YAF_door_sad.wav,train
C:\Users\34722\OneDrive\Escritorio\TFG\Reconocimiento emociones audio\RavdessTessSavee\datos_crudos\tess\TESS Toronto emotional speech set data\YAF_sad\YAF_fail_sad.wav,TESS,YAF,sad,sad,YAF_fail_sad,YAF_fail_sad.wav,train
C:\Users\34722\OneDrive\Escritorio\TFG\Reconocimiento emociones audio\RavdessTessSavee\datos_crudos\tess\TESS Toronto emotional speech set data\YAF_sad\YAF_fall_sad.wav,TESS,YAF,sad,sad,YAF_fall_sad,YAF_fall_sad.wav,train
C:\Users\34722\OneDrive\Escritorio\TFG\Reconocimiento emociones audio\RavdessTessSavee\datos_crudos\tess\TESS Toronto emotional speech set data\YAF_sad\YAF_far_sad.wav,TESS,YAF,sad,sad,YAF_far_sad,YAF_far_sad.wav,train
C:\Users\34722\OneDrive\Escritorio\TFG\Reconocimiento emociones audio\RavdessTessSavee\datos_crudos\tess\TESS Toronto emotional speech set data\YAF_sad\YAF_fat_sad.wav,TESS,YAF,sad,sad,YAF_fat_sad,YAF_fat_sad.wav,train
C:\Users\34722\OneDrive\Escritorio\TFG\Reconocimiento emociones audio\RavdessTessSavee\datos_crudos\tess\TESS Toronto emotional speech set data\YAF_sad\YAF_fit_sad.wav,TESS,YAF,sad,sad,YAF_fit_sad,YAF_fit_sad.wav,train
C:\Users\34722\OneDrive\Escritorio\TFG\Reconocimiento emociones audio\RavdessTessSavee\datos_crudos\tess\TESS Toronto emotional speech set data\YAF_sad\YAF_five_sad.wav,TESS,YAF,sad,sad,YAF_five_sad,YAF_five_sad.wav,valid
C:\Users\34722\OneDrive\Escritorio\TFG\Reconocimiento emociones audio\RavdessTessSavee\datos_crudos\tess\TESS Toronto emotional speech set data\YAF_sad\YAF_food_sad.wav,TESS,YAF,sad,sad,YAF_food_sad,YAF_food_sad.wav,test
C:\Users\34722\OneDrive\Escritorio\TFG\Reconocimiento emociones audio\RavdessTessSavee\datos_crudos\tess\TESS Toronto emotional speech set data\YAF_sad\YAF_gap_sad.wav,TESS,YAF,sad,sad,YAF_gap_sad,YAF_gap_sad.wav,train
C:\Users\34722\OneDrive\Escritorio\TFG\Reconocimiento emociones audio\RavdessTessSavee\datos_crudos\tess\TESS Toronto emotional speech set data\YAF_sad\YAF_gas_sad.wav,TESS,YAF,sad,sad,YAF_gas_sad,YAF_gas_sad.wav,train
C:\Users\34722\OneDrive\Escritorio\TFG\Reconocimiento emociones audio\RavdessTessSavee\datos_crudos\tess\TESS Toronto emotional speech set data\YAF_sad\YAF_gaze_sad.wav,TESS,YAF,sad,sad,YAF_gaze_sad,YAF_gaze_sad.wav,test
C:\Users\34722\OneDrive\Escritorio\TFG\Reconocimiento emociones audio\RavdessTessSavee\datos_crudos\tess\TESS Toronto emotional speech set data\YAF_sad\YAF_germ_sad.wav,TESS,YAF,sad,sad,YAF_germ_sad,YAF_germ_sad.wav,test
C:\Users\34722\OneDrive\Escritorio\TFG\Reconocimiento emociones audio\RavdessTessSavee\datos_crudos\tess\TESS Toronto emotional speech set data\YAF_sad\YAF_get_sad.wav,TESS,YAF,sad,sad,YAF_get_sad,YAF_get_sad.wav,train
C:\Users\34722\OneDrive\Escritorio\TFG\Reconocimiento emociones audio\RavdessTessSavee\datos_crudos\tess\TESS Toronto emotional speech set data\YAF_sad\YAF_gin_sad.wav,TESS,YAF,sad,sad,YAF_gin_sad,YAF_gin_sad.wav,train
C:\Users\34722\OneDrive\Escritorio\TFG\Reconocimiento emociones audio\RavdessTessSavee\datos_crudos\tess\TESS Toronto emotional speech set data\YAF_sad\YAF_goal_sad.wav,TESS,YAF,sad,sad,YAF_goal_sad,YAF_goal_sad.wav,train
C:\Users\34722\OneDrive\Escritorio\TFG\Reconocimiento emociones audio\RavdessTessSavee\datos_crudos\tess\TESS Toronto emotional speech set data\YAF_sad\YAF_good_sad.wav,TESS,YAF,sad,sad,YAF_good_sad,YAF_good_sad.wav,test
C:\Users\34722\OneDrive\Escritorio\TFG\Reconocimiento emociones audio\RavdessTessSavee\datos_crudos\tess\TESS Toronto emotional speech set data\YAF_sad\YAF_goose_sad.wav,TESS,YAF,sad,sad,YAF_goose_sad,YAF_goose_sad.wav,valid
C:\Users\34722\OneDrive\Escritorio\TFG\Reconocimiento emociones audio\RavdessTessSavee\datos_crudos\tess\TESS Toronto emotional speech set data\YAF_sad\YAF_gun_sad.wav,TESS,YAF,sad,sad,YAF_gun_sad,YAF_gun_sad.wav,train
C:\Users\34722\OneDrive\Escritorio\TFG\Reconocimiento emociones audio\RavdessTessSavee\datos_crudos\tess\TESS Toronto emotional speech set data\YAF_sad\YAF_half_sad.wav,TESS,YAF,sad,sad,YAF_half_sad,YAF_half_sad.wav,test
C:\Users\34722\OneDrive\Escritorio\TFG\Reconocimiento emociones audio\RavdessTessSavee\datos_crudos\tess\TESS Toronto emotional speech set data\YAF_sad\YAF_hall_sad.wav,TESS,YAF,sad,sad,YAF_hall_sad,YAF_hall_sad.wav,train
C:\Users\34722\OneDrive\Escritorio\TFG\Reconocimiento emociones audio\RavdessTessSavee\datos_crudos\tess\TESS Toronto emotional speech set data\YAF_sad\YAF_hash_sad.wav,TESS,YAF,sad,sad,YAF_hash_sad,YAF_hash_sad.wav,valid
C:\Users\34722\OneDrive\Escritorio\TFG\Reconocimiento emociones audio\RavdessTessSavee\datos_crudos\tess\TESS Toronto emotional speech set data\YAF_sad\YAF_hate_sad.wav,TESS,YAF,sad,sad,YAF_hate_sad,YAF_hate_sad.wav,train
C:\Users\34722\OneDrive\Escritorio\TFG\Reconocimiento emociones audio\RavdessTessSavee\datos_crudos\tess\TESS Toronto emotional speech set data\YAF_sad\YAF_have_sad.wav,TESS,YAF,sad,sad,YAF_have_sad,YAF_have_sad.wav,train
C:\Users\34722\OneDrive\Escritorio\TFG\Reconocimiento emociones audio\RavdessTessSavee\datos_crudos\tess\TESS Toronto emotional speech set data\YAF_sad\YAF_haze_sad.wav,TESS,YAF,sad,sad,YAF_haze_sad,YAF_haze_sad.wav,train
C:\Users\34722\OneDrive\Escritorio\TFG\Reconocimiento emociones audio\RavdessTessSavee\datos_crudos\tess\TESS Toronto emotional speech set data\YAF_sad\YAF_hire_sad.wav,TESS,YAF,sad,sad,YAF_hire_sad,YAF_hire_sad.wav,valid
C:\Users\34722\OneDrive\Escritorio\TFG\Reconocimiento emociones audio\RavdessTessSavee\datos_crudos\tess\TESS Toronto emotional speech set data\YAF_sad\YAF_hit_sad.wav,TESS,YAF,sad,sad,YAF_hit_sad,YAF_hit_sad.wav,test
C:\Users\34722\OneDrive\Escritorio\TFG\Reconocimiento emociones audio\RavdessTessSavee\datos_crudos\tess\TESS Toronto emotional speech set data\YAF_sad\YAF_hole_sad.wav,TESS,YAF,sad,sad,YAF_hole_sad,YAF_hole_sad.wav,valid
C:\Users\34722\OneDrive\Escritorio\TFG\Reconocimiento emociones audio\RavdessTessSavee\datos_crudos\tess\TESS Toronto emotional speech set data\YAF_sad\YAF_home_sad.wav,TESS,YAF,sad,sad,YAF_home_sad,YAF_home_sad.wav,train
C:\Users\34722\OneDrive\Escritorio\TFG\Reconocimiento emociones audio\RavdessTessSavee\datos_crudos\tess\TESS Toronto emotional speech set data\YAF_sad\YAF_hurl_sad.wav,TESS,YAF,sad,sad,YAF_hurl_sad,YAF_hurl_sad.wav,train
C:\Users\34722\OneDrive\Escritorio\TFG\Reconocimiento emociones audio\RavdessTessSavee\datos_crudos\tess\TESS Toronto emotional speech set data\YAF_sad\YAF_hush_sad.wav,TESS,YAF,sad,sad,YAF_hush_sad,YAF_hush_sad.wav,train
C:\Users\34722\OneDrive\Escritorio\TFG\Reconocimiento emociones audio\RavdessTessSavee\datos_crudos\tess\TESS Toronto emotional speech set data\YAF_sad\YAF_jail_sad.wav,TESS,YAF,sad,sad,YAF_jail_sad,YAF_jail_sad.wav,valid
C:\Users\34722\OneDrive\Escritorio\TFG\Reconocimiento emociones audio\RavdessTessSavee\datos_crudos\tess\TESS Toronto emotional speech set data\YAF_sad\YAF_jar_sad.wav,TESS,YAF,sad,sad,YAF_jar_sad,YAF_jar_sad.wav,valid
C:\Users\34722\OneDrive\Escritorio\TFG\Reconocimiento emociones audio\RavdessTessSavee\datos_crudos\tess\TESS Toronto emotional speech set data\YAF_sad\YAF_join_sad.wav,TESS,YAF,sad,sad,YAF_join_sad,YAF_join_sad.wav,train
C:\Users\34722\OneDrive\Escritorio\TFG\Reconocimiento emociones audio\RavdessTessSavee\datos_crudos\tess\TESS Toronto emotional speech set data\YAF_sad\YAF_judge_sad.wav,TESS,YAF,sad,sad,YAF_judge_sad,YAF_judge_sad.wav,valid
C:\Users\34722\OneDrive\Escritorio\TFG\Reconocimiento emociones audio\RavdessTessSavee\datos_crudos\tess\TESS Toronto emotional speech set data\YAF_sad\YAF_jug_sad.wav,TESS,YAF,sad,sad,YAF_jug_sad,YAF_jug_sad.wav,train
C:\Users\34722\OneDrive\Escritorio\TFG\Reconocimiento emociones audio\RavdessTessSavee\datos_crudos\tess\TESS Toronto emotional speech set data\YAF_sad\YAF_juice_sad.wav,TESS,YAF,sad,sad,YAF_juice_sad,YAF_juice_sad.wav,train
C:\Users\34722\OneDrive\Escritorio\TFG\Reconocimiento emociones audio\RavdessTessSavee\datos_crudos\tess\TESS Toronto emotional speech set data\YAF_sad\YAF_keen_sad.wav,TESS,YAF,sad,sad,YAF_keen_sad,YAF_keen_sad.wav,train
C:\Users\34722\OneDrive\Escritorio\TFG\Reconocimiento emociones audio\RavdessTessSavee\datos_crudos\tess\TESS Toronto emotional speech set data\YAF_sad\YAF_keep_sad.wav,TESS,YAF,sad,sad,YAF_keep_sad,YAF_keep_sad.wav,test
C:\Users\34722\OneDrive\Escritorio\TFG\Reconocimiento emociones audio\RavdessTessSavee\datos_crudos\tess\TESS Toronto emotional speech set data\YAF_sad\YAF_keg_sad.wav,TESS,YAF,sad,sad,YAF_keg_sad,YAF_keg_sad.wav,test
C:\Users\34722\OneDrive\Escritorio\TFG\Reconocimiento emociones audio\RavdessTessSavee\datos_crudos\tess\TESS Toronto emotional speech set data\YAF_sad\YAF_kick_sad.wav,TESS,YAF,sad,sad,YAF_kick_sad,YAF_kick_sad.wav,valid
C:\Users\34722\OneDrive\Escritorio\TFG\Reconocimiento emociones audio\RavdessTessSavee\datos_crudos\tess\TESS Toronto emotional speech set data\YAF_sad\YAF_kill_sad.wav,TESS,YAF,sad,sad,YAF_kill_sad,YAF_kill_sad.wav,train
C:\Users\34722\OneDrive\Escritorio\TFG\Reconocimiento emociones audio\RavdessTessSavee\datos_crudos\tess\TESS Toronto emotional speech set data\YAF_sad\YAF_king_sad.wav,TESS,YAF,sad,sad,YAF_king_sad,YAF_king_sad.wav,train
C:\Users\34722\OneDrive\Escritorio\TFG\Reconocimiento emociones audio\RavdessTessSavee\datos_crudos\tess\TESS Toronto emotional speech set data\YAF_sad\YAF_kite_sad.wav,TESS,YAF,sad,sad,YAF_kite_sad,YAF_kite_sad.wav,test
C:\Users\34722\OneDrive\Escritorio\TFG\Reconocimiento emociones audio\RavdessTessSavee\datos_crudos\tess\TESS Toronto emotional speech set data\YAF_sad\YAF_knock_sad.wav,TESS,YAF,sad,sad,YAF_knock_sad,YAF_knock_sad.wav,train
C:\Users\34722\OneDrive\Escritorio\TFG\Reconocimiento emociones audio\RavdessTessSavee\datos_crudos\tess\TESS Toronto emotional speech set data\YAF_sad\YAF_late_sad.wav,TESS,YAF,sad,sad,YAF_late_sad,YAF_late_sad.wav,valid
C:\Users\34722\OneDrive\Escritorio\TFG\Reconocimiento emociones audio\RavdessTessSavee\datos_crudos\tess\TESS Toronto emotional speech set data\YAF_sad\YAF_laud_sad.wav,TESS,YAF,sad,sad,YAF_laud_sad,YAF_laud_sad.wav,train
C:\Users\34722\OneDrive\Escritorio\TFG\Reconocimiento emociones audio\RavdessTessSavee\datos_crudos\tess\TESS Toronto emotional speech set data\YAF_sad\YAF_lean_sad.wav,TESS,YAF,sad,sad,YAF_lean_sad,YAF_lean_sad.wav,train
C:\Users\34722\OneDrive\Escritorio\TFG\Reconocimiento emociones audio\RavdessTessSavee\datos_crudos\tess\TESS Toronto emotional speech set data\YAF_sad\YAF_learn_sad.wav,TESS,YAF,sad,sad,YAF_learn_sad,YAF_learn_sad.wav,train
C:\Users\34722\OneDrive\Escritorio\TFG\Reconocimiento emociones audio\RavdessTessSavee\datos_crudos\tess\TESS Toronto emotional speech set data\YAF_sad\YAF_lease_sad.wav,TESS,YAF,sad,sad,YAF_lease_sad,YAF_lease_sad.wav,train
C:\Users\34722\OneDrive\Escritorio\TFG\Reconocimiento emociones audio\RavdessTessSavee\datos_crudos\tess\TESS Toronto emotional speech set data\YAF_sad\YAF_lid_sad.wav,TESS,YAF,sad,sad,YAF_lid_sad,YAF_lid_sad.wav,valid
C:\Users\34722\OneDrive\Escritorio\TFG\Reconocimiento emociones audio\RavdessTessSavee\datos_crudos\tess\TESS Toronto emotional speech set data\YAF_sad\YAF_life_sad.wav,TESS,YAF,sad,sad,YAF_life_sad,YAF_life_sad.wav,train
C:\Users\34722\OneDrive\Escritorio\TFG\Reconocimiento emociones audio\RavdessTessSavee\datos_crudos\tess\TESS Toronto emotional speech set data\YAF_sad\YAF_limb_sad.wav,TESS,YAF,sad,sad,YAF_limb_sad,YAF_limb_sad.wav,train
C:\Users\34722\OneDrive\Escritorio\TFG\Reconocimiento emociones audio\RavdessTessSavee\datos_crudos\tess\TESS Toronto emotional speech set data\YAF_sad\YAF_live_sad.wav,TESS,YAF,sad,sad,YAF_live_sad,YAF_live_sad.wav,train
C:\Users\34722\OneDrive\Escritorio\TFG\Reconocimiento emociones audio\RavdessTessSavee\datos_crudos\tess\TESS Toronto emotional speech set data\YAF_sad\YAF_loaf_sad.wav,TESS,YAF,sad,sad,YAF_loaf_sad,YAF_loaf_sad.wav,train
C:\Users\34722\OneDrive\Escritorio\TFG\Reconocimiento emociones audio\RavdessTessSavee\datos_crudos\tess\TESS Toronto emotional speech set data\YAF_sad\YAF_long_sad.wav,TESS,YAF,sad,sad,YAF_long_sad,YAF_long_sad.wav,train
C:\Users\34722\OneDrive\Escritorio\TFG\Reconocimiento emociones audio\RavdessTessSavee\datos_crudos\tess\TESS Toronto emotional speech set data\YAF_sad\YAF_lore_sad.wav,TESS,YAF,sad,sad,YAF_lore_sad,YAF_lore_sad.wav,train
C:\Users\34722\OneDrive\Escritorio\TFG\Reconocimiento emociones audio\RavdessTessSavee\datos_crudos\tess\TESS Toronto emotional speech set data\YAF_sad\YAF_lose_sad.wav,TESS,YAF,sad,sad,YAF_lose_sad,YAF_lose_sad.wav,test
C:\Users\34722\OneDrive\Escritorio\TFG\Reconocimiento emociones audio\RavdessTessSavee\datos_crudos\tess\TESS Toronto emotional speech set data\YAF_sad\YAF_lot_sad.wav,TESS,YAF,sad,sad,YAF_lot_sad,YAF_lot_sad.wav,test
C:\Users\34722\OneDrive\Escritorio\TFG\Reconocimiento emociones audio\RavdessTessSavee\datos_crudos\tess\TESS Toronto emotional speech set data\YAF_sad\YAF_love_sad.wav,TESS,YAF,sad,sad,YAF_love_sad,YAF_love_sad.wav,train
C:\Users\34722\OneDrive\Escritorio\TFG\Reconocimiento emociones audio\RavdessTessSavee\datos_crudos\tess\TESS Toronto emotional speech set data\YAF_sad\YAF_luck_sad.wav,TESS,YAF,sad,sad,YAF_luck_sad,YAF_luck_sad.wav,test
C:\Users\34722\OneDrive\Escritorio\TFG\Reconocimiento emociones audio\RavdessTessSavee\datos_crudos\tess\TESS Toronto emotional speech set data\YAF_sad\YAF_make_sad.wav,TESS,YAF,sad,sad,YAF_make_sad,YAF_make_sad.wav,train
C:\Users\34722\OneDrive\Escritorio\TFG\Reconocimiento emociones audio\RavdessTessSavee\datos_crudos\tess\TESS Toronto emotional speech set data\YAF_sad\YAF_match_sad.wav,TESS,YAF,sad,sad,YAF_match_sad,YAF_match_sad.wav,train
C:\Users\34722\OneDrive\Escritorio\TFG\Reconocimiento emociones audio\RavdessTessSavee\datos_crudos\tess\TESS Toronto emotional speech set data\YAF_sad\YAF_merge_sad.wav,TESS,YAF,sad,sad,YAF_merge_sad,YAF_merge_sad.wav,test
C:\Users\34722\OneDrive\Escritorio\TFG\Reconocimiento emociones audio\RavdessTessSavee\datos_crudos\tess\TESS Toronto emotional speech set data\YAF_sad\YAF_mess_sad.wav,TESS,YAF,sad,sad,YAF_mess_sad,YAF_mess_sad.wav,train
C:\Users\34722\OneDrive\Escritorio\TFG\Reconocimiento emociones audio\RavdessTessSavee\datos_crudos\tess\TESS Toronto emotional speech set data\YAF_sad\YAF_met_sad.wav,TESS,YAF,sad,sad,YAF_met_sad,YAF_met_sad.wav,train
C:\Users\34722\OneDrive\Escritorio\TFG\Reconocimiento emociones audio\RavdessTessSavee\datos_crudos\tess\TESS Toronto emotional speech set data\YAF_sad\YAF_mill_sad.wav,TESS,YAF,sad,sad,YAF_mill_sad,YAF_mill_sad.wav,train
C:\Users\34722\OneDrive\Escritorio\TFG\Reconocimiento emociones audio\RavdessTessSavee\datos_crudos\tess\TESS Toronto emotional speech set data\YAF_sad\YAF_mob_sad.wav,TESS,YAF,sad,sad,YAF_mob_sad,YAF_mob_sad.wav,train
C:\Users\34722\OneDrive\Escritorio\TFG\Reconocimiento emociones audio\RavdessTessSavee\datos_crudos\tess\TESS Toronto emotional speech set data\YAF_sad\YAF_mode_sad.wav,TESS,YAF,sad,sad,YAF_mode_sad,YAF_mode_sad.wav,train
C:\Users\34722\OneDrive\Escritorio\TFG\Reconocimiento emociones audio\RavdessTessSavee\datos_crudos\tess\TESS Toronto emotional speech set data\YAF_sad\YAF_mood_sad.wav,TESS,YAF,sad,sad,YAF_mood_sad,YAF_mood_sad.wav,valid
C:\Users\34722\OneDrive\Escritorio\TFG\Reconocimiento emociones audio\RavdessTessSavee\datos_crudos\tess\TESS Toronto emotional speech set data\YAF_sad\YAF_moon_sad.wav,TESS,YAF,sad,sad,YAF_moon_sad,YAF_moon_sad.wav,test
C:\Users\34722\OneDrive\Escritorio\TFG\Reconocimiento emociones audio\RavdessTessSavee\datos_crudos\tess\TESS Toronto emotional speech set data\YAF_sad\YAF_mop_sad.wav,TESS,YAF,sad,sad,YAF_mop_sad,YAF_mop_sad.wav,train
C:\Users\34722\OneDrive\Escritorio\TFG\Reconocimiento emociones audio\RavdessTessSavee\datos_crudos\tess\TESS Toronto emotional speech set data\YAF_sad\YAF_mouse_sad.wav,TESS,YAF,sad,sad,YAF_mouse_sad,YAF_mouse_sad.wav,train
C:\Users\34722\OneDrive\Escritorio\TFG\Reconocimiento emociones audio\RavdessTessSavee\datos_crudos\tess\TESS Toronto emotional speech set data\YAF_sad\YAF_nag_sad.wav,TESS,YAF,sad,sad,YAF_nag_sad,YAF_nag_sad.wav,valid
C:\Users\34722\OneDrive\Escritorio\TFG\Reconocimiento emociones audio\RavdessTessSavee\datos_crudos\tess\TESS Toronto emotional speech set data\YAF_sad\YAF_name_sad.wav,TESS,YAF,sad,sad,YAF_name_sad,YAF_name_sad.wav,train
C:\Users\34722\OneDrive\Escritorio\TFG\Reconocimiento emociones audio\RavdessTessSavee\datos_crudos\tess\TESS Toronto emotional speech set data\YAF_sad\YAF_near_sad.wav,TESS,YAF,sad,sad,YAF_near_sad,YAF_near_sad.wav,train
C:\Users\34722\OneDrive\Escritorio\TFG\Reconocimiento emociones audio\RavdessTessSavee\datos_crudos\tess\TESS Toronto emotional speech set data\YAF_sad\YAF_neat_sad.wav,TESS,YAF,sad,sad,YAF_neat_sad,YAF_neat_sad.wav,train
C:\Users\34722\OneDrive\Escritorio\TFG\Reconocimiento emociones audio\RavdessTessSavee\datos_crudos\tess\TESS Toronto emotional speech set data\YAF_sad\YAF_nice_sad.wav,TESS,YAF,sad,sad,YAF_nice_sad,YAF_nice_sad.wav,train
C:\Users\34722\OneDrive\Escritorio\TFG\Reconocimiento emociones audio\RavdessTessSavee\datos_crudos\tess\TESS Toronto emotional speech set data\YAF_sad\YAF_note_sad.wav,TESS,YAF,sad,sad,YAF_note_sad,YAF_note_sad.wav,train
C:\Users\34722\OneDrive\Escritorio\TFG\Reconocimiento emociones audio\RavdessTessSavee\datos_crudos\tess\TESS Toronto emotional speech set data\YAF_sad\YAF_numb_sad.wav,TESS,YAF,sad,sad,YAF_numb_sad,YAF_numb_sad.wav,train
C:\Users\34722\OneDrive\Escritorio\TFG\Reconocimiento emociones audio\RavdessTessSavee\datos_crudos\tess\TESS Toronto emotional speech set data\YAF_sad\YAF_pad_sad.wav,TESS,YAF,sad,sad,YAF_pad_sad,YAF_pad_sad.wav,train
C:\Users\34722\OneDrive\Escritorio\TFG\Reconocimiento emociones audio\RavdessTessSavee\datos_crudos\tess\TESS Toronto emotional speech set data\YAF_sad\YAF_page_sad.wav,TESS,YAF,sad,sad,YAF_page_sad,YAF_page_sad.wav,train
C:\Users\34722\OneDrive\Escritorio\TFG\Reconocimiento emociones audio\RavdessTessSavee\datos_crudos\tess\TESS Toronto emotional speech set data\YAF_sad\YAF_pain_sad.wav,TESS,YAF,sad,sad,YAF_pain_sad,YAF_pain_sad.wav,train
C:\Users\34722\OneDrive\Escritorio\TFG\Reconocimiento emociones audio\RavdessTessSavee\datos_crudos\tess\TESS Toronto emotional speech set data\YAF_sad\YAF_pass_sad.wav,TESS,YAF,sad,sad,YAF_pass_sad,YAF_pass_sad.wav,train
C:\Users\34722\OneDrive\Escritorio\TFG\Reconocimiento emociones audio\RavdessTessSavee\datos_crudos\tess\TESS Toronto emotional speech set data\YAF_sad\YAF_pearl_sad.wav,TESS,YAF,sad,sad,YAF_pearl_sad,YAF_pearl_sad.wav,test
C:\Users\34722\OneDrive\Escritorio\TFG\Reconocimiento emociones audio\RavdessTessSavee\datos_crudos\tess\TESS Toronto emotional speech set data\YAF_sad\YAF_peg_sad.wav,TESS,YAF,sad,sad,YAF_peg_sad,YAF_peg_sad.wav,train
C:\Users\34722\OneDrive\Escritorio\TFG\Reconocimiento emociones audio\RavdessTessSavee\datos_crudos\tess\TESS Toronto emotional speech set data\YAF_sad\YAF_perch_sad.wav,TESS,YAF,sad,sad,YAF_perch_sad,YAF_perch_sad.wav,train
C:\Users\34722\OneDrive\Escritorio\TFG\Reconocimiento emociones audio\RavdessTessSavee\datos_crudos\tess\TESS Toronto emotional speech set data\YAF_sad\YAF_phone_sad.wav,TESS,YAF,sad,sad,YAF_phone_sad,YAF_phone_sad.wav,valid
C:\Users\34722\OneDrive\Escritorio\TFG\Reconocimiento emociones audio\RavdessTessSavee\datos_crudos\tess\TESS Toronto emotional speech set data\YAF_sad\YAF_pick_sad.wav,TESS,YAF,sad,sad,YAF_pick_sad,YAF_pick_sad.wav,train
C:\Users\34722\OneDrive\Escritorio\TFG\Reconocimiento emociones audio\RavdessTessSavee\datos_crudos\tess\TESS Toronto emotional speech set data\YAF_sad\YAF_pike_sad.wav,TESS,YAF,sad,sad,YAF_pike_sad,YAF_pike_sad.wav,train
C:\Users\34722\OneDrive\Escritorio\TFG\Reconocimiento emociones audio\RavdessTessSavee\datos_crudos\tess\TESS Toronto emotional speech set data\YAF_sad\YAF_pole_sad.wav,TESS,YAF,sad,sad,YAF_pole_sad,YAF_pole_sad.wav,train
C:\Users\34722\OneDrive\Escritorio\TFG\Reconocimiento emociones audio\RavdessTessSavee\datos_crudos\tess\TESS Toronto emotional speech set data\YAF_sad\YAF_pool_sad.wav,TESS,YAF,sad,sad,YAF_pool_sad,YAF_pool_sad.wav,train
C:\Users\34722\OneDrive\Escritorio\TFG\Reconocimiento emociones audio\RavdessTessSavee\datos_crudos\tess\TESS Toronto emotional speech set data\YAF_sad\YAF_puff_sad.wav,TESS,YAF,sad,sad,YAF_puff_sad,YAF_puff_sad.wav,train
C:\Users\34722\OneDrive\Escritorio\TFG\Reconocimiento emociones audio\RavdessTessSavee\datos_crudos\tess\TESS Toronto emotional speech set data\YAF_sad\YAF_rag_sad.wav,TESS,YAF,sad,sad,YAF_rag_sad,YAF_rag_sad.wav,train
C:\Users\34722\OneDrive\Escritorio\TFG\Reconocimiento emociones audio\RavdessTessSavee\datos_crudos\tess\TESS Toronto emotional speech set data\YAF_sad\YAF_raid_sad.wav,TESS,YAF,sad,sad,YAF_raid_sad,YAF_raid_sad.wav,train
C:\Users\34722\OneDrive\Escritorio\TFG\Reconocimiento emociones audio\RavdessTessSavee\datos_crudos\tess\TESS Toronto emotional speech set data\YAF_sad\YAF_rain_sad.wav,TESS,YAF,sad,sad,YAF_rain_sad,YAF_rain_sad.wav,train
C:\Users\34722\OneDrive\Escritorio\TFG\Reconocimiento emociones audio\RavdessTessSavee\datos_crudos\tess\TESS Toronto emotional speech set data\YAF_sad\YAF_raise_sad.wav,TESS,YAF,sad,sad,YAF_raise_sad,YAF_raise_sad.wav,train
C:\Users\34722\OneDrive\Escritorio\TFG\Reconocimiento emociones audio\RavdessTessSavee\datos_crudos\tess\TESS Toronto emotional speech set data\YAF_sad\YAF_rat_sad.wav,TESS,YAF,sad,sad,YAF_rat_sad,YAF_rat_sad.wav,test
C:\Users\34722\OneDrive\Escritorio\TFG\Reconocimiento emociones audio\RavdessTessSavee\datos_crudos\tess\TESS Toronto emotional speech set data\YAF_sad\YAF_reach_sad.wav,TESS,YAF,sad,sad,YAF_reach_sad,YAF_reach_sad.wav,train
C:\Users\34722\OneDrive\Escritorio\TFG\Reconocimiento emociones audio\RavdessTessSavee\datos_crudos\tess\TESS Toronto emotional speech set data\YAF_sad\YAF_read_sad.wav,TESS,YAF,sad,sad,YAF_read_sad,YAF_read_sad.wav,train
C:\Users\34722\OneDrive\Escritorio\TFG\Reconocimiento emociones audio\RavdessTessSavee\datos_crudos\tess\TESS Toronto emotional speech set data\YAF_sad\YAF_red_sad.wav,TESS,YAF,sad,sad,YAF_red_sad,YAF_red_sad.wav,train
C:\Users\34722\OneDrive\Escritorio\TFG\Reconocimiento emociones audio\RavdessTessSavee\datos_crudos\tess\TESS Toronto emotional speech set data\YAF_sad\YAF_ring_sad.wav,TESS,YAF,sad,sad,YAF_ring_sad,YAF_ring_sad.wav,train
C:\Users\34722\OneDrive\Escritorio\TFG\Reconocimiento emociones audio\RavdessTessSavee\datos_crudos\tess\TESS Toronto emotional speech set data\YAF_sad\YAF_ripe_sad.wav,TESS,YAF,sad,sad,YAF_ripe_sad,YAF_ripe_sad.wav,train
C:\Users\34722\OneDrive\Escritorio\TFG\Reconocimiento emociones audio\RavdessTessSavee\datos_crudos\tess\TESS Toronto emotional speech set data\YAF_sad\YAF_road_sad.wav,TESS,YAF,sad,sad,YAF_road_sad,YAF_road_sad.wav,valid
C:\Users\34722\OneDrive\Escritorio\TFG\Reconocimiento emociones audio\RavdessTessSavee\datos_crudos\tess\TESS Toronto emotional speech set data\YAF_sad\YAF_room_sad.wav,TESS,YAF,sad,sad,YAF_room_sad,YAF_room_sad.wav,train
C:\Users\34722\OneDrive\Escritorio\TFG\Reconocimiento emociones audio\RavdessTessSavee\datos_crudos\tess\TESS Toronto emotional speech set data\YAF_sad\YAF_rose_sad.wav,TESS,YAF,sad,sad,YAF_rose_sad,YAF_rose_sad.wav,train
C:\Users\34722\OneDrive\Escritorio\TFG\Reconocimiento emociones audio\RavdessTessSavee\datos_crudos\tess\TESS Toronto emotional speech set data\YAF_sad\YAF_rot_sad.wav,TESS,YAF,sad,sad,YAF_rot_sad,YAF_rot_sad.wav,test
C:\Users\34722\OneDrive\Escritorio\TFG\Reconocimiento emociones audio\RavdessTessSavee\datos_crudos\tess\TESS Toronto emotional speech set data\YAF_sad\YAF_rough_sad.wav,TESS,YAF,sad,sad,YAF_rough_sad,YAF_rough_sad.wav,train
C:\Users\34722\OneDrive\Escritorio\TFG\Reconocimiento emociones audio\RavdessTessSavee\datos_crudos\tess\TESS Toronto emotional speech set data\YAF_sad\YAF_rush_sad.wav,TESS,YAF,sad,sad,YAF_rush_sad,YAF_rush_sad.wav,train
C:\Users\34722\OneDrive\Escritorio\TFG\Reconocimiento emociones audio\RavdessTessSavee\datos_crudos\tess\TESS Toronto emotional speech set data\YAF_sad\YAF_said_sad.wav,TESS,YAF,sad,sad,YAF_said_sad,YAF_said_sad.wav,test
C:\Users\34722\OneDrive\Escritorio\TFG\Reconocimiento emociones audio\RavdessTessSavee\datos_crudos\tess\TESS Toronto emotional speech set data\YAF_sad\YAF_sail_sad.wav,TESS,YAF,sad,sad,YAF_sail_sad,YAF_sail_sad.wav,train
C:\Users\34722\OneDrive\Escritorio\TFG\Reconocimiento emociones audio\RavdessTessSavee\datos_crudos\tess\TESS Toronto emotional speech set data\YAF_sad\YAF_search_sad.wav,TESS,YAF,sad,sad,YAF_search_sad,YAF_search_sad.wav,valid
C:\Users\34722\OneDrive\Escritorio\TFG\Reconocimiento emociones audio\RavdessTessSavee\datos_crudos\tess\TESS Toronto emotional speech set data\YAF_sad\YAF_seize_sad.wav,TESS,YAF,sad,sad,YAF_seize_sad,YAF_seize_sad.wav,train
C:\Users\34722\OneDrive\Escritorio\TFG\Reconocimiento emociones audio\RavdessTessSavee\datos_crudos\tess\TESS Toronto emotional speech set data\YAF_sad\YAF_sell_sad.wav,TESS,YAF,sad,sad,YAF_sell_sad,YAF_sell_sad.wav,train
C:\Users\34722\OneDrive\Escritorio\TFG\Reconocimiento emociones audio\RavdessTessSavee\datos_crudos\tess\TESS Toronto emotional speech set data\YAF_sad\YAF_shack_sad.wav,TESS,YAF,sad,sad,YAF_shack_sad,YAF_shack_sad.wav,train
C:\Users\34722\OneDrive\Escritorio\TFG\Reconocimiento emociones audio\RavdessTessSavee\datos_crudos\tess\TESS Toronto emotional speech set data\YAF_sad\YAF_shall_sad.wav,TESS,YAF,sad,sad,YAF_shall_sad,YAF_shall_sad.wav,train
C:\Users\34722\OneDrive\Escritorio\TFG\Reconocimiento emociones audio\RavdessTessSavee\datos_crudos\tess\TESS Toronto emotional speech set data\YAF_sad\YAF_shawl_sad.wav,TESS,YAF,sad,sad,YAF_shawl_sad,YAF_shawl_sad.wav,train
C:\Users\34722\OneDrive\Escritorio\TFG\Reconocimiento emociones audio\RavdessTessSavee\datos_crudos\tess\TESS Toronto emotional speech set data\YAF_sad\YAF_sheep_sad.wav,TESS,YAF,sad,sad,YAF_sheep_sad,YAF_sheep_sad.wav,train
C:\Users\34722\OneDrive\Escritorio\TFG\Reconocimiento emociones audio\RavdessTessSavee\datos_crudos\tess\TESS Toronto emotional speech set data\YAF_sad\YAF_shirt_sad.wav,TESS,YAF,sad,sad,YAF_shirt_sad,YAF_shirt_sad.wav,train
C:\Users\34722\OneDrive\Escritorio\TFG\Reconocimiento emociones audio\RavdessTessSavee\datos_crudos\tess\TESS Toronto emotional speech set data\YAF_sad\YAF_should_sad.wav,TESS,YAF,sad,sad,YAF_should_sad,YAF_should_sad.wav,train
C:\Users\34722\OneDrive\Escritorio\TFG\Reconocimiento emociones audio\RavdessTessSavee\datos_crudos\tess\TESS Toronto emotional speech set data\YAF_sad\YAF_shout_sad.wav,TESS,YAF,sad,sad,YAF_shout_sad,YAF_shout_sad.wav,train
C:\Users\34722\OneDrive\Escritorio\TFG\Reconocimiento emociones audio\RavdessTessSavee\datos_crudos\tess\TESS Toronto emotional speech set data\YAF_sad\YAF_size_sad.wav,TESS,YAF,sad,sad,YAF_size_sad,YAF_size_sad.wav,test
C:\Users\34722\OneDrive\Escritorio\TFG\Reconocimiento emociones audio\RavdessTessSavee\datos_crudos\tess\TESS Toronto emotional speech set data\YAF_sad\YAF_soap_sad.wav,TESS,YAF,sad,sad,YAF_soap_sad,YAF_soap_sad.wav,test
C:\Users\34722\OneDrive\Escritorio\TFG\Reconocimiento emociones audio\RavdessTessSavee\datos_crudos\tess\TESS Toronto emotional speech set data\YAF_sad\YAF_soup_sad.wav,TESS,YAF,sad,sad,YAF_soup_sad,YAF_soup_sad.wav,train
C:\Users\34722\OneDrive\Escritorio\TFG\Reconocimiento emociones audio\RavdessTessSavee\datos_crudos\tess\TESS Toronto emotional speech set data\YAF_sad\YAF_sour_sad.wav,TESS,YAF,sad,sad,YAF_sour_sad,YAF_sour_sad.wav,train
C:\Users\34722\OneDrive\Escritorio\TFG\Reconocimiento emociones audio\RavdessTessSavee\datos_crudos\tess\TESS Toronto emotional speech set data\YAF_sad\YAF_south_sad.wav,TESS,YAF,sad,sad,YAF_south_sad,YAF_south_sad.wav,train
C:\Users\34722\OneDrive\Escritorio\TFG\Reconocimiento emociones audio\RavdessTessSavee\datos_crudos\tess\TESS Toronto emotional speech set data\YAF_sad\YAF_sub_sad.wav,TESS,YAF,sad,sad,YAF_sub_sad,YAF_sub_sad.wav,test
C:\Users\34722\OneDrive\Escritorio\TFG\Reconocimiento emociones audio\RavdessTessSavee\datos_crudos\tess\TESS Toronto emotional speech set data\YAF_sad\YAF_such_sad.wav,TESS,YAF,sad,sad,YAF_such_sad,YAF_such_sad.wav,test
C:\Users\34722\OneDrive\Escritorio\TFG\Reconocimiento emociones audio\RavdessTessSavee\datos_crudos\tess\TESS Toronto emotional speech set data\YAF_sad\YAF_sure_sad.wav,TESS,YAF,sad,sad,YAF_sure_sad,YAF_sure_sad.wav,train
C:\Users\34722\OneDrive\Escritorio\TFG\Reconocimiento emociones audio\RavdessTessSavee\datos_crudos\tess\TESS Toronto emotional speech set data\YAF_sad\YAF_take_sad.wav,TESS,YAF,sad,sad,YAF_take_sad,YAF_take_sad.wav,train
C:\Users\34722\OneDrive\Escritorio\TFG\Reconocimiento emociones audio\RavdessTessSavee\datos_crudos\tess\TESS Toronto emotional speech set data\YAF_sad\YAF_talk_sad.wav,TESS,YAF,sad,sad,YAF_talk_sad,YAF_talk_sad.wav,train
C:\Users\34722\OneDrive\Escritorio\TFG\Reconocimiento emociones audio\RavdessTessSavee\datos_crudos\tess\TESS Toronto emotional speech set data\YAF_sad\YAF_tape_sad.wav,TESS,YAF,sad,sad,YAF_tape_sad,YAF_tape_sad.wav,train
C:\Users\34722\OneDrive\Escritorio\TFG\Reconocimiento emociones audio\RavdessTessSavee\datos_crudos\tess\TESS Toronto emotional speech set data\YAF_sad\YAF_team_sad.wav,TESS,YAF,sad,sad,YAF_team_sad,YAF_team_sad.wav,valid
C:\Users\34722\OneDrive\Escritorio\TFG\Reconocimiento emociones audio\RavdessTessSavee\datos_crudos\tess\TESS Toronto emotional speech set data\YAF_sad\YAF_tell_sad.wav,TESS,YAF,sad,sad,YAF_tell_sad,YAF_tell_sad.wav,train
C:\Users\34722\OneDrive\Escritorio\TFG\Reconocimiento emociones audio\RavdessTessSavee\datos_crudos\tess\TESS Toronto emotional speech set data\YAF_sad\YAF_thin_sad.wav,TESS,YAF,sad,sad,YAF_thin_sad,YAF_thin_sad.wav,valid
C:\Users\34722\OneDrive\Escritorio\TFG\Reconocimiento emociones audio\RavdessTessSavee\datos_crudos\tess\TESS Toronto emotional speech set data\YAF_sad\YAF_third_sad.wav,TESS,YAF,sad,sad,YAF_third_sad,YAF_third_sad.wav,train
C:\Users\34722\OneDrive\Escritorio\TFG\Reconocimiento emociones audio\RavdessTessSavee\datos_crudos\tess\TESS Toronto emotional speech set data\YAF_sad\YAF_thought_sad.wav,TESS,YAF,sad,sad,YAF_thought_sad,YAF_thought_sad.wav,train
C:\Users\34722\OneDrive\Escritorio\TFG\Reconocimiento emociones audio\RavdessTessSavee\datos_crudos\tess\TESS Toronto emotional speech set data\YAF_sad\YAF_thumb_sad.wav,TESS,YAF,sad,sad,YAF_thumb_sad,YAF_thumb_sad.wav,test
C:\Users\34722\OneDrive\Escritorio\TFG\Reconocimiento emociones audio\RavdessTessSavee\datos_crudos\tess\TESS Toronto emotional speech set data\YAF_sad\YAF_time_sad.wav,TESS,YAF,sad,sad,YAF_time_sad,YAF_time_sad.wav,train
C:\Users\34722\OneDrive\Escritorio\TFG\Reconocimiento emociones audio\RavdessTessSavee\datos_crudos\tess\TESS Toronto emotional speech set data\YAF_sad\YAF_tip_sad.wav,TESS,YAF,sad,sad,YAF_tip_sad,YAF_tip_sad.wav,train
C:\Users\34722\OneDrive\Escritorio\TFG\Reconocimiento emociones audio\RavdessTessSavee\datos_crudos\tess\TESS Toronto emotional speech set data\YAF_sad\YAF_tire_sad.wav,TESS,YAF,sad,sad,YAF_tire_sad,YAF_tire_sad.wav,train
C:\Users\34722\OneDrive\Escritorio\TFG\Reconocimiento emociones audio\RavdessTessSavee\datos_crudos\tess\TESS Toronto emotional speech set data\YAF_sad\YAF_ton_sad.wav,TESS,YAF,sad,sad,YAF_ton_sad,YAF_ton_sad.wav,valid
C:\Users\34722\OneDrive\Escritorio\TFG\Reconocimiento emociones audio\RavdessTessSavee\datos_crudos\tess\TESS Toronto emotional speech set data\YAF_sad\YAF_tool_sad.wav,TESS,YAF,sad,sad,YAF_tool_sad,YAF_tool_sad.wav,valid
C:\Users\34722\OneDrive\Escritorio\TFG\Reconocimiento emociones audio\RavdessTessSavee\datos_crudos\tess\TESS Toronto emotional speech set data\YAF_sad\YAF_tough_sad.wav,TESS,YAF,sad,sad,YAF_tough_sad,YAF_tough_sad.wav,test
C:\Users\34722\OneDrive\Escritorio\TFG\Reconocimiento emociones audio\RavdessTessSavee\datos_crudos\tess\TESS Toronto emotional speech set data\YAF_sad\YAF_turn_sad.wav,TESS,YAF,sad,sad,YAF_turn_sad,YAF_turn_sad.wav,train
C:\Users\34722\OneDrive\Escritorio\TFG\Reconocimiento emociones audio\RavdessTessSavee\datos_crudos\tess\TESS Toronto emotional speech set data\YAF_sad\YAF_vine_sad.wav,TESS,YAF,sad,sad,YAF_vine_sad,YAF_vine_sad.wav,train
C:\Users\34722\OneDrive\Escritorio\TFG\Reconocimiento emociones audio\RavdessTessSavee\datos_crudos\tess\TESS Toronto emotional speech set data\YAF_sad\YAF_voice_sad.wav,TESS,YAF,sad,sad,YAF_voice_sad,YAF_voice_sad.wav,test
C:\Users\34722\OneDrive\Escritorio\TFG\Reconocimiento emociones audio\RavdessTessSavee\datos_crudos\tess\TESS Toronto emotional speech set data\YAF_sad\YAF_void_sad.wav,TESS,YAF,sad,sad,YAF_void_sad,YAF_void_sad.wav,test
C:\Users\34722\OneDrive\Escritorio\TFG\Reconocimiento emociones audio\RavdessTessSavee\datos_crudos\tess\TESS Toronto emotional speech set data\YAF_sad\YAF_vote_sad.wav,TESS,YAF,sad,sad,YAF_vote_sad,YAF_vote_sad.wav,valid
C:\Users\34722\OneDrive\Escritorio\TFG\Reconocimiento emociones audio\RavdessTessSavee\datos_crudos\tess\TESS Toronto emotional speech set data\YAF_sad\YAF_wag_sad.wav,TESS,YAF,sad,sad,YAF_wag_sad,YAF_wag_sad.wav,train
C:\Users\34722\OneDrive\Escritorio\TFG\Reconocimiento emociones audio\RavdessTessSavee\datos_crudos\tess\TESS Toronto emotional speech set data\YAF_sad\YAF_walk_sad.wav,TESS,YAF,sad,sad,YAF_walk_sad,YAF_walk_sad.wav,train
C:\Users\34722\OneDrive\Escritorio\TFG\Reconocimiento emociones audio\RavdessTessSavee\datos_crudos\tess\TESS Toronto emotional speech set data\YAF_sad\YAF_wash_sad.wav,TESS,YAF,sad,sad,YAF_wash_sad,YAF_wash_sad.wav,valid
C:\Users\34722\OneDrive\Escritorio\TFG\Reconocimiento emociones audio\RavdessTessSavee\datos_crudos\tess\TESS Toronto emotional speech set data\YAF_sad\YAF_week_sad.wav,TESS,YAF,sad,sad,YAF_week_sad,YAF_week_sad.wav,test
C:\Users\34722\OneDrive\Escritorio\TFG\Reconocimiento emociones audio\RavdessTessSavee\datos_crudos\tess\TESS Toronto emotional speech set data\YAF_sad\YAF_wheat_sad.wav,TESS,YAF,sad,sad,YAF_wheat_sad,YAF_wheat_sad.wav,valid
C:\Users\34722\OneDrive\Escritorio\TFG\Reconocimiento emociones audio\RavdessTessSavee\datos_crudos\tess\TESS Toronto emotional speech set data\YAF_sad\YAF_when_sad.wav,TESS,YAF,sad,sad,YAF_when_sad,YAF_when_sad.wav,valid
C:\Users\34722\OneDrive\Escritorio\TFG\Reconocimiento emociones audio\RavdessTessSavee\datos_crudos\tess\TESS Toronto emotional speech set data\YAF_sad\YAF_which_sad.wav,TESS,YAF,sad,sad,YAF_which_sad,YAF_which_sad.wav,test
C:\Users\34722\OneDrive\Escritorio\TFG\Reconocimiento emociones audio\RavdessTessSavee\datos_crudos\tess\TESS Toronto emotional speech set data\YAF_sad\YAF_whip_sad.wav,TESS,YAF,sad,sad,YAF_whip_sad,YAF_whip_sad.wav,train
C:\Users\34722\OneDrive\Escritorio\TFG\Reconocimiento emociones audio\RavdessTessSavee\datos_crudos\tess\TESS Toronto emotional speech set data\YAF_sad\YAF_white_sad.wav,TESS,YAF,sad,sad,YAF_white_sad,YAF_white_sad.wav,train
C:\Users\34722\OneDrive\Escritorio\TFG\Reconocimiento emociones audio\RavdessTessSavee\datos_crudos\tess\TESS Toronto emotional speech set data\YAF_sad\YAF_wife_sad.wav,TESS,YAF,sad,sad,YAF_wife_sad,YAF_wife_sad.wav,train
C:\Users\34722\OneDrive\Escritorio\TFG\Reconocimiento emociones audio\RavdessTessSavee\datos_crudos\tess\TESS Toronto emotional speech set data\YAF_sad\YAF_wire_sad.wav,TESS,YAF,sad,sad,YAF_wire_sad,YAF_wire_sad.wav,train
C:\Users\34722\OneDrive\Escritorio\TFG\Reconocimiento emociones audio\RavdessTessSavee\datos_crudos\tess\TESS Toronto emotional speech set data\YAF_sad\YAF_witch_sad.wav,TESS,YAF,sad,sad,YAF_witch_sad,YAF_witch_sad.wav,train
C:\Users\34722\OneDrive\Escritorio\TFG\Reconocimiento emociones audio\RavdessTessSavee\datos_crudos\tess\TESS Toronto emotional speech set data\YAF_sad\YAF_yearn_sad.wav,TESS,YAF,sad,sad,YAF_yearn_sad,YAF_yearn_sad.wav,train
C:\Users\34722\OneDrive\Escritorio\TFG\Reconocimiento emociones audio\RavdessTessSavee\datos_crudos\tess\TESS Toronto emotional speech set data\YAF_sad\YAF_yes_sad.wav,TESS,YAF,sad,sad,YAF_yes_sad,YAF_yes_sad.wav,train
C:\Users\34722\OneDrive\Escritorio\TFG\Reconocimiento emociones audio\RavdessTessSavee\datos_crudos\tess\TESS Toronto emotional speech set data\YAF_sad\YAF_young_sad.wav,TESS,YAF,sad,sad,YAF_young_sad,YAF_young_sad.wav,train
C:\Users\34722\OneDrive\Escritorio\TFG\Reconocimiento emociones audio\RavdessTessSavee\datos_crudos\tess\TESS Toronto emotional speech set data\YAF_sad\YAF_youth_sad.wav,TESS,YAF,sad,sad,YAF_youth_sad,YAF_youth_sad.wav,train
C:\Users\34722\OneDrive\Escritorio\TFG\Reconocimiento emociones audio\RavdessTessSavee\datos_crudos\Savee\ALL\DC_a01.wav,SAVEE,DC,angry,a,DC_a01,DC_a01.wav,train
C:\Users\34722\OneDrive\Escritorio\TFG\Reconocimiento emociones audio\RavdessTessSavee\datos_crudos\Savee\ALL\DC_a02.wav,SAVEE,DC,angry,a,DC_a02,DC_a02.wav,train
C:\Users\34722\OneDrive\Escritorio\TFG\Reconocimiento emociones audio\RavdessTessSavee\datos_crudos\Savee\ALL\DC_a03.wav,SAVEE,DC,angry,a,DC_a03,DC_a03.wav,train
C:\Users\34722\OneDrive\Escritorio\TFG\Reconocimiento emociones audio\RavdessTessSavee\datos_crudos\Savee\ALL\DC_a04.wav,SAVEE,DC,angry,a,DC_a04,DC_a04.wav,train
C:\Users\34722\OneDrive\Escritorio\TFG\Reconocimiento emociones audio\RavdessTessSavee\datos_crudos\Savee\ALL\DC_a05.wav,SAVEE,DC,angry,a,DC_a05,DC_a05.wav,train
C:\Users\34722\OneDrive\Escritorio\TFG\Reconocimiento emociones audio\RavdessTessSavee\datos_crudos\Savee\ALL\DC_a06.wav,SAVEE,DC,angry,a,DC_a06,DC_a06.wav,train
C:\Users\34722\OneDrive\Escritorio\TFG\Reconocimiento emociones audio\RavdessTessSavee\datos_crudos\Savee\ALL\DC_a07.wav,SAVEE,DC,angry,a,DC_a07,DC_a07.wav,test
C:\Users\34722\OneDrive\Escritorio\TFG\Reconocimiento emociones audio\RavdessTessSavee\datos_crudos\Savee\ALL\DC_a08.wav,SAVEE,DC,angry,a,DC_a08,DC_a08.wav,valid
C:\Users\34722\OneDrive\Escritorio\TFG\Reconocimiento emociones audio\RavdessTessSavee\datos_crudos\Savee\ALL\DC_a09.wav,SAVEE,DC,angry,a,DC_a09,DC_a09.wav,train
C:\Users\34722\OneDrive\Escritorio\TFG\Reconocimiento emociones audio\RavdessTessSavee\datos_crudos\Savee\ALL\DC_a10.wav,SAVEE,DC,angry,a,DC_a10,DC_a10.wav,train
C:\Users\34722\OneDrive\Escritorio\TFG\Reconocimiento emociones audio\RavdessTessSavee\datos_crudos\Savee\ALL\DC_a11.wav,SAVEE,DC,angry,a,DC_a11,DC_a11.wav,train
C:\Users\34722\OneDrive\Escritorio\TFG\Reconocimiento emociones audio\RavdessTessSavee\datos_crudos\Savee\ALL\DC_a12.wav,SAVEE,DC,angry,a,DC_a12,DC_a12.wav,train
C:\Users\34722\OneDrive\Escritorio\TFG\Reconocimiento emociones audio\RavdessTessSavee\datos_crudos\Savee\ALL\DC_a13.wav,SAVEE,DC,angry,a,DC_a13,DC_a13.wav,train
C:\Users\34722\OneDrive\Escritorio\TFG\Reconocimiento emociones audio\RavdessTessSavee\datos_crudos\Savee\ALL\DC_a14.wav,SAVEE,DC,angry,a,DC_a14,DC_a14.wav,train
C:\Users\34722\OneDrive\Escritorio\TFG\Reconocimiento emociones audio\RavdessTessSavee\datos_crudos\Savee\ALL\DC_a15.wav,SAVEE,DC,angry,a,DC_a15,DC_a15.wav,valid
C:\Users\34722\OneDrive\Escritorio\TFG\Reconocimiento emociones audio\RavdessTessSavee\datos_crudos\Savee\ALL\DC_f01.wav,SAVEE,DC,fearful,f,DC_f01,DC_f01.wav,train
C:\Users\34722\OneDrive\Escritorio\TFG\Reconocimiento emociones audio\RavdessTessSavee\datos_crudos\Savee\ALL\DC_f02.wav,SAVEE,DC,fearful,f,DC_f02,DC_f02.wav,train
C:\Users\34722\OneDrive\Escritorio\TFG\Reconocimiento emociones audio\RavdessTessSavee\datos_crudos\Savee\ALL\DC_f03.wav,SAVEE,DC,fearful,f,DC_f03,DC_f03.wav,test
C:\Users\34722\OneDrive\Escritorio\TFG\Reconocimiento emociones audio\RavdessTessSavee\datos_crudos\Savee\ALL\DC_f04.wav,SAVEE,DC,fearful,f,DC_f04,DC_f04.wav,valid
C:\Users\34722\OneDrive\Escritorio\TFG\Reconocimiento emociones audio\RavdessTessSavee\datos_crudos\Savee\ALL\DC_f05.wav,SAVEE,DC,fearful,f,DC_f05,DC_f05.wav,train
C:\Users\34722\OneDrive\Escritorio\TFG\Reconocimiento emociones audio\RavdessTessSavee\datos_crudos\Savee\ALL\DC_f06.wav,SAVEE,DC,fearful,f,DC_f06,DC_f06.wav,train
C:\Users\34722\OneDrive\Escritorio\TFG\Reconocimiento emociones audio\RavdessTessSavee\datos_crudos\Savee\ALL\DC_f07.wav,SAVEE,DC,fearful,f,DC_f07,DC_f07.wav,train
C:\Users\34722\OneDrive\Escritorio\TFG\Reconocimiento emociones audio\RavdessTessSavee\datos_crudos\Savee\ALL\DC_f08.wav,SAVEE,DC,fearful,f,DC_f08,DC_f08.wav,train
C:\Users\34722\OneDrive\Escritorio\TFG\Reconocimiento emociones audio\RavdessTessSavee\datos_crudos\Savee\ALL\DC_f09.wav,SAVEE,DC,fearful,f,DC_f09,DC_f09.wav,train
C:\Users\34722\OneDrive\Escritorio\TFG\Reconocimiento emociones audio\RavdessTessSavee\datos_crudos\Savee\ALL\DC_f10.wav,SAVEE,DC,fearful,f,DC_f10,DC_f10.wav,train
C:\Users\34722\OneDrive\Escritorio\TFG\Reconocimiento emociones audio\RavdessTessSavee\datos_crudos\Savee\ALL\DC_f11.wav,SAVEE,DC,fearful,f,DC_f11,DC_f11.wav,train
C:\Users\34722\OneDrive\Escritorio\TFG\Reconocimiento emociones audio\RavdessTessSavee\datos_crudos\Savee\ALL\DC_f12.wav,SAVEE,DC,fearful,f,DC_f12,DC_f12.wav,test
C:\Users\34722\OneDrive\Escritorio\TFG\Reconocimiento emociones audio\RavdessTessSavee\datos_crudos\Savee\ALL\DC_f13.wav,SAVEE,DC,fearful,f,DC_f13,DC_f13.wav,train
C:\Users\34722\OneDrive\Escritorio\TFG\Reconocimiento emociones audio\RavdessTessSavee\datos_crudos\Savee\ALL\DC_f14.wav,SAVEE,DC,fearful,f,DC_f14,DC_f14.wav,train
C:\Users\34722\OneDrive\Escritorio\TFG\Reconocimiento emociones audio\RavdessTessSavee\datos_crudos\Savee\ALL\DC_f15.wav,SAVEE,DC,fearful,f,DC_f15,DC_f15.wav,train
C:\Users\34722\OneDrive\Escritorio\TFG\Reconocimiento emociones audio\RavdessTessSavee\datos_crudos\Savee\ALL\DC_h01.wav,SAVEE,DC,happy,h,DC_h01,DC_h01.wav,test
C:\Users\34722\OneDrive\Escritorio\TFG\Reconocimiento emociones audio\RavdessTessSavee\datos_crudos\Savee\ALL\DC_h02.wav,SAVEE,DC,happy,h,DC_h02,DC_h02.wav,train
C:\Users\34722\OneDrive\Escritorio\TFG\Reconocimiento emociones audio\RavdessTessSavee\datos_crudos\Savee\ALL\DC_h03.wav,SAVEE,DC,happy,h,DC_h03,DC_h03.wav,valid
C:\Users\34722\OneDrive\Escritorio\TFG\Reconocimiento emociones audio\RavdessTessSavee\datos_crudos\Savee\ALL\DC_h04.wav,SAVEE,DC,happy,h,DC_h04,DC_h04.wav,train
C:\Users\34722\OneDrive\Escritorio\TFG\Reconocimiento emociones audio\RavdessTessSavee\datos_crudos\Savee\ALL\DC_h05.wav,SAVEE,DC,happy,h,DC_h05,DC_h05.wav,test
C:\Users\34722\OneDrive\Escritorio\TFG\Reconocimiento emociones audio\RavdessTessSavee\datos_crudos\Savee\ALL\DC_h06.wav,SAVEE,DC,happy,h,DC_h06,DC_h06.wav,test
C:\Users\34722\OneDrive\Escritorio\TFG\Reconocimiento emociones audio\RavdessTessSavee\datos_crudos\Savee\ALL\DC_h07.wav,SAVEE,DC,happy,h,DC_h07,DC_h07.wav,valid
C:\Users\34722\OneDrive\Escritorio\TFG\Reconocimiento emociones audio\RavdessTessSavee\datos_crudos\Savee\ALL\DC_h08.wav,SAVEE,DC,happy,h,DC_h08,DC_h08.wav,train
C:\Users\34722\OneDrive\Escritorio\TFG\Reconocimiento emociones audio\RavdessTessSavee\datos_crudos\Savee\ALL\DC_h09.wav,SAVEE,DC,happy,h,DC_h09,DC_h09.wav,valid
C:\Users\34722\OneDrive\Escritorio\TFG\Reconocimiento emociones audio\RavdessTessSavee\datos_crudos\Savee\ALL\DC_h10.wav,SAVEE,DC,happy,h,DC_h10,DC_h10.wav,train
C:\Users\34722\OneDrive\Escritorio\TFG\Reconocimiento emociones audio\RavdessTessSavee\datos_crudos\Savee\ALL\DC_h11.wav,SAVEE,DC,happy,h,DC_h11,DC_h11.wav,train
C:\Users\34722\OneDrive\Escritorio\TFG\Reconocimiento emociones audio\RavdessTessSavee\datos_crudos\Savee\ALL\DC_h12.wav,SAVEE,DC,happy,h,DC_h12,DC_h12.wav,train
C:\Users\34722\OneDrive\Escritorio\TFG\Reconocimiento emociones audio\RavdessTessSavee\datos_crudos\Savee\ALL\DC_h13.wav,SAVEE,DC,happy,h,DC_h13,DC_h13.wav,test
C:\Users\34722\OneDrive\Escritorio\TFG\Reconocimiento emociones audio\RavdessTessSavee\datos_crudos\Savee\ALL\DC_h14.wav,SAVEE,DC,happy,h,DC_h14,DC_h14.wav,train
C:\Users\34722\OneDrive\Escritorio\TFG\Reconocimiento emociones audio\RavdessTessSavee\datos_crudos\Savee\ALL\DC_h15.wav,SAVEE,DC,happy,h,DC_h15,DC_h15.wav,train
C:\Users\34722\OneDrive\Escritorio\TFG\Reconocimiento emociones audio\RavdessTessSavee\datos_crudos\Savee\ALL\DC_sa01.wav,SAVEE,DC,sad,sa,DC_sa01,DC_sa01.wav,train
C:\Users\34722\OneDrive\Escritorio\TFG\Reconocimiento emociones audio\RavdessTessSavee\datos_crudos\Savee\ALL\DC_sa02.wav,SAVEE,DC,sad,sa,DC_sa02,DC_sa02.wav,test
C:\Users\34722\OneDrive\Escritorio\TFG\Reconocimiento emociones audio\RavdessTessSavee\datos_crudos\Savee\ALL\DC_sa03.wav,SAVEE,DC,sad,sa,DC_sa03,DC_sa03.wav,train
C:\Users\34722\OneDrive\Escritorio\TFG\Reconocimiento emociones audio\RavdessTessSavee\datos_crudos\Savee\ALL\DC_sa04.wav,SAVEE,DC,sad,sa,DC_sa04,DC_sa04.wav,train
C:\Users\34722\OneDrive\Escritorio\TFG\Reconocimiento emociones audio\RavdessTessSavee\datos_crudos\Savee\ALL\DC_sa05.wav,SAVEE,DC,sad,sa,DC_sa05,DC_sa05.wav,valid
C:\Users\34722\OneDrive\Escritorio\TFG\Reconocimiento emociones audio\RavdessTessSavee\datos_crudos\Savee\ALL\DC_sa06.wav,SAVEE,DC,sad,sa,DC_sa06,DC_sa06.wav,train
C:\Users\34722\OneDrive\Escritorio\TFG\Reconocimiento emociones audio\RavdessTessSavee\datos_crudos\Savee\ALL\DC_sa07.wav,SAVEE,DC,sad,sa,DC_sa07,DC_sa07.wav,train
C:\Users\34722\OneDrive\Escritorio\TFG\Reconocimiento emociones audio\RavdessTessSavee\datos_crudos\Savee\ALL\DC_sa08.wav,SAVEE,DC,sad,sa,DC_sa08,DC_sa08.wav,train
C:\Users\34722\OneDrive\Escritorio\TFG\Reconocimiento emociones audio\RavdessTessSavee\datos_crudos\Savee\ALL\DC_sa09.wav,SAVEE,DC,sad,sa,DC_sa09,DC_sa09.wav,train
C:\Users\34722\OneDrive\Escritorio\TFG\Reconocimiento emociones audio\RavdessTessSavee\datos_crudos\Savee\ALL\DC_sa10.wav,SAVEE,DC,sad,sa,DC_sa10,DC_sa10.wav,train
C:\Users\34722\OneDrive\Escritorio\TFG\Reconocimiento emociones audio\RavdessTessSavee\datos_crudos\Savee\ALL\DC_sa11.wav,SAVEE,DC,sad,sa,DC_sa11,DC_sa11.wav,train
C:\Users\34722\OneDrive\Escritorio\TFG\Reconocimiento emociones audio\RavdessTessSavee\datos_crudos\Savee\ALL\DC_sa12.wav,SAVEE,DC,sad,sa,DC_sa12,DC_sa12.wav,test
C:\Users\34722\OneDrive\Escritorio\TFG\Reconocimiento emociones audio\RavdessTessSavee\datos_crudos\Savee\ALL\DC_sa13.wav,SAVEE,DC,sad,sa,DC_sa13,DC_sa13.wav,train
C:\Users\34722\OneDrive\Escritorio\TFG\Reconocimiento emociones audio\RavdessTessSavee\datos_crudos\Savee\ALL\DC_sa14.wav,SAVEE,DC,sad,sa,DC_sa14,DC_sa14.wav,train
C:\Users\34722\OneDrive\Escritorio\TFG\Reconocimiento emociones audio\RavdessTessSavee\datos_crudos\Savee\ALL\DC_sa15.wav,SAVEE,DC,sad,sa,DC_sa15,DC_sa15.wav,train
C:\Users\34722\OneDrive\Escritorio\TFG\Reconocimiento emociones audio\RavdessTessSavee\datos_crudos\Savee\ALL\JE_a01.wav,SAVEE,JE,angry,a,JE_a01,JE_a01.wav,test
C:\Users\34722\OneDrive\Escritorio\TFG\Reconocimiento emociones audio\RavdessTessSavee\datos_crudos\Savee\ALL\JE_a02.wav,SAVEE,JE,angry,a,JE_a02,JE_a02.wav,train
C:\Users\34722\OneDrive\Escritorio\TFG\Reconocimiento emociones audio\RavdessTessSavee\datos_crudos\Savee\ALL\JE_a03.wav,SAVEE,JE,angry,a,JE_a03,JE_a03.wav,train
C:\Users\34722\OneDrive\Escritorio\TFG\Reconocimiento emociones audio\RavdessTessSavee\datos_crudos\Savee\ALL\JE_a04.wav,SAVEE,JE,angry,a,JE_a04,JE_a04.wav,train
C:\Users\34722\OneDrive\Escritorio\TFG\Reconocimiento emociones audio\RavdessTessSavee\datos_crudos\Savee\ALL\JE_a05.wav,SAVEE,JE,angry,a,JE_a05,JE_a05.wav,train
C:\Users\34722\OneDrive\Escritorio\TFG\Reconocimiento emociones audio\RavdessTessSavee\datos_crudos\Savee\ALL\JE_a06.wav,SAVEE,JE,angry,a,JE_a06,JE_a06.wav,valid
C:\Users\34722\OneDrive\Escritorio\TFG\Reconocimiento emociones audio\RavdessTessSavee\datos_crudos\Savee\ALL\JE_a07.wav,SAVEE,JE,angry,a,JE_a07,JE_a07.wav,test
C:\Users\34722\OneDrive\Escritorio\TFG\Reconocimiento emociones audio\RavdessTessSavee\datos_crudos\Savee\ALL\JE_a08.wav,SAVEE,JE,angry,a,JE_a08,JE_a08.wav,valid
C:\Users\34722\OneDrive\Escritorio\TFG\Reconocimiento emociones audio\RavdessTessSavee\datos_crudos\Savee\ALL\JE_a09.wav,SAVEE,JE,angry,a,JE_a09,JE_a09.wav,train
C:\Users\34722\OneDrive\Escritorio\TFG\Reconocimiento emociones audio\RavdessTessSavee\datos_crudos\Savee\ALL\JE_a10.wav,SAVEE,JE,angry,a,JE_a10,JE_a10.wav,test
C:\Users\34722\OneDrive\Escritorio\TFG\Reconocimiento emociones audio\RavdessTessSavee\datos_crudos\Savee\ALL\JE_a11.wav,SAVEE,JE,angry,a,JE_a11,JE_a11.wav,train
C:\Users\34722\OneDrive\Escritorio\TFG\Reconocimiento emociones audio\RavdessTessSavee\datos_crudos\Savee\ALL\JE_a12.wav,SAVEE,JE,angry,a,JE_a12,JE_a12.wav,valid
C:\Users\34722\OneDrive\Escritorio\TFG\Reconocimiento emociones audio\RavdessTessSavee\datos_crudos\Savee\ALL\JE_a13.wav,SAVEE,JE,angry,a,JE_a13,JE_a13.wav,train
C:\Users\34722\OneDrive\Escritorio\TFG\Reconocimiento emociones audio\RavdessTessSavee\datos_crudos\Savee\ALL\JE_a14.wav,SAVEE,JE,angry,a,JE_a14,JE_a14.wav,test
C:\Users\34722\OneDrive\Escritorio\TFG\Reconocimiento emociones audio\RavdessTessSavee\datos_crudos\Savee\ALL\JE_a15.wav,SAVEE,JE,angry,a,JE_a15,JE_a15.wav,train
C:\Users\34722\OneDrive\Escritorio\TFG\Reconocimiento emociones audio\RavdessTessSavee\datos_crudos\Savee\ALL\JE_f01.wav,SAVEE,JE,fearful,f,JE_f01,JE_f01.wav,test
C:\Users\34722\OneDrive\Escritorio\TFG\Reconocimiento emociones audio\RavdessTessSavee\datos_crudos\Savee\ALL\JE_f02.wav,SAVEE,JE,fearful,f,JE_f02,JE_f02.wav,train
C:\Users\34722\OneDrive\Escritorio\TFG\Reconocimiento emociones audio\RavdessTessSavee\datos_crudos\Savee\ALL\JE_f03.wav,SAVEE,JE,fearful,f,JE_f03,JE_f03.wav,valid
C:\Users\34722\OneDrive\Escritorio\TFG\Reconocimiento emociones audio\RavdessTessSavee\datos_crudos\Savee\ALL\JE_f04.wav,SAVEE,JE,fearful,f,JE_f04,JE_f04.wav,train
C:\Users\34722\OneDrive\Escritorio\TFG\Reconocimiento emociones audio\RavdessTessSavee\datos_crudos\Savee\ALL\JE_f05.wav,SAVEE,JE,fearful,f,JE_f05,JE_f05.wav,train
C:\Users\34722\OneDrive\Escritorio\TFG\Reconocimiento emociones audio\RavdessTessSavee\datos_crudos\Savee\ALL\JE_f06.wav,SAVEE,JE,fearful,f,JE_f06,JE_f06.wav,train
C:\Users\34722\OneDrive\Escritorio\TFG\Reconocimiento emociones audio\RavdessTessSavee\datos_crudos\Savee\ALL\JE_f07.wav,SAVEE,JE,fearful,f,JE_f07,JE_f07.wav,train
C:\Users\34722\OneDrive\Escritorio\TFG\Reconocimiento emociones audio\RavdessTessSavee\datos_crudos\Savee\ALL\JE_f08.wav,SAVEE,JE,fearful,f,JE_f08,JE_f08.wav,valid
C:\Users\34722\OneDrive\Escritorio\TFG\Reconocimiento emociones audio\RavdessTessSavee\datos_crudos\Savee\ALL\JE_f09.wav,SAVEE,JE,fearful,f,JE_f09,JE_f09.wav,train
C:\Users\34722\OneDrive\Escritorio\TFG\Reconocimiento emociones audio\RavdessTessSavee\datos_crudos\Savee\ALL\JE_f10.wav,SAVEE,JE,fearful,f,JE_f10,JE_f10.wav,train
C:\Users\34722\OneDrive\Escritorio\TFG\Reconocimiento emociones audio\RavdessTessSavee\datos_crudos\Savee\ALL\JE_f11.wav,SAVEE,JE,fearful,f,JE_f11,JE_f11.wav,train
C:\Users\34722\OneDrive\Escritorio\TFG\Reconocimiento emociones audio\RavdessTessSavee\datos_crudos\Savee\ALL\JE_f12.wav,SAVEE,JE,fearful,f,JE_f12,JE_f12.wav,train
C:\Users\34722\OneDrive\Escritorio\TFG\Reconocimiento emociones audio\RavdessTessSavee\datos_crudos\Savee\ALL\JE_f13.wav,SAVEE,JE,fearful,f,JE_f13,JE_f13.wav,train
C:\Users\34722\OneDrive\Escritorio\TFG\Reconocimiento emociones audio\RavdessTessSavee\datos_crudos\Savee\ALL\JE_f14.wav,SAVEE,JE,fearful,f,JE_f14,JE_f14.wav,train
C:\Users\34722\OneDrive\Escritorio\TFG\Reconocimiento emociones audio\RavdessTessSavee\datos_crudos\Savee\ALL\JE_f15.wav,SAVEE,JE,fearful,f,JE_f15,JE_f15.wav,valid
C:\Users\34722\OneDrive\Escritorio\TFG\Reconocimiento emociones audio\RavdessTessSavee\datos_crudos\Savee\ALL\JE_h01.wav,SAVEE,JE,happy,h,JE_h01,JE_h01.wav,train
C:\Users\34722\OneDrive\Escritorio\TFG\Reconocimiento emociones audio\RavdessTessSavee\datos_crudos\Savee\ALL\JE_h02.wav,SAVEE,JE,happy,h,JE_h02,JE_h02.wav,valid
C:\Users\34722\OneDrive\Escritorio\TFG\Reconocimiento emociones audio\RavdessTessSavee\datos_crudos\Savee\ALL\JE_h03.wav,SAVEE,JE,happy,h,JE_h03,JE_h03.wav,valid
C:\Users\34722\OneDrive\Escritorio\TFG\Reconocimiento emociones audio\RavdessTessSavee\datos_crudos\Savee\ALL\JE_h04.wav,SAVEE,JE,happy,h,JE_h04,JE_h04.wav,train
C:\Users\34722\OneDrive\Escritorio\TFG\Reconocimiento emociones audio\RavdessTessSavee\datos_crudos\Savee\ALL\JE_h05.wav,SAVEE,JE,happy,h,JE_h05,JE_h05.wav,train
C:\Users\34722\OneDrive\Escritorio\TFG\Reconocimiento emociones audio\RavdessTessSavee\datos_crudos\Savee\ALL\JE_h06.wav,SAVEE,JE,happy,h,JE_h06,JE_h06.wav,train
C:\Users\34722\OneDrive\Escritorio\TFG\Reconocimiento emociones audio\RavdessTessSavee\datos_crudos\Savee\ALL\JE_h07.wav,SAVEE,JE,happy,h,JE_h07,JE_h07.wav,train
C:\Users\34722\OneDrive\Escritorio\TFG\Reconocimiento emociones audio\RavdessTessSavee\datos_crudos\Savee\ALL\JE_h08.wav,SAVEE,JE,happy,h,JE_h08,JE_h08.wav,test
C:\Users\34722\OneDrive\Escritorio\TFG\Reconocimiento emociones audio\RavdessTessSavee\datos_crudos\Savee\ALL\JE_h09.wav,SAVEE,JE,happy,h,JE_h09,JE_h09.wav,train
C:\Users\34722\OneDrive\Escritorio\TFG\Reconocimiento emociones audio\RavdessTessSavee\datos_crudos\Savee\ALL\JE_h10.wav,SAVEE,JE,happy,h,JE_h10,JE_h10.wav,train
C:\Users\34722\OneDrive\Escritorio\TFG\Reconocimiento emociones audio\RavdessTessSavee\datos_crudos\Savee\ALL\JE_h11.wav,SAVEE,JE,happy,h,JE_h11,JE_h11.wav,train
C:\Users\34722\OneDrive\Escritorio\TFG\Reconocimiento emociones audio\RavdessTessSavee\datos_crudos\Savee\ALL\JE_h12.wav,SAVEE,JE,happy,h,JE_h12,JE_h12.wav,train
C:\Users\34722\OneDrive\Escritorio\TFG\Reconocimiento emociones audio\RavdessTessSavee\datos_crudos\Savee\ALL\JE_h13.wav,SAVEE,JE,happy,h,JE_h13,JE_h13.wav,train
C:\Users\34722\OneDrive\Escritorio\TFG\Reconocimiento emociones audio\RavdessTessSavee\datos_crudos\Savee\ALL\JE_h14.wav,SAVEE,JE,happy,h,JE_h14,JE_h14.wav,valid
C:\Users\34722\OneDrive\Escritorio\TFG\Reconocimiento emociones audio\RavdessTessSavee\datos_crudos\Savee\ALL\JE_h15.wav,SAVEE,JE,happy,h,JE_h15,JE_h15.wav,test
C:\Users\34722\OneDrive\Escritorio\TFG\Reconocimiento emociones audio\RavdessTessSavee\datos_crudos\Savee\ALL\JE_sa01.wav,SAVEE,JE,sad,sa,JE_sa01,JE_sa01.wav,train
C:\Users\34722\OneDrive\Escritorio\TFG\Reconocimiento emociones audio\RavdessTessSavee\datos_crudos\Savee\ALL\JE_sa02.wav,SAVEE,JE,sad,sa,JE_sa02,JE_sa02.wav,train
C:\Users\34722\OneDrive\Escritorio\TFG\Reconocimiento emociones audio\RavdessTessSavee\datos_crudos\Savee\ALL\JE_sa03.wav,SAVEE,JE,sad,sa,JE_sa03,JE_sa03.wav,train
C:\Users\34722\OneDrive\Escritorio\TFG\Reconocimiento emociones audio\RavdessTessSavee\datos_crudos\Savee\ALL\JE_sa04.wav,SAVEE,JE,sad,sa,JE_sa04,JE_sa04.wav,train
C:\Users\34722\OneDrive\Escritorio\TFG\Reconocimiento emociones audio\RavdessTessSavee\datos_crudos\Savee\ALL\JE_sa05.wav,SAVEE,JE,sad,sa,JE_sa05,JE_sa05.wav,train
C:\Users\34722\OneDrive\Escritorio\TFG\Reconocimiento emociones audio\RavdessTessSavee\datos_crudos\Savee\ALL\JE_sa06.wav,SAVEE,JE,sad,sa,JE_sa06,JE_sa06.wav,train
C:\Users\34722\OneDrive\Escritorio\TFG\Reconocimiento emociones audio\RavdessTessSavee\datos_crudos\Savee\ALL\JE_sa07.wav,SAVEE,JE,sad,sa,JE_sa07,JE_sa07.wav,train
C:\Users\34722\OneDrive\Escritorio\TFG\Reconocimiento emociones audio\RavdessTessSavee\datos_crudos\Savee\ALL\JE_sa08.wav,SAVEE,JE,sad,sa,JE_sa08,JE_sa08.wav,train
C:\Users\34722\OneDrive\Escritorio\TFG\Reconocimiento emociones audio\RavdessTessSavee\datos_crudos\Savee\ALL\JE_sa09.wav,SAVEE,JE,sad,sa,JE_sa09,JE_sa09.wav,train
C:\Users\34722\OneDrive\Escritorio\TFG\Reconocimiento emociones audio\RavdessTessSavee\datos_crudos\Savee\ALL\JE_sa10.wav,SAVEE,JE,sad,sa,JE_sa10,JE_sa10.wav,test
C:\Users\34722\OneDrive\Escritorio\TFG\Reconocimiento emociones audio\RavdessTessSavee\datos_crudos\Savee\ALL\JE_sa11.wav,SAVEE,JE,sad,sa,JE_sa11,JE_sa11.wav,test
C:\Users\34722\OneDrive\Escritorio\TFG\Reconocimiento emociones audio\RavdessTessSavee\datos_crudos\Savee\ALL\JE_sa12.wav,SAVEE,JE,sad,sa,JE_sa12,JE_sa12.wav,train
C:\Users\34722\OneDrive\Escritorio\TFG\Reconocimiento emociones audio\RavdessTessSavee\datos_crudos\Savee\ALL\JE_sa13.wav,SAVEE,JE,sad,sa,JE_sa13,JE_sa13.wav,test
C:\Users\34722\OneDrive\Escritorio\TFG\Reconocimiento emociones audio\RavdessTessSavee\datos_crudos\Savee\ALL\JE_sa14.wav,SAVEE,JE,sad,sa,JE_sa14,JE_sa14.wav,test
C:\Users\34722\OneDrive\Escritorio\TFG\Reconocimiento emociones audio\RavdessTessSavee\datos_crudos\Savee\ALL\JE_sa15.wav,SAVEE,JE,sad,sa,JE_sa15,JE_sa15.wav,train
C:\Users\34722\OneDrive\Escritorio\TFG\Reconocimiento emociones audio\RavdessTessSavee\datos_crudos\Savee\ALL\JK_a01.wav,SAVEE,JK,angry,a,JK_a01,JK_a01.wav,train
C:\Users\34722\OneDrive\Escritorio\TFG\Reconocimiento emociones audio\RavdessTessSavee\datos_crudos\Savee\ALL\JK_a02.wav,SAVEE,JK,angry,a,JK_a02,JK_a02.wav,train
C:\Users\34722\OneDrive\Escritorio\TFG\Reconocimiento emociones audio\RavdessTessSavee\datos_crudos\Savee\ALL\JK_a03.wav,SAVEE,JK,angry,a,JK_a03,JK_a03.wav,train
C:\Users\34722\OneDrive\Escritorio\TFG\Reconocimiento emociones audio\RavdessTessSavee\datos_crudos\Savee\ALL\JK_a04.wav,SAVEE,JK,angry,a,JK_a04,JK_a04.wav,train
C:\Users\34722\OneDrive\Escritorio\TFG\Reconocimiento emociones audio\RavdessTessSavee\datos_crudos\Savee\ALL\JK_a05.wav,SAVEE,JK,angry,a,JK_a05,JK_a05.wav,train
C:\Users\34722\OneDrive\Escritorio\TFG\Reconocimiento emociones audio\RavdessTessSavee\datos_crudos\Savee\ALL\JK_a06.wav,SAVEE,JK,angry,a,JK_a06,JK_a06.wav,train
C:\Users\34722\OneDrive\Escritorio\TFG\Reconocimiento emociones audio\RavdessTessSavee\datos_crudos\Savee\ALL\JK_a07.wav,SAVEE,JK,angry,a,JK_a07,JK_a07.wav,train
C:\Users\34722\OneDrive\Escritorio\TFG\Reconocimiento emociones audio\RavdessTessSavee\datos_crudos\Savee\ALL\JK_a08.wav,SAVEE,JK,angry,a,JK_a08,JK_a08.wav,train
C:\Users\34722\OneDrive\Escritorio\TFG\Reconocimiento emociones audio\RavdessTessSavee\datos_crudos\Savee\ALL\JK_a09.wav,SAVEE,JK,angry,a,JK_a09,JK_a09.wav,train
C:\Users\34722\OneDrive\Escritorio\TFG\Reconocimiento emociones audio\RavdessTessSavee\datos_crudos\Savee\ALL\JK_a10.wav,SAVEE,JK,angry,a,JK_a10,JK_a10.wav,train
C:\Users\34722\OneDrive\Escritorio\TFG\Reconocimiento emociones audio\RavdessTessSavee\datos_crudos\Savee\ALL\JK_a11.wav,SAVEE,JK,angry,a,JK_a11,JK_a11.wav,train
C:\Users\34722\OneDrive\Escritorio\TFG\Reconocimiento emociones audio\RavdessTessSavee\datos_crudos\Savee\ALL\JK_a12.wav,SAVEE,JK,angry,a,JK_a12,JK_a12.wav,test
C:\Users\34722\OneDrive\Escritorio\TFG\Reconocimiento emociones audio\RavdessTessSavee\datos_crudos\Savee\ALL\JK_a13.wav,SAVEE,JK,angry,a,JK_a13,JK_a13.wav,train
C:\Users\34722\OneDrive\Escritorio\TFG\Reconocimiento emociones audio\RavdessTessSavee\datos_crudos\Savee\ALL\JK_a14.wav,SAVEE,JK,angry,a,JK_a14,JK_a14.wav,train
C:\Users\34722\OneDrive\Escritorio\TFG\Reconocimiento emociones audio\RavdessTessSavee\datos_crudos\Savee\ALL\JK_a15.wav,SAVEE,JK,angry,a,JK_a15,JK_a15.wav,train
C:\Users\34722\OneDrive\Escritorio\TFG\Reconocimiento emociones audio\RavdessTessSavee\datos_crudos\Savee\ALL\JK_f01.wav,SAVEE,JK,fearful,f,JK_f01,JK_f01.wav,test
C:\Users\34722\OneDrive\Escritorio\TFG\Reconocimiento emociones audio\RavdessTessSavee\datos_crudos\Savee\ALL\JK_f02.wav,SAVEE,JK,fearful,f,JK_f02,JK_f02.wav,train
C:\Users\34722\OneDrive\Escritorio\TFG\Reconocimiento emociones audio\RavdessTessSavee\datos_crudos\Savee\ALL\JK_f03.wav,SAVEE,JK,fearful,f,JK_f03,JK_f03.wav,train
C:\Users\34722\OneDrive\Escritorio\TFG\Reconocimiento emociones audio\RavdessTessSavee\datos_crudos\Savee\ALL\JK_f04.wav,SAVEE,JK,fearful,f,JK_f04,JK_f04.wav,train
C:\Users\34722\OneDrive\Escritorio\TFG\Reconocimiento emociones audio\RavdessTessSavee\datos_crudos\Savee\ALL\JK_f05.wav,SAVEE,JK,fearful,f,JK_f05,JK_f05.wav,valid
C:\Users\34722\OneDrive\Escritorio\TFG\Reconocimiento emociones audio\RavdessTessSavee\datos_crudos\Savee\ALL\JK_f06.wav,SAVEE,JK,fearful,f,JK_f06,JK_f06.wav,train
C:\Users\34722\OneDrive\Escritorio\TFG\Reconocimiento emociones audio\RavdessTessSavee\datos_crudos\Savee\ALL\JK_f07.wav,SAVEE,JK,fearful,f,JK_f07,JK_f07.wav,train
C:\Users\34722\OneDrive\Escritorio\TFG\Reconocimiento emociones audio\RavdessTessSavee\datos_crudos\Savee\ALL\JK_f08.wav,SAVEE,JK,fearful,f,JK_f08,JK_f08.wav,test
C:\Users\34722\OneDrive\Escritorio\TFG\Reconocimiento emociones audio\RavdessTessSavee\datos_crudos\Savee\ALL\JK_f09.wav,SAVEE,JK,fearful,f,JK_f09,JK_f09.wav,train
C:\Users\34722\OneDrive\Escritorio\TFG\Reconocimiento emociones audio\RavdessTessSavee\datos_crudos\Savee\ALL\JK_f10.wav,SAVEE,JK,fearful,f,JK_f10,JK_f10.wav,train
C:\Users\34722\OneDrive\Escritorio\TFG\Reconocimiento emociones audio\RavdessTessSavee\datos_crudos\Savee\ALL\JK_f11.wav,SAVEE,JK,fearful,f,JK_f11,JK_f11.wav,train
C:\Users\34722\OneDrive\Escritorio\TFG\Reconocimiento emociones audio\RavdessTessSavee\datos_crudos\Savee\ALL\JK_f12.wav,SAVEE,JK,fearful,f,JK_f12,JK_f12.wav,train
C:\Users\34722\OneDrive\Escritorio\TFG\Reconocimiento emociones audio\RavdessTessSavee\datos_crudos\Savee\ALL\JK_f13.wav,SAVEE,JK,fearful,f,JK_f13,JK_f13.wav,train
C:\Users\34722\OneDrive\Escritorio\TFG\Reconocimiento emociones audio\RavdessTessSavee\datos_crudos\Savee\ALL\JK_f14.wav,SAVEE,JK,fearful,f,JK_f14,JK_f14.wav,train
C:\Users\34722\OneDrive\Escritorio\TFG\Reconocimiento emociones audio\RavdessTessSavee\datos_crudos\Savee\ALL\JK_f15.wav,SAVEE,JK,fearful,f,JK_f15,JK_f15.wav,train
C:\Users\34722\OneDrive\Escritorio\TFG\Reconocimiento emociones audio\RavdessTessSavee\datos_crudos\Savee\ALL\JK_h01.wav,SAVEE,JK,happy,h,JK_h01,JK_h01.wav,valid
C:\Users\34722\OneDrive\Escritorio\TFG\Reconocimiento emociones audio\RavdessTessSavee\datos_crudos\Savee\ALL\JK_h02.wav,SAVEE,JK,happy,h,JK_h02,JK_h02.wav,train
C:\Users\34722\OneDrive\Escritorio\TFG\Reconocimiento emociones audio\RavdessTessSavee\datos_crudos\Savee\ALL\JK_h03.wav,SAVEE,JK,happy,h,JK_h03,JK_h03.wav,train
C:\Users\34722\OneDrive\Escritorio\TFG\Reconocimiento emociones audio\RavdessTessSavee\datos_crudos\Savee\ALL\JK_h04.wav,SAVEE,JK,happy,h,JK_h04,JK_h04.wav,train
C:\Users\34722\OneDrive\Escritorio\TFG\Reconocimiento emociones audio\RavdessTessSavee\datos_crudos\Savee\ALL\JK_h05.wav,SAVEE,JK,happy,h,JK_h05,JK_h05.wav,train
C:\Users\34722\OneDrive\Escritorio\TFG\Reconocimiento emociones audio\RavdessTessSavee\datos_crudos\Savee\ALL\JK_h06.wav,SAVEE,JK,happy,h,JK_h06,JK_h06.wav,train
C:\Users\34722\OneDrive\Escritorio\TFG\Reconocimiento emociones audio\RavdessTessSavee\datos_crudos\Savee\ALL\JK_h07.wav,SAVEE,JK,happy,h,JK_h07,JK_h07.wav,train
C:\Users\34722\OneDrive\Escritorio\TFG\Reconocimiento emociones audio\RavdessTessSavee\datos_crudos\Savee\ALL\JK_h08.wav,SAVEE,JK,happy,h,JK_h08,JK_h08.wav,test
C:\Users\34722\OneDrive\Escritorio\TFG\Reconocimiento emociones audio\RavdessTessSavee\datos_crudos\Savee\ALL\JK_h09.wav,SAVEE,JK,happy,h,JK_h09,JK_h09.wav,test
C:\Users\34722\OneDrive\Escritorio\TFG\Reconocimiento emociones audio\RavdessTessSavee\datos_crudos\Savee\ALL\JK_h10.wav,SAVEE,JK,happy,h,JK_h10,JK_h10.wav,train
C:\Users\34722\OneDrive\Escritorio\TFG\Reconocimiento emociones audio\RavdessTessSavee\datos_crudos\Savee\ALL\JK_h11.wav,SAVEE,JK,happy,h,JK_h11,JK_h11.wav,valid
C:\Users\34722\OneDrive\Escritorio\TFG\Reconocimiento emociones audio\RavdessTessSavee\datos_crudos\Savee\ALL\JK_h12.wav,SAVEE,JK,happy,h,JK_h12,JK_h12.wav,train
C:\Users\34722\OneDrive\Escritorio\TFG\Reconocimiento emociones audio\RavdessTessSavee\datos_crudos\Savee\ALL\JK_h13.wav,SAVEE,JK,happy,h,JK_h13,JK_h13.wav,train
C:\Users\34722\OneDrive\Escritorio\TFG\Reconocimiento emociones audio\RavdessTessSavee\datos_crudos\Savee\ALL\JK_h14.wav,SAVEE,JK,happy,h,JK_h14,JK_h14.wav,train
C:\Users\34722\OneDrive\Escritorio\TFG\Reconocimiento emociones audio\RavdessTessSavee\datos_crudos\Savee\ALL\JK_h15.wav,SAVEE,JK,happy,h,JK_h15,JK_h15.wav,train
C:\Users\34722\OneDrive\Escritorio\TFG\Reconocimiento emociones audio\RavdessTessSavee\datos_crudos\Savee\ALL\JK_sa01.wav,SAVEE,JK,sad,sa,JK_sa01,JK_sa01.wav,valid
C:\Users\34722\OneDrive\Escritorio\TFG\Reconocimiento emociones audio\RavdessTessSavee\datos_crudos\Savee\ALL\JK_sa02.wav,SAVEE,JK,sad,sa,JK_sa02,JK_sa02.wav,test
C:\Users\34722\OneDrive\Escritorio\TFG\Reconocimiento emociones audio\RavdessTessSavee\datos_crudos\Savee\ALL\JK_sa03.wav,SAVEE,JK,sad,sa,JK_sa03,JK_sa03.wav,valid
C:\Users\34722\OneDrive\Escritorio\TFG\Reconocimiento emociones audio\RavdessTessSavee\datos_crudos\Savee\ALL\JK_sa04.wav,SAVEE,JK,sad,sa,JK_sa04,JK_sa04.wav,train
C:\Users\34722\OneDrive\Escritorio\TFG\Reconocimiento emociones audio\RavdessTessSavee\datos_crudos\Savee\ALL\JK_sa05.wav,SAVEE,JK,sad,sa,JK_sa05,JK_sa05.wav,train
C:\Users\34722\OneDrive\Escritorio\TFG\Reconocimiento emociones audio\RavdessTessSavee\datos_crudos\Savee\ALL\JK_sa06.wav,SAVEE,JK,sad,sa,JK_sa06,JK_sa06.wav,train
C:\Users\34722\OneDrive\Escritorio\TFG\Reconocimiento emociones audio\RavdessTessSavee\datos_crudos\Savee\ALL\JK_sa07.wav,SAVEE,JK,sad,sa,JK_sa07,JK_sa07.wav,valid
C:\Users\34722\OneDrive\Escritorio\TFG\Reconocimiento emociones audio\RavdessTessSavee\datos_crudos\Savee\ALL\JK_sa08.wav,SAVEE,JK,sad,sa,JK_sa08,JK_sa08.wav,valid
C:\Users\34722\OneDrive\Escritorio\TFG\Reconocimiento emociones audio\RavdessTessSavee\datos_crudos\Savee\ALL\JK_sa09.wav,SAVEE,JK,sad,sa,JK_sa09,JK_sa09.wav,train
C:\Users\34722\OneDrive\Escritorio\TFG\Reconocimiento emociones audio\RavdessTessSavee\datos_crudos\Savee\ALL\JK_sa10.wav,SAVEE,JK,sad,sa,JK_sa10,JK_sa10.wav,valid
C:\Users\34722\OneDrive\Escritorio\TFG\Reconocimiento emociones audio\RavdessTessSavee\datos_crudos\Savee\ALL\JK_sa11.wav,SAVEE,JK,sad,sa,JK_sa11,JK_sa11.wav,train
C:\Users\34722\OneDrive\Escritorio\TFG\Reconocimiento emociones audio\RavdessTessSavee\datos_crudos\Savee\ALL\JK_sa12.wav,SAVEE,JK,sad,sa,JK_sa12,JK_sa12.wav,train
C:\Users\34722\OneDrive\Escritorio\TFG\Reconocimiento emociones audio\RavdessTessSavee\datos_crudos\Savee\ALL\JK_sa13.wav,SAVEE,JK,sad,sa,JK_sa13,JK_sa13.wav,train
C:\Users\34722\OneDrive\Escritorio\TFG\Reconocimiento emociones audio\RavdessTessSavee\datos_crudos\Savee\ALL\JK_sa14.wav,SAVEE,JK,sad,sa,JK_sa14,JK_sa14.wav,train
C:\Users\34722\OneDrive\Escritorio\TFG\Reconocimiento emociones audio\RavdessTessSavee\datos_crudos\Savee\ALL\JK_sa15.wav,SAVEE,JK,sad,sa,JK_sa15,JK_sa15.wav,train
C:\Users\34722\OneDrive\Escritorio\TFG\Reconocimiento emociones audio\RavdessTessSavee\datos_crudos\Savee\ALL\KL_a01.wav,SAVEE,KL,angry,a,KL_a01,KL_a01.wav,test
C:\Users\34722\OneDrive\Escritorio\TFG\Reconocimiento emociones audio\RavdessTessSavee\datos_crudos\Savee\ALL\KL_a02.wav,SAVEE,KL,angry,a,KL_a02,KL_a02.wav,train
C:\Users\34722\OneDrive\Escritorio\TFG\Reconocimiento emociones audio\RavdessTessSavee\datos_crudos\Savee\ALL\KL_a03.wav,SAVEE,KL,angry,a,KL_a03,KL_a03.wav,train
C:\Users\34722\OneDrive\Escritorio\TFG\Reconocimiento emociones audio\RavdessTessSavee\datos_crudos\Savee\ALL\KL_a04.wav,SAVEE,KL,angry,a,KL_a04,KL_a04.wav,train
C:\Users\34722\OneDrive\Escritorio\TFG\Reconocimiento emociones audio\RavdessTessSavee\datos_crudos\Savee\ALL\KL_a05.wav,SAVEE,KL,angry,a,KL_a05,KL_a05.wav,train
C:\Users\34722\OneDrive\Escritorio\TFG\Reconocimiento emociones audio\RavdessTessSavee\datos_crudos\Savee\ALL\KL_a06.wav,SAVEE,KL,angry,a,KL_a06,KL_a06.wav,train
C:\Users\34722\OneDrive\Escritorio\TFG\Reconocimiento emociones audio\RavdessTessSavee\datos_crudos\Savee\ALL\KL_a07.wav,SAVEE,KL,angry,a,KL_a07,KL_a07.wav,train
C:\Users\34722\OneDrive\Escritorio\TFG\Reconocimiento emociones audio\RavdessTessSavee\datos_crudos\Savee\ALL\KL_a08.wav,SAVEE,KL,angry,a,KL_a08,KL_a08.wav,train
C:\Users\34722\OneDrive\Escritorio\TFG\Reconocimiento emociones audio\RavdessTessSavee\datos_crudos\Savee\ALL\KL_a09.wav,SAVEE,KL,angry,a,KL_a09,KL_a09.wav,train
C:\Users\34722\OneDrive\Escritorio\TFG\Reconocimiento emociones audio\RavdessTessSavee\datos_crudos\Savee\ALL\KL_a10.wav,SAVEE,KL,angry,a,KL_a10,KL_a10.wav,train
C:\Users\34722\OneDrive\Escritorio\TFG\Reconocimiento emociones audio\RavdessTessSavee\datos_crudos\Savee\ALL\KL_a11.wav,SAVEE,KL,angry,a,KL_a11,KL_a11.wav,train
C:\Users\34722\OneDrive\Escritorio\TFG\Reconocimiento emociones audio\RavdessTessSavee\datos_crudos\Savee\ALL\KL_a12.wav,SAVEE,KL,angry,a,KL_a12,KL_a12.wav,train
C:\Users\34722\OneDrive\Escritorio\TFG\Reconocimiento emociones audio\RavdessTessSavee\datos_crudos\Savee\ALL\KL_a13.wav,SAVEE,KL,angry,a,KL_a13,KL_a13.wav,train
C:\Users\34722\OneDrive\Escritorio\TFG\Reconocimiento emociones audio\RavdessTessSavee\datos_crudos\Savee\ALL\KL_a14.wav,SAVEE,KL,angry,a,KL_a14,KL_a14.wav,valid
C:\Users\34722\OneDrive\Escritorio\TFG\Reconocimiento emociones audio\RavdessTessSavee\datos_crudos\Savee\ALL\KL_a15.wav,SAVEE,KL,angry,a,KL_a15,KL_a15.wav,test
C:\Users\34722\OneDrive\Escritorio\TFG\Reconocimiento emociones audio\RavdessTessSavee\datos_crudos\Savee\ALL\KL_f01.wav,SAVEE,KL,fearful,f,KL_f01,KL_f01.wav,train
C:\Users\34722\OneDrive\Escritorio\TFG\Reconocimiento emociones audio\RavdessTessSavee\datos_crudos\Savee\ALL\KL_f02.wav,SAVEE,KL,fearful,f,KL_f02,KL_f02.wav,train
C:\Users\34722\OneDrive\Escritorio\TFG\Reconocimiento emociones audio\RavdessTessSavee\datos_crudos\Savee\ALL\KL_f03.wav,SAVEE,KL,fearful,f,KL_f03,KL_f03.wav,train
C:\Users\34722\OneDrive\Escritorio\TFG\Reconocimiento emociones audio\RavdessTessSavee\datos_crudos\Savee\ALL\KL_f04.wav,SAVEE,KL,fearful,f,KL_f04,KL_f04.wav,valid
C:\Users\34722\OneDrive\Escritorio\TFG\Reconocimiento emociones audio\RavdessTessSavee\datos_crudos\Savee\ALL\KL_f05.wav,SAVEE,KL,fearful,f,KL_f05,KL_f05.wav,train
C:\Users\34722\OneDrive\Escritorio\TFG\Reconocimiento emociones audio\RavdessTessSavee\datos_crudos\Savee\ALL\KL_f06.wav,SAVEE,KL,fearful,f,KL_f06,KL_f06.wav,train
C:\Users\34722\OneDrive\Escritorio\TFG\Reconocimiento emociones audio\RavdessTessSavee\datos_crudos\Savee\ALL\KL_f07.wav,SAVEE,KL,fearful,f,KL_f07,KL_f07.wav,train
C:\Users\34722\OneDrive\Escritorio\TFG\Reconocimiento emociones audio\RavdessTessSavee\datos_crudos\Savee\ALL\KL_f08.wav,SAVEE,KL,fearful,f,KL_f08,KL_f08.wav,train
C:\Users\34722\OneDrive\Escritorio\TFG\Reconocimiento emociones audio\RavdessTessSavee\datos_crudos\Savee\ALL\KL_f09.wav,SAVEE,KL,fearful,f,KL_f09,KL_f09.wav,valid
C:\Users\34722\OneDrive\Escritorio\TFG\Reconocimiento emociones audio\RavdessTessSavee\datos_crudos\Savee\ALL\KL_f10.wav,SAVEE,KL,fearful,f,KL_f10,KL_f10.wav,train
C:\Users\34722\OneDrive\Escritorio\TFG\Reconocimiento emociones audio\RavdessTessSavee\datos_crudos\Savee\ALL\KL_f11.wav,SAVEE,KL,fearful,f,KL_f11,KL_f11.wav,test
C:\Users\34722\OneDrive\Escritorio\TFG\Reconocimiento emociones audio\RavdessTessSavee\datos_crudos\Savee\ALL\KL_f12.wav,SAVEE,KL,fearful,f,KL_f12,KL_f12.wav,train
C:\Users\34722\OneDrive\Escritorio\TFG\Reconocimiento emociones audio\RavdessTessSavee\datos_crudos\Savee\ALL\KL_f13.wav,SAVEE,KL,fearful,f,KL_f13,KL_f13.wav,train
C:\Users\34722\OneDrive\Escritorio\TFG\Reconocimiento emociones audio\RavdessTessSavee\datos_crudos\Savee\ALL\KL_f14.wav,SAVEE,KL,fearful,f,KL_f14,KL_f14.wav,train
C:\Users\34722\OneDrive\Escritorio\TFG\Reconocimiento emociones audio\RavdessTessSavee\datos_crudos\Savee\ALL\KL_f15.wav,SAVEE,KL,fearful,f,KL_f15,KL_f15.wav,train
C:\Users\34722\OneDrive\Escritorio\TFG\Reconocimiento emociones audio\RavdessTessSavee\datos_crudos\Savee\ALL\KL_h01.wav,SAVEE,KL,happy,h,KL_h01,KL_h01.wav,train
C:\Users\34722\OneDrive\Escritorio\TFG\Reconocimiento emociones audio\RavdessTessSavee\datos_crudos\Savee\ALL\KL_h02.wav,SAVEE,KL,happy,h,KL_h02,KL_h02.wav,valid
C:\Users\34722\OneDrive\Escritorio\TFG\Reconocimiento emociones audio\RavdessTessSavee\datos_crudos\Savee\ALL\KL_h03.wav,SAVEE,KL,happy,h,KL_h03,KL_h03.wav,valid
C:\Users\34722\OneDrive\Escritorio\TFG\Reconocimiento emociones audio\RavdessTessSavee\datos_crudos\Savee\ALL\KL_h04.wav,SAVEE,KL,happy,h,KL_h04,KL_h04.wav,train
C:\Users\34722\OneDrive\Escritorio\TFG\Reconocimiento emociones audio\RavdessTessSavee\datos_crudos\Savee\ALL\KL_h05.wav,SAVEE,KL,happy,h,KL_h05,KL_h05.wav,train
C:\Users\34722\OneDrive\Escritorio\TFG\Reconocimiento emociones audio\RavdessTessSavee\datos_crudos\Savee\ALL\KL_h06.wav,SAVEE,KL,happy,h,KL_h06,KL_h06.wav,train
C:\Users\34722\OneDrive\Escritorio\TFG\Reconocimiento emociones audio\RavdessTessSavee\datos_crudos\Savee\ALL\KL_h07.wav,SAVEE,KL,happy,h,KL_h07,KL_h07.wav,train
C:\Users\34722\OneDrive\Escritorio\TFG\Reconocimiento emociones audio\RavdessTessSavee\datos_crudos\Savee\ALL\KL_h08.wav,SAVEE,KL,happy,h,KL_h08,KL_h08.wav,train
C:\Users\34722\OneDrive\Escritorio\TFG\Reconocimiento emociones audio\RavdessTessSavee\datos_crudos\Savee\ALL\KL_h09.wav,SAVEE,KL,happy,h,KL_h09,KL_h09.wav,train
C:\Users\34722\OneDrive\Escritorio\TFG\Reconocimiento emociones audio\RavdessTessSavee\datos_crudos\Savee\ALL\KL_h10.wav,SAVEE,KL,happy,h,KL_h10,KL_h10.wav,train
C:\Users\34722\OneDrive\Escritorio\TFG\Reconocimiento emociones audio\RavdessTessSavee\datos_crudos\Savee\ALL\KL_h11.wav,SAVEE,KL,happy,h,KL_h11,KL_h11.wav,train
C:\Users\34722\OneDrive\Escritorio\TFG\Reconocimiento emociones audio\RavdessTessSavee\datos_crudos\Savee\ALL\KL_h12.wav,SAVEE,KL,happy,h,KL_h12,KL_h12.wav,train
C:\Users\34722\OneDrive\Escritorio\TFG\Reconocimiento emociones audio\RavdessTessSavee\datos_crudos\Savee\ALL\KL_h13.wav,SAVEE,KL,happy,h,KL_h13,KL_h13.wav,train
C:\Users\34722\OneDrive\Escritorio\TFG\Reconocimiento emociones audio\RavdessTessSavee\datos_crudos\Savee\ALL\KL_h14.wav,SAVEE,KL,happy,h,KL_h14,KL_h14.wav,train
C:\Users\34722\OneDrive\Escritorio\TFG\Reconocimiento emociones audio\RavdessTessSavee\datos_crudos\Savee\ALL\KL_h15.wav,SAVEE,KL,happy,h,KL_h15,KL_h15.wav,train
C:\Users\34722\OneDrive\Escritorio\TFG\Reconocimiento emociones audio\RavdessTessSavee\datos_crudos\Savee\ALL\KL_sa01.wav,SAVEE,KL,sad,sa,KL_sa01,KL_sa01.wav,train
C:\Users\34722\OneDrive\Escritorio\TFG\Reconocimiento emociones audio\RavdessTessSavee\datos_crudos\Savee\ALL\KL_sa02.wav,SAVEE,KL,sad,sa,KL_sa02,KL_sa02.wav,train
C:\Users\34722\OneDrive\Escritorio\TFG\Reconocimiento emociones audio\RavdessTessSavee\datos_crudos\Savee\ALL\KL_sa03.wav,SAVEE,KL,sad,sa,KL_sa03,KL_sa03.wav,train
C:\Users\34722\OneDrive\Escritorio\TFG\Reconocimiento emociones audio\RavdessTessSavee\datos_crudos\Savee\ALL\KL_sa04.wav,SAVEE,KL,sad,sa,KL_sa04,KL_sa04.wav,test
C:\Users\34722\OneDrive\Escritorio\TFG\Reconocimiento emociones audio\RavdessTessSavee\datos_crudos\Savee\ALL\KL_sa05.wav,SAVEE,KL,sad,sa,KL_sa05,KL_sa05.wav,valid
C:\Users\34722\OneDrive\Escritorio\TFG\Reconocimiento emociones audio\RavdessTessSavee\datos_crudos\Savee\ALL\KL_sa06.wav,SAVEE,KL,sad,sa,KL_sa06,KL_sa06.wav,train
C:\Users\34722\OneDrive\Escritorio\TFG\Reconocimiento emociones audio\RavdessTessSavee\datos_crudos\Savee\ALL\KL_sa07.wav,SAVEE,KL,sad,sa,KL_sa07,KL_sa07.wav,train
C:\Users\34722\OneDrive\Escritorio\TFG\Reconocimiento emociones audio\RavdessTessSavee\datos_crudos\Savee\ALL\KL_sa08.wav,SAVEE,KL,sad,sa,KL_sa08,KL_sa08.wav,train
C:\Users\34722\OneDrive\Escritorio\TFG\Reconocimiento emociones audio\RavdessTessSavee\datos_crudos\Savee\ALL\KL_sa09.wav,SAVEE,KL,sad,sa,KL_sa09,KL_sa09.wav,train
C:\Users\34722\OneDrive\Escritorio\TFG\Reconocimiento emociones audio\RavdessTessSavee\datos_crudos\Savee\ALL\KL_sa10.wav,SAVEE,KL,sad,sa,KL_sa10,KL_sa10.wav,valid
C:\Users\34722\OneDrive\Escritorio\TFG\Reconocimiento emociones audio\RavdessTessSavee\datos_crudos\Savee\ALL\KL_sa11.wav,SAVEE,KL,sad,sa,KL_sa11,KL_sa11.wav,test
C:\Users\34722\OneDrive\Escritorio\TFG\Reconocimiento emociones audio\RavdessTessSavee\datos_crudos\Savee\ALL\KL_sa12.wav,SAVEE,KL,sad,sa,KL_sa12,KL_sa12.wav,valid
C:\Users\34722\OneDrive\Escritorio\TFG\Reconocimiento emociones audio\RavdessTessSavee\datos_crudos\Savee\ALL\KL_sa13.wav,SAVEE,KL,sad,sa,KL_sa13,KL_sa13.wav,train
C:\Users\34722\OneDrive\Escritorio\TFG\Reconocimiento emociones audio\RavdessTessSavee\datos_crudos\Savee\ALL\KL_sa14.wav,SAVEE,KL,sad,sa,KL_sa14,KL_sa14.wav,train
C:\Users\34722\OneDrive\Escritorio\TFG\Reconocimiento emociones audio\RavdessTessSavee\datos_crudos\Savee\ALL\KL_sa15.wav,SAVEE,KL,sad,sa,KL_sa15,KL_sa15.wav,train
